match_id,season,date,team1_id,team2_id,stadium_id,toss_winner,toss_decision,winner,win_by_runs,win_by_wickets,first_innings_score,second_innings_score,player_of_match,umpire1,umpire2,weather,pitch_condition,attendance
1,2018,2018-05-04,6,10,15,6,Bat,10,0,0,150,150,Nicholas Lopez,Jill Roach,Allison Ochoa,Cloudy,Fresh,10849
2,2018,2018-04-04,4,5,16,4,Bat,4,10,0,177,167,Tara Anderson,Diana Smith,Sandra Zuniga,Rainy,Fresh,30944
3,2020,2020-05-29,5,10,6,5,Field,5,0,2,144,128,April West,Eric Medina,Bailey Roberts,Rainy,Fresh,33651
4,2015,2015-05-12,2,8,15,8,Bat,2,0,0,186,186,Monica Combs,Christopher Hill,Ronald Holland,Clear,Fresh,26977
5,2013,2013-04-22,6,9,10,6,Field,6,0,9,209,128,Jody Benjamin,Seth Schwartz,Johnny Lozano,Clear,Used,30210
6,2022,2022-04-03,10,6,19,10,Bat,10,6,0,202,196,Daniel Reyes,Mr. Tristan Thompson Jr.,Erik Collins,Humid,Used,19373
7,2022,2022-04-25,9,5,10,5,Bat,5,39,0,178,139,Jack Kelly,Christopher Arellano,Stephanie Johnson,Clear,Used,67619
8,2015,2015-04-05,6,10,13,6,Field,6,0,6,185,149,Tony Rose,Richard King,Samuel Stevens,Humid,Dusty,26247
9,2011,2011-05-30,2,1,10,1,Field,2,0,0,140,140,William Ramirez,Donald Perez,Emily Lawson,Cloudy,Used,75308
10,2019,2019-05-28,1,2,13,2,Bat,1,0,0,176,176,James Greer,Michele Christensen,Anthony Montoya,Clear,Worn,42433
11,2023,2023-05-02,8,5,18,8,Bat,5,0,0,136,136,Rodney Hall,Tina Alvarez,John Gregory,Rainy,Worn,10741
12,2009,2009-05-25,10,9,7,9,Field,10,0,0,161,161,Chase Carpenter,Priscilla Cochran,Gary Walker,Humid,Fresh,12108
13,2017,2017-04-02,9,1,2,9,Bat,1,0,0,173,173,Timothy Smith,Dominic Burns,Melissa Foster,Cloudy,Used,31493
14,2015,2015-05-24,3,7,20,7,Field,7,0,5,217,192,Rebekah Lee,Courtney Rodriguez,Ronald Vargas,Humid,Worn,13591
15,2021,2021-05-04,5,1,20,1,Field,5,0,0,175,175,Kenneth Orr,Bruce Lee,Amber Webb,Cloudy,Dusty,14842
16,2015,2015-04-14,7,3,14,7,Field,3,0,0,220,220,Tiffany Kaiser,Maria Banks,Jeremiah Lawson,Cloudy,Used,46758
17,2015,2015-04-15,3,8,18,8,Field,8,0,8,207,135,Robert Campos,Thomas Gilmore,Eric Franklin,Humid,Used,14876
18,2015,2015-05-12,8,6,18,6,Field,8,0,0,196,196,Jeffrey Thomas,Jennifer Yoder,Michael Marsh,Rainy,Worn,22665
19,2020,2020-04-30,5,9,9,5,Bat,5,32,0,126,94,Crystal Cross,Belinda Sullivan,Greg Bowman,Cloudy,Used,11720
20,2011,2011-05-02,1,9,6,9,Field,9,0,4,234,194,Tyler Davis,John Martin,Ms. Terri Saunders,Humid,Fresh,69502
21,2010,2010-04-03,10,4,18,10,Bat,4,0,0,122,122,Tina Brown,Joseph Henry,Crystal Schaefer,Rainy,Used,22271
22,2019,2019-04-30,3,9,15,9,Bat,3,0,0,132,132,Brandon Hicks,Jeffrey Perez,Kenneth Gray,Humid,Used,10461
23,2023,2023-05-17,4,3,20,3,Field,3,0,2,185,173,Douglas Roy,Timothy Long,Richard Tyler,Cloudy,Used,25645
24,2008,2008-05-26,5,7,8,7,Field,7,0,5,225,200,Betty Hawkins,Tina Freeman,Adam Williams,Humid,Worn,40972
25,2017,2017-05-05,9,5,4,5,Field,9,0,0,128,128,Kimberly Cardenas,Patricia Pierce,James Davis,Cloudy,Dusty,59003
26,2020,2020-04-21,4,10,20,4,Field,10,0,0,149,149,Alexander Mcconnell,Gary Terrell,Matthew Mcdaniel,Clear,Used,27585
27,2021,2021-04-30,8,2,17,2,Bat,2,17,0,185,168,James Hartman,Peter Davis,Nicole Miller,Rainy,Fresh,46621
28,2023,2023-05-04,5,1,13,1,Bat,5,0,0,158,158,Melissa Vasquez,Craig Ramsey,Danny Jacobs,Rainy,Worn,55900
29,2020,2020-05-21,1,2,16,1,Field,2,0,0,128,128,Edward Ramos,Amy Drake,Angela Huff,Humid,Dusty,39395
30,2020,2020-05-05,3,6,4,3,Field,3,0,4,156,120,Ruben Edwards,Courtney Gardner,Brandi Chen,Rainy,Dusty,44860
31,2013,2013-05-26,4,8,12,4,Field,4,0,2,163,141,Ryan Cameron,Gary Walton,Jill Hunter,Clear,Used,16752
32,2018,2018-04-06,10,1,8,10,Field,1,0,0,154,154,Andrew White,Steven Flores,Steven Conrad,Clear,Used,76046
33,2015,2015-05-27,10,6,8,6,Bat,10,0,0,151,151,James Carson,Carol Marsh,William Russell,Clear,Used,65994
34,2019,2019-05-14,1,6,13,6,Field,6,0,3,165,144,Hannah Greene,Amanda Brown,Betty Houston,Rainy,Used,65662
35,2013,2013-04-21,5,3,15,5,Field,3,0,0,184,184,Andrew Melton,Eric Johnson,Marcia Macias,Rainy,Used,18355
36,2018,2018-05-03,6,2,18,6,Bat,2,0,0,171,171,Gina Graham,Breanna Smith,Melissa Green,Clear,Used,23183
37,2023,2023-04-23,9,4,16,9,Field,4,0,0,126,126,Amanda Martinez,Melissa Graham,Stephen Barton,Clear,Dusty,25898
38,2016,2016-04-22,5,10,12,10,Field,5,0,0,202,202,Noah Moore,Mary Santana,Robert Harris,Cloudy,Worn,20253
39,2009,2009-04-10,10,4,5,10,Field,4,0,0,129,129,James Mays,Travis Barber,Tanner Mccullough,Humid,Used,22446
40,2019,2019-04-02,8,3,12,8,Bat,3,0,0,154,154,Ryan Jones,Bradley Walker,Joseph Ramirez,Clear,Fresh,40971
41,2009,2009-05-03,1,7,5,1,Bat,1,2,0,147,145,Bryan Barnes,Steven Knight,Sara Miller,Rainy,Worn,11980
42,2008,2008-05-25,9,10,14,9,Bat,10,0,0,166,166,Shannon Garcia,Samantha Hudson,Eric Johnson,Rainy,Used,17013
43,2010,2010-05-30,9,3,8,9,Field,3,0,0,170,170,Samantha Washington,Aaron Hatfield,Nicole Joseph,Clear,Worn,63218
44,2013,2013-04-25,5,2,2,5,Field,2,0,0,163,163,Kristen Turner,Lindsey Leach,Lisa Moreno,Clear,Fresh,21231
45,2010,2010-05-22,9,1,8,9,Field,1,0,0,122,122,Ashley Dickson,David Patel,Jamie Wright,Clear,Used,51220
46,2021,2021-05-31,3,7,3,7,Bat,3,0,0,205,205,Gregory Morgan DDS,John Nash,Randy Delgado,Humid,Dusty,34759
47,2011,2011-05-22,2,9,12,2,Bat,9,0,0,124,124,Anna Morrison,Kayla Porter,Jeremy Mullen,Rainy,Worn,10970
48,2014,2014-05-19,8,10,8,10,Field,10,0,3,237,204,Christina Larson,Cynthia Campbell,Amy Stewart,Clear,Worn,42302
49,2014,2014-04-05,3,7,5,7,Field,7,0,2,138,120,Tara Hood MD,Amy Booth,Curtis Long,Rainy,Worn,18839
50,2018,2018-04-25,9,10,17,10,Bat,9,0,0,142,142,Tyler Fields,Dawn Lopez,Allen Santana,Humid,Dusty,10808
51,2011,2011-05-13,5,10,9,10,Bat,5,0,0,147,147,Cynthia Smith,Melissa Hurley,Patrick Martinez,Rainy,Worn,25867
52,2016,2016-05-07,5,4,16,5,Field,5,0,3,153,120,Derek Fischer,Raymond Erickson,Douglas Nelson,Humid,Dusty,31596
53,2011,2011-04-21,5,6,20,5,Field,6,0,0,145,145,Lawrence Allen,Erin Nguyen,Douglas Lawrence,Humid,Dusty,17943
54,2012,2012-04-13,9,1,15,9,Field,1,0,0,172,172,Garrett Ford,Jesus Briggs,Victoria Frey,Rainy,Used,30753
55,2018,2018-04-27,10,8,19,8,Field,10,0,0,170,170,Brian Moon,John Summers,Brandy Edwards,Clear,Used,20774
56,2021,2021-04-08,10,4,15,4,Field,4,0,9,187,142,Ashley Lane,Jose Ayala,Christina Bolton,Rainy,Fresh,19680
57,2018,2018-05-25,6,2,10,6,Bat,6,44,0,202,158,Linda Hill,Kevin Lucas,Samantha Mclaughlin,Cloudy,Used,32865
58,2017,2017-05-02,3,10,14,10,Bat,3,0,0,174,174,Karen Davis,George Dominguez,David Estes,Rainy,Fresh,24076
59,2020,2020-04-16,3,6,11,3,Field,3,0,5,280,220,Daniel Torres,Roger Kelly,Alicia Lopez,Humid,Dusty,35725
60,2021,2021-05-31,2,6,12,6,Bat,6,79,0,195,116,Lisa Bennett,Jason Williams,Savannah Henderson,Cloudy,Worn,13862
61,2012,2012-05-09,6,3,17,3,Field,6,0,0,177,177,Jonathan Johnson,David Jensen,Deborah Green,Cloudy,Dusty,51648
62,2020,2020-04-20,3,9,6,9,Field,3,0,0,140,140,Ronald Smith,Grace Gonzalez,Jesse Hunter,Clear,Worn,72379
63,2011,2011-04-24,4,7,18,7,Field,7,0,7,282,198,Michelle Kelly,Elizabeth Bryant,Margaret Smith,Cloudy,Fresh,19263
64,2014,2014-05-31,4,9,10,4,Field,9,0,0,182,182,Joseph Figueroa,Brianna Miller,Susan Clark,Clear,Worn,58085
65,2020,2020-05-28,1,8,18,1,Field,1,0,4,195,175,Donald Reid,Michael Sanchez,Gregory Valenzuela,Rainy,Worn,15711
66,2011,2011-05-16,4,10,2,10,Field,4,0,0,166,166,Cody Cooley,Yvonne Rodriguez,Shannon Chambers,Humid,Worn,43712
67,2010,2010-05-21,3,7,2,7,Bat,3,0,0,129,129,Steven Jackson,Janet Levine,Jonathan Gibson,Cloudy,Dusty,42077
68,2014,2014-04-11,7,10,15,7,Bat,10,0,0,192,192,Ethan Bailey,Chris Kerr,Antonio Liu,Humid,Dusty,25992
69,2021,2021-04-20,1,2,15,2,Bat,2,28,0,174,146,Christopher Green,Sierra Chavez,Karen Porter,Cloudy,Dusty,18799
70,2009,2009-05-02,1,2,15,1,Bat,1,57,0,178,121,Brandon Herman,Stephanie Mueller,Scott Miller,Rainy,Used,32563
71,2014,2014-05-24,2,6,9,2,Field,2,0,1,179,170,Laura Garcia,Samantha Mcconnell,Keith Tran,Cloudy,Dusty,31478
72,2010,2010-04-18,2,1,7,1,Bat,2,0,0,169,169,Erika Sanchez,Matthew Morris,John Grant Jr.,Clear,Fresh,21396
73,2013,2013-05-20,7,2,4,7,Field,2,0,0,128,128,Jeff Kerr,Carla Horton,Caitlin Hood,Cloudy,Used,14483
74,2022,2022-05-03,3,7,20,7,Bat,3,0,0,128,128,Paul Washington,Shawn Avila,Thomas Martinez,Rainy,Worn,24070
75,2015,2015-04-21,3,4,9,3,Bat,4,0,0,180,180,Kristina Hall,Brian Pearson,Nicole Morris,Cloudy,Used,34505
76,2019,2019-05-08,7,2,8,2,Bat,7,0,0,185,185,Julie Martin,Jean Mann,Gregory Colon,Cloudy,Dusty,65163
77,2022,2022-05-07,9,7,14,7,Bat,9,0,0,125,125,Jenna Howard,Alejandro Kim,Thomas Stevens,Clear,Used,20182
78,2020,2020-04-12,6,7,19,6,Field,7,0,0,188,188,Manuel Nichols,William Reeves,Christopher Andrade,Cloudy,Fresh,17118
79,2011,2011-04-30,1,3,16,3,Field,1,0,0,135,135,Jane Miles,Charles Dougherty,Marvin Anderson,Clear,Fresh,31955
80,2014,2014-05-08,9,2,9,9,Field,2,0,0,168,168,Robert Howard,Jeremy Wong,Christine Dunlap,Rainy,Used,22048
81,2023,2023-05-15,2,4,17,2,Bat,2,32,0,125,93,Brandon Gibbs,Thomas Perez,Tiffany Gutierrez,Humid,Dusty,19835
82,2012,2012-04-06,1,9,14,1,Field,1,0,7,255,192,Joel Phillips,Diane Roberts,Brandon Green,Clear,Worn,17825
83,2023,2023-05-08,1,3,8,1,Field,1,0,8,241,169,Stephanie Hawkins,David Smith,Cassie Brennan,Humid,Fresh,69866
84,2019,2019-04-25,4,9,8,4,Bat,9,0,0,127,127,Peter Larsen,Jeffrey Foster,Matthew Welch,Clear,Worn,10191
85,2019,2019-04-14,1,3,9,1,Bat,1,67,0,172,105,Joseph Myers,Dawn Young MD,Jerry Dickerson,Humid,Dusty,34507
86,2021,2021-04-10,2,9,5,9,Bat,2,0,0,177,177,Maxwell Martin,Robin Anderson,Andrew Porter,Cloudy,Worn,18552
87,2015,2015-04-25,7,6,11,6,Field,7,0,0,126,126,Amy Reed,Emily Mejia,Paul Mullen,Clear,Used,16924
88,2018,2018-05-01,8,6,14,8,Field,8,0,8,221,149,Margaret Rasmussen,Thomas White,Jessica Smith,Clear,Fresh,20329
89,2010,2010-04-18,4,6,13,4,Field,6,0,0,121,121,Brittany Smith,Johnny Santos,Tiffany Garcia,Rainy,Used,16207
90,2011,2011-05-21,2,1,2,2,Bat,2,52,0,167,115,Maria Cox,Bruce Curry MD,Sonya Johnston,Clear,Worn,14914
91,2010,2010-04-24,6,2,2,2,Bat,6,0,0,180,180,Curtis Taylor,Roger Lyons,Ethan Robles,Rainy,Fresh,35082
92,2018,2018-04-02,3,1,20,3,Field,1,0,0,188,188,Tina Wong,Robin Bennett,Rachel Ali,Clear,Fresh,19167
93,2011,2011-04-30,7,4,17,7,Bat,4,0,0,202,202,Jon Mack,James Collins,Candice White,Rainy,Worn,47070
94,2014,2014-04-25,3,1,11,3,Bat,1,0,0,145,145,Grant Smith,Patricia Jones,Charlotte Wilson,Humid,Used,20461
95,2015,2015-05-20,6,1,12,6,Bat,1,0,0,168,168,Cameron Hernandez,James Anderson,Kimberly Dougherty,Rainy,Fresh,12957
96,2008,2008-04-06,6,4,5,4,Bat,4,8,0,122,114,Jean Bonilla,Carlos Mccoy,Anthony Jackson,Cloudy,Fresh,27245
97,2021,2021-05-23,2,6,10,6,Bat,2,0,0,200,200,Mason Clark,Stephanie Garcia,Brandy Evans,Humid,Used,56769
98,2013,2013-04-03,10,3,13,3,Field,10,0,0,120,120,Sabrina Rodriguez,Shane Morris,Nicole Fernandez,Clear,Used,49478
99,2015,2015-05-21,10,4,19,10,Field,10,0,6,227,179,Tim Donaldson,Joshua Casey,Jordan Moore,Humid,Worn,12750
100,2023,2023-04-11,6,8,1,8,Bat,6,0,0,172,172,Victoria Ingram,John Jackson,Jordan Kirby,Humid,Fresh,10083
101,2009,2009-04-30,7,8,14,7,Field,8,0,0,150,150,Anne Mckay,Erin Hammond,James Williams,Clear,Dusty,47883
102,2013,2013-04-22,3,8,3,3,Field,3,0,6,162,126,Tara Johnson,Robert Robinson,Jamie Weaver,Humid,Used,22303
103,2010,2010-05-03,6,8,1,8,Bat,8,21,0,126,105,Jennifer Nguyen,William Price,Dr. Larry Nguyen,Humid,Used,22450
104,2020,2020-05-12,5,10,10,5,Bat,5,51,0,193,142,Jessica Schultz,Gabrielle Burke,Patricia Steele,Rainy,Used,17144
105,2016,2016-05-04,1,7,3,7,Field,1,0,0,121,121,Lisa Bailey,Emily Spencer,Meredith Larson,Cloudy,Worn,12684
106,2010,2010-04-17,9,7,6,7,Field,7,0,3,166,139,Dr. Deborah Lewis MD,Meghan Torres,Jacob Watson,Rainy,Dusty,27262
107,2013,2013-04-28,5,1,5,5,Bat,1,0,0,175,175,Cynthia Carroll,Kara Wise,Lucas Jones,Clear,Dusty,27123
108,2020,2020-04-04,8,4,16,4,Bat,4,92,0,124,32,Kathleen Parrish,Hayden Johnson,Hannah Ward,Cloudy,Fresh,39428
109,2022,2022-04-26,3,5,11,3,Bat,5,0,0,176,176,Christopher Kelly,Gary Mcdonald,Roy Hester,Humid,Dusty,10810
110,2021,2021-04-26,2,10,19,2,Field,10,0,0,148,148,Lawrence Cruz,Corey Carter,Jordan Smith,Rainy,Dusty,10613
111,2017,2017-04-15,3,7,2,7,Field,3,0,0,143,143,Bryan Mosley,Kelly Thomas,Katie Hunter,Humid,Worn,11325
112,2019,2019-04-11,2,4,5,4,Field,4,0,5,229,199,Brittney Contreras,Linda Richards,David Carpenter,Cloudy,Dusty,16926
113,2017,2017-05-19,8,9,12,8,Bat,8,40,0,210,170,Debra Saunders,Matthew Brown,Johnny Patel,Rainy,Used,35575
114,2009,2009-05-20,6,4,9,4,Field,4,0,2,184,168,Shane Shaw,Destiny Gonzales,William Hernandez,Humid,Dusty,29465
115,2018,2018-04-03,3,8,19,8,Field,3,0,0,167,167,Christina Walker,Adriana Keller,Robin Curry,Humid,Fresh,16333
116,2009,2009-05-12,3,4,8,3,Bat,4,0,0,189,189,Charles Cline,Marilyn Young,Jacqueline Bailey,Clear,Dusty,27342
117,2013,2013-04-08,5,10,9,10,Field,10,0,8,229,133,Michael Padilla,Tina Miller,Mary Ward,Humid,Dusty,29152
118,2008,2008-05-31,9,6,18,6,Field,9,0,0,145,145,Emily Cook DVM,Vincent Blake,Brian Cardenas,Humid,Worn,24114
119,2017,2017-04-24,6,3,1,3,Field,3,0,7,190,155,Joseph Stein,Mark Campbell,Tina Hogan,Cloudy,Worn,24572
120,2023,2023-04-26,6,9,10,6,Bat,9,0,0,150,150,Paul Brown,Melissa Garcia,Robert Stewart,Humid,Used,53992
121,2010,2010-04-02,4,6,8,6,Field,6,0,6,211,157,Sarah Martinez,Mary Sharp,Traci Rowe,Rainy,Fresh,71674
122,2021,2021-05-03,10,2,16,10,Bat,2,0,0,166,166,Melinda Robinson,Amy Ramirez,Tracey Sullivan,Clear,Used,19002
123,2015,2015-05-06,3,2,16,2,Bat,2,82,0,127,45,Donna Hudson,Rebecca Jordan,Nicole Wells,Rainy,Worn,23722
124,2017,2017-04-18,7,8,13,7,Bat,7,94,0,167,73,Joel Gray,Theresa Smith,Rachel Mann,Clear,Worn,59600
125,2008,2008-05-04,4,10,12,10,Bat,4,0,0,161,161,Tracy Gilbert,Jacob Miller,Raymond Chapman,Cloudy,Fresh,36995
126,2009,2009-04-10,5,10,15,10,Field,5,0,0,180,180,Joseph Larson,Jessica Price,Jonathan Rivera,Humid,Used,15402
127,2017,2017-04-18,1,4,8,1,Bat,1,76,0,184,108,Tammy Hartman,Matthew Skinner,Nicholas Ballard,Clear,Worn,14897
128,2009,2009-05-04,10,1,4,10,Bat,10,54,0,176,122,Christopher Taylor,Zachary Joseph,Miss Ashley Mcgee MD,Clear,Worn,41090
129,2022,2022-05-21,1,5,14,1,Field,1,0,7,194,152,Kathryn Greene,Richard Mendez,Terri Kelly,Humid,Fresh,16964
130,2019,2019-05-31,4,10,9,4,Field,10,0,0,130,130,Samuel Schmidt,Kathryn Washington,Amanda Wells,Rainy,Used,32551
131,2008,2008-04-23,1,2,4,2,Bat,1,0,0,211,211,Patricia Mccall,Amanda Fowler,Kaitlyn Waters,Clear,Worn,52227
132,2009,2009-05-16,2,3,2,3,Field,3,0,7,223,181,Cassandra Mcclure,Cassie Figueroa,Jason Wheeler,Clear,Fresh,19069
133,2016,2016-04-07,8,5,3,5,Field,8,0,0,145,145,Jacob Ross,Christina Parker,Pamela Williamson,Rainy,Worn,22639
134,2012,2012-04-24,10,7,12,10,Bat,7,0,0,149,149,James Wheeler,Erin Buchanan,Christian Anderson,Rainy,Fresh,12075
135,2015,2015-04-19,1,9,19,1,Field,1,0,7,266,210,Mr. Ricky Long,Martin Pennington,Juan Black,Rainy,Worn,20874
136,2019,2019-05-15,3,2,16,2,Bat,2,36,0,126,90,Pamela Pollard,Paul Rice DDS,Lindsey Washington,Cloudy,Dusty,36429
137,2018,2018-04-19,2,8,15,8,Bat,8,96,0,203,107,Diana Carpenter,Thomas Sullivan,David Washington,Clear,Dusty,23511
138,2008,2008-04-02,2,5,17,2,Field,5,0,0,178,178,Joshua Franklin,Tanya Knox,James Shaw,Cloudy,Dusty,31756
139,2016,2016-05-25,8,2,4,8,Bat,2,0,0,178,178,Adam Richardson,David Stewart,James Brown,Humid,Fresh,13000
140,2019,2019-04-17,3,7,4,7,Bat,3,0,0,145,145,Charles Lowe,Mary Espinoza,Miguel Lucas,Rainy,Used,56975
141,2009,2009-04-16,10,2,15,2,Bat,2,1,0,187,186,Karen Morton,Elizabeth Thompson,Angel Miller,Clear,Dusty,37486
142,2021,2021-05-16,8,9,6,8,Bat,8,50,0,204,154,Joseph Chung,Calvin Ward,Christopher Richardson,Humid,Dusty,37437
143,2014,2014-05-21,7,6,10,6,Bat,7,0,0,170,170,Harold Smith,William Robinson,Diana Collins,Humid,Used,36330
144,2022,2022-04-01,5,6,5,5,Field,5,0,6,247,181,Brian Poole II,Brittany Miller,Kevin Gonzalez,Humid,Dusty,10418
145,2023,2023-04-13,1,4,9,1,Field,4,0,0,123,123,Eric Moore,Anthony Browning,Jeffrey Butler,Cloudy,Fresh,21753
146,2018,2018-05-26,2,9,8,9,Bat,9,89,0,205,116,Ashlee Williams,Rebecca Burns,John Barrera,Rainy,Dusty,64600
147,2015,2015-04-06,9,1,1,1,Bat,1,29,0,201,172,Courtney Murphy,Lori George,Adam Morgan,Humid,Used,22681
148,2018,2018-04-25,3,2,6,3,Bat,2,0,0,133,133,Jennifer Torres,Taylor Schmidt,Jermaine Brown,Humid,Used,20546
149,2021,2021-05-07,5,1,11,1,Bat,5,0,0,140,140,Cynthia Berry,Eric Parks,Corey Taylor,Humid,Dusty,47530
150,2016,2016-04-12,2,6,17,2,Bat,2,65,0,140,75,Brian Young,Kimberly Collins,Melissa Cooper,Rainy,Fresh,32898
151,2016,2016-05-04,5,4,20,4,Bat,5,0,0,187,187,Angela Holland,Tara Castillo,Robert Brown,Cloudy,Used,11306
152,2020,2020-05-13,5,1,17,1,Field,1,0,1,185,177,Adrian Ryan,Christina Hernandez,Evan Barnett,Humid,Fresh,16288
153,2020,2020-04-25,9,1,3,9,Bat,1,0,0,133,133,Kelsey Sutton,Jeffrey Armstrong,Philip Sutton,Clear,Used,10778
154,2013,2013-05-09,5,7,13,7,Field,7,0,6,168,132,Jacob Evans DVM,Brian Howell,Donna Lee,Clear,Fresh,59542
155,2021,2021-05-20,1,2,12,1,Field,2,0,0,162,162,Jeffrey Orozco,Stephanie Chase,Ralph Roberson,Rainy,Dusty,22947
156,2011,2011-04-23,7,9,10,7,Field,9,0,0,137,137,Melinda Glenn,Michael Warren,Daniel Henry,Clear,Fresh,10659
157,2020,2020-04-18,9,2,10,9,Field,9,0,7,265,216,Thomas Cooke,Mallory Smith,Julie Martinez,Cloudy,Used,38939
158,2012,2012-04-25,10,1,18,1,Bat,1,86,0,128,42,Kevin Hester,Sarah Vasquez,Teresa Powell,Clear,Used,21888
159,2021,2021-04-09,8,6,12,8,Bat,8,37,0,199,162,Robert Harris,James Steele,Dawn Harris,Cloudy,Worn,25920
160,2018,2018-05-10,6,5,19,6,Field,5,0,0,144,144,Daniel Hernandez,Brandon Smith,Sydney Jimenez,Humid,Used,13629
161,2016,2016-04-23,3,6,16,6,Field,6,0,5,207,177,James Fuentes,Brian Robertson,Taylor Zimmerman,Cloudy,Fresh,28390
162,2011,2011-05-22,9,4,9,9,Bat,9,65,0,200,135,Erica Conrad,Katherine Martinez,Brenda Smith,Rainy,Used,11201
163,2020,2020-05-09,8,3,12,3,Bat,3,18,0,179,161,Deborah Smith,Michele Blanchard,Jeffrey Luna,Clear,Dusty,21923
164,2011,2011-05-25,8,3,6,8,Field,3,0,0,127,127,Tonya Caldwell,Dr. Christopher Oconnor,Tom Harvey,Cloudy,Fresh,27324
165,2016,2016-05-08,7,8,15,7,Bat,8,0,0,153,153,Cynthia Morgan,Katrina Henderson,Rhonda Johnson,Humid,Used,22342
166,2017,2017-05-08,6,10,16,10,Bat,6,0,0,146,146,Jeffrey Adams,Alexis Brown DDS,David Johnson,Clear,Worn,23861
167,2016,2016-05-16,10,2,8,2,Field,10,0,0,184,184,Teresa Zuniga,Heather Thornton,Luis Dennis,Rainy,Used,31134
168,2011,2011-04-09,9,1,19,9,Bat,9,34,0,143,109,Michael Graves,Shannon Robinson,Matthew Romero,Rainy,Fresh,21789
169,2018,2018-04-28,10,8,16,10,Bat,8,0,0,165,165,Tamara Holt,Mackenzie Shannon,Michael Miller,Humid,Used,32457
170,2013,2013-05-27,7,10,5,7,Bat,7,67,0,184,117,Joshua Young,Crystal Nelson,Mary Brown,Rainy,Used,13155
171,2010,2010-05-04,8,3,20,8,Field,3,0,0,182,182,Leslie Sloan,Brian Oliver,Bruce Orozco,Rainy,Used,25798
172,2011,2011-04-02,5,8,8,5,Field,8,0,0,132,132,Jason Ryan,Jacqueline Austin,Gabrielle Jordan,Clear,Fresh,10942
173,2015,2015-05-02,7,6,4,7,Field,6,0,0,154,154,Jonathan Wagner,Kayla Brown,Morgan Golden,Humid,Worn,54604
174,2012,2012-04-04,6,9,18,9,Field,9,0,6,246,204,Elizabeth Fowler,Joshua Weber,Paul Nelson,Clear,Used,17317
175,2008,2008-05-14,2,3,16,3,Bat,2,0,0,134,134,Michelle Phillips,Joseph Flores,Kyle Patterson,Clear,Fresh,35187
176,2019,2019-05-03,8,1,7,1,Bat,8,0,0,218,218,Elizabeth Parker,Peter Stevenson,Matthew Morales,Cloudy,Fresh,15893
177,2008,2008-04-03,3,2,9,2,Field,2,0,7,202,167,Rachel Mitchell,Debra Miller,Taylor Merritt,Clear,Fresh,28009
178,2021,2021-04-28,6,10,9,6,Bat,10,0,0,167,167,Derrick Garcia,Cory Cunningham,Eric Johnson,Humid,Used,23340
179,2020,2020-04-24,10,5,15,5,Field,10,0,0,197,197,Tracy Santiago MD,Andrea White,Katherine Taylor,Rainy,Fresh,25793
180,2013,2013-05-28,6,7,12,6,Field,6,0,5,195,145,Justin Rodriguez,Anthony Lyons,Crystal Gallagher,Clear,Used,25615
181,2015,2015-04-16,6,4,19,4,Bat,6,0,0,190,190,Richard Cooper,Michael Gray,Zachary Sanchez,Cloudy,Used,14348
182,2013,2013-05-22,4,10,20,10,Bat,4,0,0,125,125,Morgan Kane,Kevin Vasquez,Catherine Martinez,Clear,Fresh,25803
183,2015,2015-04-28,8,5,16,8,Field,5,0,0,168,168,Richard Butler,Kari Smith,Daniel Beard,Clear,Dusty,41347
184,2020,2020-05-17,1,9,12,9,Bat,9,16,0,209,193,Jose Brown,Mallory Wilson,Deborah Williams,Rainy,Worn,32584
185,2023,2023-05-15,4,7,19,4,Field,7,0,0,213,213,Ricky Adams,Jane Farmer,Elizabeth Soto,Cloudy,Worn,13885
186,2014,2014-04-16,8,6,12,8,Field,6,0,0,146,146,Alyssa Lewis,Colleen Barr,Chelsea Rivera,Humid,Dusty,19162
187,2018,2018-05-11,3,10,19,3,Bat,10,0,0,155,155,Christine French,Don Tucker,Parker Hansen,Rainy,Used,12389
188,2011,2011-04-07,9,10,11,10,Field,10,0,9,254,155,James Wilkins,Jose Stewart,Blake Morris,Clear,Used,13934
189,2022,2022-05-17,2,8,11,8,Field,8,0,9,291,210,William Brown,John Salazar,Jason Coleman,Humid,Fresh,36985
190,2020,2020-04-28,3,5,12,5,Field,5,0,2,185,167,Douglas Smith,Jonathan Ford,Jared Smith,Rainy,Used,38451
191,2022,2022-05-29,10,7,3,10,Bat,7,0,0,140,140,Philip Williams,Amy Williams,Melissa Rose,Humid,Worn,29837
192,2014,2014-05-02,8,6,19,6,Field,8,0,0,121,121,Sandra White,Mary Tucker,Kimberly Wallace,Cloudy,Worn,21480
193,2010,2010-05-23,2,8,18,2,Bat,8,0,0,195,195,Brandon Kelly,Brittany Edwards,Sandra Goodman,Clear,Worn,20126
194,2013,2013-05-23,4,5,15,4,Bat,4,4,0,124,120,George Cooper,Joann Oneal,Jamie Stewart,Humid,Worn,38319
195,2020,2020-05-16,5,9,15,5,Bat,9,0,0,207,207,Evan Sutton,Andrew Bailey,Sara Carpenter,Humid,Worn,25782
196,2020,2020-05-08,4,2,15,2,Field,2,0,5,164,139,Mr. Robert Miles,Peter Mcmillan,Pamela Johnson,Clear,Used,21268
197,2020,2020-04-01,1,8,16,8,Bat,8,38,0,196,158,Jeffrey Drake,Robert Allen,Christopher Murphy,Clear,Worn,22358
198,2022,2022-04-10,4,9,20,9,Field,9,0,7,173,124,Jesse Reeves,Virginia Collins,Morgan Dixon,Cloudy,Worn,13616
199,2018,2018-05-28,5,8,7,8,Bat,5,0,0,137,137,Robert Walker,Scott Doyle,Heather Woods,Cloudy,Fresh,14622
200,2014,2014-04-15,3,8,1,3,Bat,3,2,0,183,181,Jeremy Dunlap,Susan Thornton,Megan Francis,Humid,Dusty,30419
201,2012,2012-04-27,4,5,13,4,Bat,4,50,0,218,168,Gary Alvarado,Cassandra Watson,Natalie Ford,Cloudy,Fresh,23053
202,2010,2010-05-10,9,4,16,4,Field,4,0,3,221,206,Jessica Pineda,Christopher Bailey,Joseph Christensen,Clear,Worn,41537
203,2016,2016-05-01,1,4,4,1,Field,4,0,0,125,125,Tracey Walton,Courtney Johnson,Matthew Shaw,Clear,Dusty,61717
204,2021,2021-04-13,8,3,12,8,Bat,8,64,0,131,67,Brent Carter,Seth Molina,Matthew Ramos,Clear,Fresh,21649
205,2020,2020-04-11,2,3,16,2,Field,3,0,0,182,182,Peter Fuentes,Laura Wilson,Dale Gibson,Clear,Dusty,33472
206,2011,2011-04-09,5,1,16,1,Field,1,0,4,203,163,Maria Kemp,Ruth Gray,Shannon Leon,Humid,Dusty,28043
207,2018,2018-04-30,5,10,18,10,Field,5,0,0,219,219,Alexa Garrett,Sarah Lopez,April Ramirez,Cloudy,Fresh,20153
208,2016,2016-05-31,10,4,11,10,Field,10,0,9,261,198,Kevin Lang,Anthony Owens,Brandon Maddox,Humid,Worn,36856
209,2010,2010-05-29,9,2,2,9,Bat,9,26,0,133,107,Fred Webster,Erica Hart,Emily Simmons,Cloudy,Fresh,12085
210,2009,2009-05-08,6,4,20,6,Bat,6,84,0,182,98,Angela Guerrero,Melissa Brown,Ms. Janet Lawson DVM,Clear,Dusty,11989
211,2016,2016-05-05,9,7,12,9,Field,9,0,2,140,124,Andrew Martin,Sarah Massey,Mark Nguyen,Clear,Fresh,33762
212,2022,2022-04-10,3,9,18,9,Bat,9,87,0,178,91,Benjamin Kent,Johnny Wright,Renee Mendoza,Rainy,Fresh,12733
213,2012,2012-04-17,9,7,17,7,Bat,7,46,0,160,114,Angela Garcia,Cheryl Morris,Joshua Horton,Humid,Worn,37023
214,2016,2016-04-28,8,10,13,8,Bat,10,0,0,157,157,Martha Scott,Amanda Santos,Erin Murray,Humid,Fresh,29682
215,2015,2015-04-24,1,5,18,1,Bat,1,59,0,165,106,George Walker,Zachary Martinez,Vincent Davis,Cloudy,Worn,16014
216,2021,2021-04-22,4,10,9,10,Bat,10,73,0,147,74,Cynthia Cooper,Andrea Duarte MD,Jill Coleman,Clear,Worn,35981
217,2010,2010-05-22,10,5,2,5,Bat,10,0,0,199,199,Tiffany Richardson,Lisa Glover,Lynn Gray,Rainy,Dusty,17899
218,2013,2013-05-02,10,1,13,10,Field,10,0,6,227,185,Robin Morales,Becky Cochran,Lisa Bennett,Humid,Used,20039
219,2009,2009-05-19,7,8,20,7,Bat,8,0,0,170,170,Elizabeth Gonzalez,Michelle Carter,Patrick Riggs,Cloudy,Used,21015
220,2009,2009-05-09,9,7,9,9,Field,7,0,0,187,187,Jessica Morris,Rose Garrett DDS,Mike Garza,Rainy,Used,25986
221,2010,2010-04-04,2,7,14,7,Field,2,0,0,143,143,Cheryl King,Rachel Butler,Jennifer Payne,Humid,Used,32919
222,2009,2009-04-03,4,10,12,4,Bat,4,95,0,126,31,Keith Boyd,Ms. Shelley Mathis,James Taylor,Cloudy,Worn,10450
223,2018,2018-05-05,8,1,11,8,Bat,8,70,0,186,116,Destiny Evans,Patricia Burgess,Stacy Charles,Humid,Dusty,19263
224,2021,2021-04-28,9,1,9,9,Bat,1,0,0,164,164,Jack Lee,Michael Smith,Kelly Stout,Clear,Dusty,31455
225,2014,2014-05-02,6,2,1,2,Field,6,0,0,160,160,Stephen Mccarthy,Connor Thomas,Gloria Beck,Humid,Dusty,49131
226,2022,2022-04-09,5,4,17,4,Bat,4,50,0,123,73,Thomas Turner,Samantha Torres,Melissa Rios,Humid,Used,19942
227,2011,2011-04-30,2,7,17,2,Field,2,0,3,183,153,Bethany Thomas,John Johnson,Heather Watson,Rainy,Used,23550
228,2011,2011-05-11,10,9,7,10,Field,10,0,7,236,187,Lindsey Flores,Teresa Mayo,John Garcia,Humid,Fresh,19131
229,2012,2012-05-18,6,3,1,3,Field,3,0,5,228,183,Penny Newton,Christine Hall MD,Becky Galvan,Cloudy,Used,16997
230,2012,2012-05-23,1,5,20,1,Bat,1,88,0,123,35,Erin Thompson DVM,Paula Holmes,Holly Cameron,Clear,Dusty,14393
231,2012,2012-05-17,7,8,16,7,Bat,7,29,0,124,95,Chase Powell,Ryan Miller,Jennifer Schneider,Clear,Worn,37069
232,2023,2023-04-22,4,10,3,4,Field,10,0,0,188,188,Maria Lozano,Jennifer Davis,Jeffrey Baker,Cloudy,Dusty,23266
233,2015,2015-04-08,7,9,17,7,Bat,9,0,0,190,190,Michelle Sims,David Alvarez,Joseph Rose,Cloudy,Dusty,58180
234,2022,2022-05-24,1,4,10,4,Field,4,0,5,204,149,Mark Coleman,Joan Herrera,David Roberts,Humid,Fresh,28643
235,2018,2018-05-19,2,9,4,2,Bat,9,0,0,152,152,Stephen Solis,Sherri Davis,Angela Ortiz,Clear,Used,39732
236,2010,2010-04-09,5,6,6,5,Bat,5,91,0,177,86,Mr. Justin Johnson,Laura Barker,Jennifer Calderon,Humid,Fresh,44328
237,2012,2012-04-05,1,7,10,7,Field,7,0,3,152,128,John Sherman,Stephanie Roberts,Melissa Keller,Clear,Worn,11600
238,2019,2019-05-30,8,9,1,9,Bat,8,0,0,197,197,Sharon Davis,Nancy Pittman,Ronald Frye,Rainy,Dusty,38958
239,2008,2008-05-24,4,9,9,4,Bat,4,19,0,127,108,Michele Moore,Jonathan Alvarez,Craig Moon,Humid,Fresh,14763
240,2009,2009-05-07,2,7,6,2,Field,2,0,8,292,212,Charles Russell,Chase Whitaker,Jean Woodward,Clear,Fresh,60365
241,2011,2011-04-08,2,5,11,5,Bat,2,0,0,161,161,Jennifer Munoz,Eric Myers,David Meadows,Clear,Dusty,28821
242,2015,2015-05-07,5,9,19,9,Bat,9,67,0,213,146,Jenny Dyer,Brian Mitchell,David Perry,Rainy,Dusty,12947
243,2008,2008-04-13,2,1,15,2,Bat,1,0,0,134,134,Lisa Drake,Karen Shaffer,Samantha Bryant,Humid,Used,10370
244,2008,2008-05-21,2,6,11,6,Bat,2,0,0,141,141,Jeremiah Roberson,Samantha Carey,Julia Mcdowell,Rainy,Dusty,12330
245,2011,2011-04-18,8,3,15,3,Field,3,0,1,175,165,Dylan Hays,Eric Johnson,Johnny Wheeler,Clear,Used,28920
246,2022,2022-04-20,9,3,19,3,Bat,9,0,0,199,199,Ronald Stevens,Tiffany Anderson,Zachary Lewis,Clear,Worn,16780
247,2019,2019-05-25,4,6,15,6,Bat,6,23,0,134,111,Deborah Travis,Robert Clements,Michelle Jimenez,Clear,Used,39928
248,2010,2010-04-29,8,9,1,9,Bat,8,0,0,182,182,Virginia Foster,Michael Miller,Robert Byrd,Humid,Worn,19390
249,2008,2008-05-04,5,1,20,5,Field,1,0,0,123,123,Kimberly Miles,Sara Nolan,Tyler Chavez,Clear,Worn,16876
250,2015,2015-05-29,8,2,9,8,Bat,2,0,0,120,120,Lindsay Kirk,Michelle Moss,Nathan Chavez,Cloudy,Worn,28001
251,2015,2015-05-24,5,3,10,5,Bat,5,40,0,198,158,Larry Stout,Dustin King,Andrew Richardson DVM,Humid,Dusty,16648
252,2023,2023-05-26,1,2,13,1,Bat,2,0,0,141,141,Kristen Williams,Grace Freeman,Andrea Young,Humid,Worn,31779
253,2023,2023-04-18,9,2,15,9,Bat,2,0,0,149,149,Cheryl Bowman,Ryan Harris,Deborah Alvarez,Rainy,Dusty,17592
254,2013,2013-04-08,3,5,12,5,Bat,5,42,0,178,136,David Bennett,Ryan Rodriguez,Colton Fernandez,Clear,Fresh,25575
255,2017,2017-05-07,2,6,18,2,Field,6,0,0,168,168,Tammy Johnson,Michael Jennings,Mark Smith,Cloudy,Used,18977
256,2023,2023-04-08,2,8,4,8,Field,2,0,0,147,147,Allen Klein,Luke Russell,Ryan Price,Rainy,Fresh,49207
257,2019,2019-05-03,1,2,7,1,Bat,1,85,0,139,54,Rebecca Thompson,Lance Blankenship,Omar Oconnor,Humid,Dusty,20085
258,2018,2018-04-12,4,10,11,10,Field,10,0,6,186,120,Joseph Adams,Brandon Ortiz,Renee Castro,Cloudy,Worn,14090
259,2008,2008-04-07,9,6,4,6,Bat,9,0,0,179,179,Philip Gutierrez,Jennifer Walsh,Dennis Boyer,Humid,Dusty,36609
260,2011,2011-05-15,4,9,13,9,Field,4,0,0,175,175,Joseph Reed,Michelle Hoover,Hector Barr,Cloudy,Fresh,14701
261,2011,2011-04-18,2,3,14,3,Field,2,0,0,170,170,Debra Mejia,Rachael Williams,Michael Guzman,Rainy,Dusty,33285
262,2013,2013-04-24,3,7,20,3,Field,3,0,9,236,146,Elizabeth Simpson,Jacob Marshall,Jared Santiago,Clear,Fresh,25835
263,2021,2021-04-06,8,2,5,2,Field,8,0,0,202,202,Philip Smith,Robert Long,Mark Robertson,Cloudy,Dusty,12558
264,2020,2020-05-05,10,5,20,10,Field,10,0,8,266,170,Megan Baker,Anthony Dawson,Charles Lopez,Humid,Dusty,21564
265,2022,2022-05-13,8,3,19,8,Field,8,0,5,182,147,Scott Alvarado,Edward Gonzalez,Kimberly Duffy,Clear,Worn,14129
266,2018,2018-04-07,6,3,9,6,Field,6,0,9,184,130,Ronald Moreno,Jennifer Fields,Gabrielle Copeland,Cloudy,Used,26251
267,2018,2018-04-25,7,6,17,7,Bat,6,0,0,174,174,Justin Krueger,Christopher Garner,John Reid,Humid,Worn,27503
268,2021,2021-05-08,7,8,8,7,Field,7,0,6,180,150,Jessica Brown,Leslie Thompson DDS,Donald Hardin,Clear,Fresh,63903
269,2018,2018-04-02,6,4,10,4,Bat,6,0,0,139,139,Anthony Rice,James Williams,Lauren Ayers,Clear,Used,25963
270,2012,2012-05-23,2,3,9,3,Field,2,0,0,190,190,Paul Ford,Whitney Rodriguez,Michael Lin,Rainy,Worn,18432
271,2019,2019-04-12,4,7,6,7,Bat,4,0,0,198,198,Benjamin Wheeler,Brenda Christian,Frank Lawson,Cloudy,Fresh,69808
272,2018,2018-04-01,1,8,5,1,Bat,8,0,0,129,129,Sarah Brown MD,Jacob Wilson,Brandon Brown,Rainy,Fresh,26888
273,2019,2019-04-03,8,7,13,8,Bat,8,50,0,208,158,Daniel Quinn,Bruce Clayton,Matthew Ortega,Rainy,Fresh,47174
274,2020,2020-04-03,6,10,10,10,Bat,6,0,0,160,160,Brian Graves II,Deanna Obrien,Johnathan Spencer,Clear,Dusty,48005
275,2022,2022-05-24,6,8,3,8,Bat,6,0,0,126,126,Kristen Baker,Monica Trevino,Tami Curtis DDS,Cloudy,Dusty,22739
276,2020,2020-05-16,5,8,18,8,Bat,5,0,0,126,126,Morgan Beck,Laura Martin,Donald Crawford,Clear,Dusty,11936
277,2020,2020-04-13,3,4,3,3,Bat,4,0,0,164,164,Laura Gilbert,Michele Wilson,Aaron Bryant,Clear,Used,32980
278,2009,2009-05-15,5,2,15,5,Bat,5,15,0,183,168,Leslie Cross,Patricia Lee,Luke Braun,Cloudy,Fresh,36360
279,2017,2017-04-07,6,2,19,6,Field,6,0,1,176,166,Andrea Ortiz,Larry Kennedy,Jason Moore,Clear,Fresh,14487
280,2021,2021-04-20,1,3,4,3,Bat,1,0,0,147,147,Samantha Moreno,Ashley Rosales,Amber Brown,Clear,Used,15841
281,2014,2014-04-29,9,8,14,9,Bat,9,77,0,143,66,Michael Rodriguez,Jerry Mcfarland,John Moore,Clear,Worn,32796
282,2008,2008-05-08,9,4,7,9,Bat,4,0,0,211,211,Katelyn Barber,Brittany Trujillo,Adam Haynes,Rainy,Used,14528
283,2019,2019-05-29,3,10,2,3,Field,10,0,0,147,147,Tina Robinson,Kaitlin Sanchez,Jasmine Robertson,Humid,Dusty,12838
284,2020,2020-04-20,3,10,1,10,Bat,3,0,0,166,166,James Mcclain,Haley Ford,Timothy Freeman,Humid,Dusty,23025
285,2013,2013-05-29,2,6,8,2,Bat,6,0,0,144,144,Grant Ramirez,Cody Chavez,Jessica Crawford MD,Clear,Dusty,73492
286,2011,2011-04-23,8,4,12,4,Bat,4,17,0,124,107,Megan Cortez,Jamie Meyer,Christopher Gray,Clear,Worn,14472
287,2013,2013-05-26,2,7,17,7,Bat,7,60,0,155,95,Cody Mcclain,Tyler Chavez,Peter Nash,Rainy,Used,26241
288,2008,2008-05-12,7,1,2,1,Bat,1,68,0,170,102,Eric Smith,Jessica Mullins,Christopher Cooper,Clear,Dusty,42459
289,2017,2017-05-15,4,3,12,3,Bat,4,0,0,135,135,Johnathan Erickson,Lori Trevino DVM,Maria Foster,Cloudy,Dusty,38112
290,2021,2021-05-04,1,8,15,1,Field,1,0,6,219,189,Amy Farrell,Arthur Kidd,Breanna Holland,Clear,Dusty,39276
291,2014,2014-04-20,10,9,19,10,Bat,9,0,0,177,177,Candice Pitts,Barbara Luna,Alexis Johnston,Clear,Fresh,16274
292,2011,2011-05-09,6,4,18,6,Field,6,0,4,179,143,John Sloan,Keith Wright,Corey Bell,Rainy,Worn,10892
293,2018,2018-05-25,8,9,17,8,Field,9,0,0,176,176,Gregory Lewis,Jason Huynh,Jason Wright,Clear,Used,40007
294,2012,2012-04-04,5,2,4,5,Field,5,0,3,176,152,Lisa Reed,John Garcia,Olivia Wallace,Clear,Worn,37298
295,2020,2020-05-23,3,8,12,8,Field,3,0,0,132,132,Samantha Ayers,Christopher Avery,Richard Bowen,Clear,Used,37359
296,2013,2013-05-02,8,6,10,8,Bat,6,0,0,149,149,Tyler Stephens,Monica Maldonado,Jenna Neal,Cloudy,Worn,33891
297,2015,2015-05-08,10,3,15,3,Field,10,0,0,155,155,Brandon Harrell,Robert Gray,Mary Wiggins,Humid,Worn,14847
298,2018,2018-04-22,9,3,18,3,Bat,9,0,0,190,190,Amanda Walker,Casey Morton,Mark Thompson,Cloudy,Dusty,15246
299,2008,2008-05-06,9,10,11,10,Field,10,0,3,234,198,Jonathan Mcguire,Dylan Anderson,George Johnson,Humid,Fresh,41390
300,2011,2011-05-18,9,2,10,9,Field,9,0,8,210,130,Brian George,Laura Gilbert PhD,Kayla Graham,Clear,Used,39116
301,2020,2020-04-28,8,2,17,2,Bat,2,41,0,197,156,Donald Jensen,Brenda Moore,Marie Johnson,Clear,Worn,36054
302,2011,2011-05-19,10,2,5,10,Field,2,0,0,168,168,Kristin Marshall,Jeff Sanchez,Veronica Warner,Rainy,Fresh,10216
303,2014,2014-05-19,7,3,18,3,Bat,7,0,0,144,144,Aaron Houston,Steven Horne,Catherine Davis,Rainy,Fresh,23480
304,2021,2021-05-17,5,8,18,8,Bat,5,0,0,124,124,Ian Ramirez,Kimberly Wright,Justin Ayala,Humid,Dusty,12034
305,2012,2012-04-09,8,4,1,8,Field,4,0,0,139,139,Gabrielle Johnson,William White,Bryan Meadows,Rainy,Dusty,26902
306,2022,2022-05-02,8,2,12,8,Field,8,0,1,152,140,Allen Rogers,Jessica Thomas,Diane Maxwell,Cloudy,Worn,15351
307,2014,2014-05-13,6,7,12,6,Field,7,0,0,187,187,Mark Miller,Corey Mendez,Mary Smith,Cloudy,Used,35057
308,2010,2010-05-15,10,3,18,3,Field,3,0,5,261,211,Shane Avila,Matthew Lewis,Lisa Mcdonald,Clear,Worn,23489
309,2011,2011-04-27,9,5,12,5,Field,5,0,3,154,133,Michael Rodriguez,Tracey Frye,Joy Ford,Cloudy,Used,36054
310,2016,2016-05-19,3,8,20,8,Bat,8,4,0,215,211,Anthony Moore MD,Patrick Olson,Sierra Long,Cloudy,Used,14664
311,2013,2013-05-01,5,3,7,5,Bat,3,0,0,216,216,Cynthia Hogan,Jason Evans,Jonathan Roach,Clear,Fresh,22692
312,2010,2010-05-31,2,4,19,2,Bat,4,0,0,122,122,Theresa Fox,Candice Scott,Rebecca Cain,Humid,Worn,15770
313,2020,2020-04-18,1,2,7,2,Field,1,0,0,179,179,Julie Howell,Kimberly Ali,Andrew Taylor,Cloudy,Worn,16219
314,2013,2013-05-09,7,2,11,7,Field,7,0,9,241,151,Lisa Gutierrez DVM,Mary Jones,Kimberly Schultz,Humid,Fresh,15390
315,2019,2019-04-28,2,7,10,7,Field,7,0,4,212,176,John Allen,Jennifer Wyatt,Stefanie Obrien,Rainy,Used,19123
316,2012,2012-04-08,1,8,4,8,Field,1,0,0,129,129,Laura Reid,Steven Chapman,Matthew Nelson,Rainy,Fresh,58590
317,2016,2016-05-28,4,6,7,6,Bat,4,0,0,180,180,Rebecca Harris,Dana Johnson,Mario Garcia,Humid,Worn,22391
318,2017,2017-04-27,8,9,9,8,Field,8,0,2,175,151,Amanda Coffey,Garrett Snyder,Larry Martinez,Cloudy,Used,10973
319,2012,2012-04-07,7,6,5,6,Bat,7,0,0,212,212,Scott Hicks,James Mason,Jacob Jones,Rainy,Used,19619
320,2020,2020-05-31,6,9,18,6,Bat,9,0,0,144,144,Darren Johnson,Gregory Hardy,Katie Krueger,Humid,Dusty,17250
321,2019,2019-04-10,7,3,10,3,Field,7,0,0,195,195,Mary Miller,Matthew Taylor,Brian Rubio,Rainy,Dusty,30487
322,2019,2019-05-06,10,7,20,7,Field,7,0,1,143,138,Lindsey Levy,Lori Scott,Lauren Hubbard,Cloudy,Worn,21431
323,2021,2021-05-06,1,6,13,1,Field,6,0,0,151,151,Leslie Herrera,Sierra Henry,John Rodriguez,Clear,Used,26227
324,2015,2015-04-01,10,2,3,2,Bat,2,22,0,122,100,Philip Price,Heather Lopez,Jonathan Hampton,Humid,Fresh,25103
325,2015,2015-05-07,7,10,11,7,Field,7,0,4,194,154,Nancy Jones,Mikayla Patrick,James Allen,Cloudy,Worn,33811
326,2019,2019-05-25,2,9,7,9,Field,2,0,0,156,156,Elizabeth Gonzalez,Jeffrey Nixon,Rachel Li,Cloudy,Fresh,21758
327,2010,2010-05-17,10,6,9,10,Field,6,0,0,142,142,Ronald Hall,Zachary Wells,Michelle Osborn,Humid,Worn,24185
328,2020,2020-05-11,6,4,14,4,Field,4,0,9,184,121,Catherine Valentine,Robert Cole,Bethany Ho,Rainy,Used,53306
329,2014,2014-04-04,9,7,19,9,Bat,7,0,0,148,148,Erik Miller,Jared Bennett,Jennifer Gonzalez,Cloudy,Worn,17133
330,2015,2015-05-25,2,4,14,4,Field,2,0,0,163,163,Dr. Tiffany Briggs,Stephanie Nelson,Leslie Mcdonald,Rainy,Used,17442
331,2014,2014-05-14,3,1,9,1,Bat,3,0,0,203,203,Natalie Davis,Madeline Kennedy,John Curtis,Clear,Fresh,20286
332,2017,2017-05-18,6,2,13,6,Bat,6,74,0,214,140,Cynthia Scott,Kara Salazar,Lisa Smith,Clear,Worn,42535
333,2010,2010-04-10,4,2,11,2,Field,4,0,0,147,147,Christina Johnson,Scott Smith,Sharon Hernandez,Clear,Used,24031
334,2014,2014-05-29,8,7,9,8,Field,7,0,0,176,176,Christopher Johnson,Robin Huerta,Patricia Schmidt,Rainy,Dusty,32371
335,2016,2016-05-22,8,6,10,8,Bat,8,89,0,220,131,Susan Walton,Tracy Lee,Jason Turner,Humid,Dusty,50536
336,2016,2016-05-21,2,9,8,9,Field,2,0,0,189,189,Michael Palmer,Glen Davis,Autumn Murphy,Humid,Fresh,40862
337,2022,2022-05-30,6,7,2,7,Bat,7,61,0,214,153,Robert Cunningham,Nicholas Jordan,Kelly Flowers,Humid,Dusty,16579
338,2012,2012-05-15,8,3,1,3,Bat,3,41,0,193,152,Jamie Simmons,Jeremy Robinson,David Boyer,Clear,Used,26358
339,2015,2015-05-31,8,10,5,10,Bat,10,37,0,145,108,Edward Brown,Ricky Galvan,Kristina Lee,Rainy,Worn,15960
340,2013,2013-04-13,1,10,18,1,Bat,10,0,0,136,136,Melissa Vang,Kyle Jones,Laura Perez,Clear,Dusty,20125
341,2023,2023-05-11,8,2,8,8,Bat,2,0,0,167,167,Samuel Howell,Cassandra Flowers,Kerri Price,Rainy,Used,66532
342,2012,2012-04-17,7,3,1,3,Field,7,0,0,187,187,Michael Waters,Sonya Washington,Jessica Moore,Humid,Dusty,15618
343,2010,2010-05-21,9,1,2,1,Bat,1,46,0,197,151,Timothy Hernandez,Amy Smith,Jessica Charles,Clear,Fresh,26623
344,2023,2023-04-21,6,3,18,6,Bat,3,0,0,152,152,Aaron Miller,Kimberly Murray,James Klein,Humid,Dusty,12161
345,2010,2010-04-05,6,9,14,6,Field,6,0,6,196,124,Cynthia Alexander,Bradley Smith,Jack Jackson,Humid,Worn,38186
346,2015,2015-04-09,7,3,11,3,Bat,3,7,0,144,137,Ian Potter,Marcus Franklin,Julie Gibson,Clear,Used,22002
347,2019,2019-05-08,1,8,12,8,Field,8,0,2,193,181,Jennifer Brooks,Debra Russell,Christopher Carter,Humid,Fresh,16675
348,2012,2012-04-19,3,9,9,3,Bat,3,54,0,129,75,Edward Duffy,Haley Kennedy,Danny Bennett,Rainy,Fresh,20769
349,2022,2022-05-05,5,1,11,5,Field,1,0,0,219,219,Christopher Reid,Elizabeth Johnson,Dale Reed DDS,Cloudy,Fresh,28543
350,2010,2010-04-29,7,5,6,7,Field,7,0,1,141,130,Luke Crawford,Walter Brown,Todd Bonilla,Rainy,Worn,52412
351,2019,2019-04-05,7,5,20,7,Field,7,0,6,229,157,Virginia Griffin,Lindsey Hernandez,Megan Anderson,Rainy,Dusty,25611
352,2014,2014-04-09,10,7,3,7,Field,10,0,0,175,175,Anthony Nelson,Andrew Gonzalez,Kyle Green,Clear,Fresh,26821
353,2013,2013-04-11,3,8,17,3,Field,8,0,0,140,140,Emily Soto,Jared Dennis,Angela Castro,Humid,Used,18374
354,2009,2009-04-26,9,2,2,9,Field,2,0,0,149,149,Melinda Evans,Daniel Blankenship,Joanna Harrison,Humid,Worn,15358
355,2012,2012-04-10,3,7,2,3,Field,7,0,0,157,157,Timothy Newton,Crystal Soto,Mrs. Patricia Buchanan,Rainy,Worn,32369
356,2012,2012-05-26,2,5,4,5,Bat,2,0,0,137,137,Lawrence Johnson,Melissa Anderson,Kenneth Young,Cloudy,Dusty,40157
357,2017,2017-05-02,10,8,10,8,Field,8,0,2,138,128,Veronica Wright,Christopher Miller,Cindy Brown,Cloudy,Fresh,12082
358,2022,2022-04-16,9,4,3,4,Field,9,0,0,167,167,Logan Soto,John Patel,Nicholas Lee,Clear,Used,14994
359,2018,2018-05-01,10,4,7,4,Field,10,0,0,122,122,Jason Harper,Steven Sellers,Ethan Jones,Rainy,Dusty,23903
360,2019,2019-05-14,10,9,10,10,Field,9,0,0,174,174,Connor Patterson DDS,Erik Richards,Betty Andersen,Cloudy,Fresh,12492
361,2015,2015-05-02,9,2,9,2,Field,9,0,0,182,182,Amanda Fowler,Heidi Barton,Michael Mendez,Rainy,Dusty,10681
362,2023,2023-05-07,6,8,6,6,Field,6,0,8,195,131,Diane Jennings,Tracy Spencer,Samantha Strickland,Cloudy,Dusty,16612
363,2019,2019-04-28,5,4,7,5,Bat,4,0,0,142,142,Timothy Park,Maria Cooke,Andre Austin,Cloudy,Fresh,23218
364,2013,2013-05-02,2,9,8,9,Field,9,0,6,234,180,Daniel Sloan,Crystal Farley,Renee Mcgee,Cloudy,Fresh,16608
365,2022,2022-05-18,2,4,12,2,Field,4,0,0,209,209,Jacqueline Mills,Michael Holden,Cody Gregory,Clear,Used,31203
366,2016,2016-05-28,6,3,4,6,Field,3,0,0,178,178,Rebecca Malone,Miss Claudia Gordon,Charles Trujillo,Rainy,Worn,28792
367,2016,2016-05-03,4,3,17,3,Bat,4,0,0,160,160,Megan Johnson,Stephanie Bautista,Kimberly Rodriguez,Rainy,Worn,11950
368,2015,2015-04-23,7,3,14,7,Field,7,0,3,183,156,Mark Mclaughlin,Katherine Santana,Alexa Hernandez,Rainy,Dusty,54621
369,2015,2015-04-14,6,1,9,6,Field,1,0,0,175,175,Autumn Beard,Michelle Collins,Sarah James,Humid,Dusty,35408
370,2020,2020-04-20,6,7,5,7,Bat,6,0,0,180,180,Pamela Watkins,Amy Reed,Manuel Soto,Humid,Used,10767
371,2020,2020-05-11,10,5,8,5,Field,10,0,0,176,176,David Fisher,Lisa Evans,Jennifer Schultz,Humid,Worn,26228
372,2009,2009-04-27,2,8,10,2,Field,8,0,0,167,167,Tyler Patterson,Nancy Woods,Sandra Mercado,Humid,Worn,47294
373,2023,2023-05-01,3,7,17,3,Bat,7,0,0,183,183,Mr. Victor Black MD,Daniel Warren,Stephen Williams,Humid,Dusty,16421
374,2010,2010-04-26,1,7,5,7,Bat,7,10,0,167,157,Wanda Ingram,Barbara Wilson,Ryan King,Rainy,Dusty,18640
375,2021,2021-05-09,8,7,15,7,Field,8,0,0,152,152,Raymond Anthony,Sonia Beasley,Antonio Moore,Rainy,Dusty,14239
376,2017,2017-05-31,2,10,12,10,Bat,2,0,0,143,143,Zachary Luna,Amanda Hayes,David Payne,Humid,Worn,19633
377,2009,2009-05-04,5,10,7,5,Field,5,0,2,184,172,Ms. Crystal Thomas,Mary Silva,Ashley Rivera,Clear,Dusty,17883
378,2018,2018-05-24,6,7,16,6,Bat,7,0,0,205,205,Joel Wong,Joshua Mitchell,Mario Mercer,Cloudy,Worn,15853
379,2022,2022-04-06,10,7,13,10,Field,7,0,0,151,151,Michael Allen,Kaitlyn Miller,Crystal Mccoy,Humid,Fresh,66751
380,2022,2022-05-19,5,9,4,5,Bat,5,73,0,186,113,Kathy Powell,Douglas Donovan,Emily Levy,Rainy,Fresh,17882
381,2012,2012-04-12,1,5,7,1,Field,1,0,9,276,177,Steven Wilson,Johnathan Maxwell,Jose Wise,Clear,Dusty,24122
382,2012,2012-04-18,7,1,17,1,Field,1,0,2,140,126,Amanda Ramirez,Christian Mack,Jonathan Woodard,Humid,Used,21971
383,2010,2010-04-05,3,5,14,3,Bat,5,0,0,121,121,Tyler Phillips MD,Christian Chen,Michael Myers,Humid,Dusty,16471
384,2009,2009-05-30,4,10,20,4,Field,10,0,0,137,137,Bradley Welch,Steve Hensley,Jasmine Moore,Humid,Dusty,28124
385,2017,2017-05-18,2,8,1,8,Bat,2,0,0,155,155,Joshua Powell,Robert Glass,Kevin Gibson,Cloudy,Used,29963
386,2017,2017-05-16,8,2,17,8,Bat,2,0,0,159,159,Brian Mitchell,Bradley Bray,Andrew Dunn,Rainy,Dusty,12738
387,2008,2008-04-09,8,5,6,8,Bat,5,0,0,158,158,Jill Myers,Wesley White,Morgan Fry,Rainy,Worn,65210
388,2021,2021-05-16,9,5,2,9,Bat,5,0,0,145,145,Margaret Knight,Cathy Love,Emily Morgan,Cloudy,Worn,38309
389,2015,2015-05-22,6,5,15,5,Bat,5,44,0,146,102,Ross Smith,Rita Thompson,Roger Davis,Humid,Fresh,39950
390,2011,2011-04-01,1,8,1,1,Bat,8,0,0,208,208,Dr. Timothy Soto,Dana Murphy,Alexis Jimenez,Rainy,Fresh,52539
391,2020,2020-04-30,1,8,4,8,Field,8,0,7,162,120,Miguel Bell,Phillip Patel,Amanda White,Rainy,Worn,22647
392,2016,2016-04-10,4,2,20,2,Bat,4,0,0,166,166,Jeffery Lopez,Sharon Meyer,Karen Scott,Humid,Dusty,16851
393,2008,2008-05-29,4,7,4,7,Field,4,0,0,162,162,Caitlin Medina,Tiffany Thomas,Mrs. Melissa Lawrence,Clear,Used,58888
394,2013,2013-05-12,9,5,7,9,Field,5,0,0,133,133,Thomas Martinez,Brian Collins,Patrick Cunningham,Humid,Dusty,23833
395,2017,2017-05-17,5,2,17,2,Field,2,0,9,251,179,Dawn Gonzalez,Michael Delacruz,Margaret Larsen,Clear,Worn,37529
396,2018,2018-04-26,6,1,13,6,Field,6,0,1,199,188,Luis Clark,Kathryn Evans,Lisa King,Clear,Used,22902
397,2022,2022-04-16,2,1,16,1,Bat,1,33,0,151,118,Karen Daniel,Tammy Davis,Angela Ashley,Rainy,Used,32334
398,2010,2010-05-24,8,2,3,8,Bat,2,0,0,176,176,Molly Ramos,Kayla Cortez,Mary Hampton,Cloudy,Fresh,36292
399,2022,2022-04-17,7,2,4,7,Bat,2,0,0,153,153,Michelle Smith,Taylor Bauer,Christopher Hill,Rainy,Used,66661
400,2023,2023-05-28,1,8,17,8,Bat,1,0,0,120,120,Jose Gaines,Ryan Jones,James Howard,Cloudy,Used,51770
401,2011,2011-05-03,1,10,5,10,Field,10,0,5,245,210,James Ward,Hunter Deleon,Lori Castro,Cloudy,Dusty,20114
402,2021,2021-05-27,3,1,8,3,Field,1,0,0,132,132,Michael Austin,Mary Briggs,Lisa Hogan,Clear,Worn,34819
403,2019,2019-05-16,4,1,8,4,Field,4,0,4,228,188,William Woodward,Hannah Wong DVM,Jimmy Green,Rainy,Used,62469
404,2012,2012-05-19,1,6,1,1,Field,1,0,9,210,129,Mary Knox,Cathy Rogers,Tina Maynard,Rainy,Used,51375
405,2021,2021-05-20,6,1,1,6,Bat,1,0,0,134,134,April Wood,Samantha Bailey,Derrick Jimenez,Cloudy,Worn,46340
406,2012,2012-04-02,4,1,6,1,Bat,4,0,0,174,174,Jennifer Moore,Robert Lara,Juan Grant,Clear,Worn,71349
407,2015,2015-05-19,10,7,8,10,Bat,7,0,0,140,140,Victoria Thompson,Nathaniel Rivera,Todd Blankenship,Clear,Worn,26575
408,2021,2021-05-07,8,4,3,4,Bat,8,0,0,169,169,Gabriella Higgins,Mark Beck MD,Kimberly Cantu,Rainy,Dusty,15865
409,2019,2019-05-07,8,5,19,5,Bat,8,0,0,132,132,Dana Green,Savannah Jackson,Mathew Roberts,Cloudy,Dusty,13581
410,2011,2011-04-06,2,5,15,5,Bat,2,0,0,171,171,Katherine Flores,Amanda Smith,Erica Jones,Rainy,Dusty,25320
411,2019,2019-05-29,6,5,13,6,Bat,5,0,0,136,136,Brittany Hopkins DDS,Jennifer Larson,Patrick Miranda,Humid,Fresh,29301
412,2013,2013-05-10,2,10,3,10,Bat,2,0,0,134,134,Karen Hensley,Alexandra Franklin,John Daniel,Humid,Worn,34419
413,2014,2014-05-28,4,3,18,3,Bat,3,37,0,164,127,Caleb Miranda,Daniel Hayes,Cody Griffith,Rainy,Dusty,23465
414,2021,2021-04-03,1,8,17,1,Field,1,0,4,251,219,Christian Raymond,Joseph Brown,John Burke,Rainy,Used,43805
415,2021,2021-05-31,9,8,15,8,Bat,8,25,0,174,149,Tamara Barker,Cynthia Welch,Sarah Alexander,Rainy,Used,24374
416,2018,2018-05-05,9,1,12,9,Bat,1,0,0,174,174,Sarah Walker,Heidi Jones,Christie Guzman,Humid,Worn,17388
417,2017,2017-04-18,9,5,11,9,Bat,9,20,0,162,142,Melissa Johnson,Jimmy Moore,Lisa Castillo,Rainy,Dusty,23382
418,2018,2018-05-17,5,2,6,5,Bat,5,89,0,197,108,Robert Bennett,Valerie Williams,Curtis Hood DDS,Clear,Used,23041
419,2020,2020-04-12,7,8,3,8,Bat,7,0,0,139,139,Adriana Powell,Fernando Hernandez,Robin Moon,Rainy,Used,29782
420,2008,2008-05-31,3,8,3,8,Bat,8,73,0,182,109,Kimberly Serrano,Colleen Morgan,Thomas Bailey,Rainy,Fresh,34159
421,2010,2010-04-17,5,8,12,8,Field,5,0,0,148,148,Emily Frey,Joseph Butler,Katelyn Reyes,Rainy,Dusty,22604
422,2012,2012-05-12,10,2,13,10,Bat,10,36,0,200,164,Aaron Castro,Mr. Brian Thomas,David Andrews,Humid,Fresh,55747
423,2019,2019-04-26,7,9,4,9,Bat,7,0,0,193,193,Derrick Williams,Andrew Todd,Dustin Miller,Rainy,Dusty,20802
424,2009,2009-04-01,8,1,3,1,Field,1,0,7,180,145,Paula Lawrence,Jessica Clark,Brent Clark,Clear,Worn,13757
425,2011,2011-04-24,6,8,16,8,Bat,6,0,0,192,192,April Pope,Abigail Brady,Kristine Cain,Rainy,Used,40853
426,2023,2023-04-23,1,5,5,5,Field,1,0,0,165,165,Jeremy Hudson,Terry Cook,Cindy Jones,Cloudy,Dusty,11564
427,2008,2008-05-09,1,7,7,1,Field,1,0,4,165,121,Rhonda Pittman,Deborah Phelps,Daniel Kidd,Clear,Fresh,15523
428,2023,2023-04-03,2,4,4,2,Bat,2,54,0,185,131,Beth Jones,Jason Smith,Carla Lucas,Humid,Worn,46834
429,2022,2022-04-22,4,10,18,10,Field,4,0,0,133,133,David Kelly,Denise Owen,Laura Hall,Humid,Worn,12844
430,2017,2017-04-08,6,1,13,6,Field,6,0,2,234,216,Peter Gonzalez,Matthew Hodge,Crystal Ross,Humid,Fresh,14412
431,2020,2020-04-10,10,3,9,10,Field,3,0,0,215,215,Amanda Garcia,Cory Wood,Cassandra Gonzales,Humid,Used,30819
432,2015,2015-05-19,8,2,11,8,Field,2,0,0,185,185,Daniel House,Christina Walter,Cameron Fleming,Clear,Used,11390
433,2011,2011-05-02,6,8,10,6,Bat,8,0,0,161,161,Eric Armstrong,Ryan Peterson,George Wallace,Cloudy,Dusty,53082
434,2011,2011-04-05,5,6,2,6,Field,5,0,0,166,166,Zachary Graham,James Martinez,Jerry Lang,Humid,Used,23488
435,2020,2020-05-06,1,4,8,4,Field,1,0,0,176,176,Bryan Green,Douglas Morris,Krystal Wilson,Clear,Dusty,19173
436,2010,2010-04-22,3,9,7,3,Bat,9,0,0,201,201,Jason Black,Sheila Johnson,Amanda Greer,Cloudy,Used,14012
437,2018,2018-04-21,4,5,16,4,Field,5,0,0,138,138,Terry Hayes,Diana Williams,Kevin Stuart,Rainy,Dusty,38405
438,2020,2020-04-18,3,9,6,9,Field,9,0,5,211,156,Jeff Snyder,Natasha Pennington,Jamie Mcdonald,Rainy,Fresh,31838
439,2011,2011-04-25,8,4,5,8,Bat,8,65,0,213,148,Anthony Johnson,Derrick Murphy,Timothy Thompson,Humid,Dusty,23256
440,2016,2016-05-09,1,3,9,3,Bat,3,32,0,197,165,Kimberly Matthews,Jo Salas,Donna Flores,Cloudy,Fresh,13825
441,2010,2010-04-27,7,10,19,7,Bat,10,0,0,147,147,Derrick Russell,Dennis Parker,Ryan White,Humid,Dusty,19602
442,2014,2014-04-13,4,7,10,4,Bat,7,0,0,123,123,Kevin Alvarado,Charles Ruiz,Johnny Ford,Rainy,Dusty,47793
443,2011,2011-04-06,4,8,6,4,Field,4,0,3,144,123,Megan Rodriguez,Robert Walker,Julie Johnston,Cloudy,Worn,74418
444,2022,2022-04-23,10,2,6,10,Field,10,0,7,179,137,Christy Jensen,Eileen Owens,Mr. Juan Clay MD,Humid,Fresh,48380
445,2023,2023-05-04,2,1,2,1,Bat,2,0,0,133,133,David Shepherd,Eric Marshall,Wyatt Mcdonald,Rainy,Worn,41845
446,2015,2015-04-27,4,6,13,6,Bat,6,43,0,132,89,Ashley Patterson,Amanda Perez,Eric Lamb,Rainy,Dusty,57528
447,2011,2011-05-13,1,2,17,2,Bat,2,58,0,199,141,Autumn Wilkerson,Karen Walker,Tara Robinson,Rainy,Dusty,53268
448,2008,2008-04-26,6,1,12,6,Field,1,0,0,158,158,John Tyler,Nathan James,Katie Dominguez,Rainy,Fresh,21414
449,2023,2023-05-06,9,8,6,8,Bat,8,85,0,189,104,Chelsea Morse,Deborah Porter,Stephen Mcpherson,Cloudy,Used,21169
450,2010,2010-04-03,2,7,1,2,Field,7,0,0,195,195,Justin Walsh,Cynthia Fry,Charles Rowe,Humid,Dusty,53948
451,2011,2011-04-18,9,8,3,8,Bat,9,0,0,183,183,Amy Johnson,Randy Singh,Ryan Little,Rainy,Dusty,36491
452,2013,2013-04-06,5,2,10,5,Bat,5,44,0,214,170,Pamela Collins,Jennifer Simmons,Brandon Russell,Cloudy,Fresh,58200
453,2015,2015-04-12,7,1,10,7,Bat,1,0,0,154,154,Cory Butler,Rachel Knox,Jenna Ford,Cloudy,Used,23970
454,2020,2020-04-27,8,6,5,6,Bat,6,88,0,178,90,Christine Savage,Paige Wilson,Brian Miller,Humid,Used,11125
455,2014,2014-05-20,10,8,7,8,Field,8,0,1,139,131,Matthew Schneider,Michael Perry,Theresa Obrien,Cloudy,Fresh,22714
456,2012,2012-04-06,8,7,10,8,Bat,7,0,0,150,150,Laura Livingston,Stacy Gutierrez,Seth Cole,Humid,Dusty,61257
457,2021,2021-04-07,1,5,15,1,Bat,5,0,0,199,199,Sherry Johnson,Leslie Ellis,Brian Hayes,Cloudy,Used,17147
458,2016,2016-05-16,10,2,5,2,Field,10,0,0,123,123,Stephen Mcbride,Angela Boyd,Theresa Wilcox,Rainy,Used,11719
459,2022,2022-04-24,7,4,2,7,Bat,4,0,0,161,161,Angela Hutchinson,Sandra Long,Andrew Mcdonald,Rainy,Fresh,40387
460,2023,2023-04-01,9,4,1,4,Field,9,0,0,166,166,Michelle Baker,Rebecca King,Marie Rodriguez,Rainy,Dusty,29553
461,2020,2020-04-21,3,7,1,7,Field,3,0,0,199,199,Stacy Abbott,Michael Payne,Donald Blanchard,Cloudy,Fresh,21840
462,2012,2012-04-14,1,9,15,9,Bat,1,0,0,156,156,Charles Miller,Sara Smith,Jennifer Dickerson,Cloudy,Fresh,28431
463,2016,2016-05-27,9,3,14,9,Bat,3,0,0,136,136,Deanna Peters,Gary Long,Melissa Williams,Rainy,Used,47818
464,2019,2019-04-01,6,9,12,6,Bat,6,31,0,124,93,Tyler Willis,Roger Harris,Robert Hernandez,Cloudy,Worn,38052
465,2011,2011-04-05,10,9,7,9,Field,10,0,0,212,212,Kari Morales,Johnathan Scott,Lori Smith,Clear,Worn,14270
466,2020,2020-04-08,4,2,9,4,Field,4,0,7,217,140,Kaitlyn Holland,Anthony Patterson,Ronald Reed,Rainy,Fresh,29779
467,2014,2014-04-22,2,9,4,9,Bat,9,82,0,131,49,Joseph Bradley,Audrey Bell,Nancy Fernandez,Humid,Worn,19589
468,2013,2013-04-24,5,1,4,1,Bat,1,14,0,220,206,Lindsay Melton,Deborah Bowen,Mary Huff,Cloudy,Worn,48589
469,2010,2010-05-23,9,6,19,6,Field,9,0,0,125,125,Brian Murphy,Daniel Copeland,Laura Kelly,Rainy,Used,15655
470,2017,2017-04-12,8,3,9,8,Bat,8,19,0,168,149,John Woodward,George Mccormick,Jennifer Ramos,Humid,Fresh,33770
471,2012,2012-05-09,8,6,15,6,Field,6,0,9,266,185,Vanessa Eaton,Connie Beasley,Leah Nichols,Clear,Worn,23320
472,2015,2015-04-06,2,10,3,2,Bat,2,74,0,127,53,Andrew Saunders,Christy Carpenter,Amanda Warren,Humid,Dusty,36487
473,2011,2011-04-23,8,10,17,8,Field,8,0,4,219,175,Mary Jimenez,Gary Bond,Russell Jackson,Humid,Used,58429
474,2018,2018-04-24,3,9,8,3,Bat,9,0,0,152,152,Sarah Harris,Robert Black,Sarah Morris,Clear,Dusty,74947
475,2020,2020-05-04,2,5,10,5,Field,5,0,4,184,140,Kenneth Riley,Kara Harrell,Jose Johnson,Cloudy,Worn,14643
476,2008,2008-05-19,10,8,11,8,Field,10,0,0,131,131,Dawn Simpson,Cody Warner,Marc Moore,Rainy,Worn,10580
477,2019,2019-04-14,4,2,17,4,Field,4,0,8,196,124,Manuel Cardenas,Alex Fleming,Stacey Maynard,Cloudy,Dusty,35910
478,2012,2012-05-02,9,5,4,5,Field,9,0,0,142,142,Dorothy Phillips,Jonathan Tran,Mary Hendrix DDS,Clear,Worn,67906
479,2011,2011-04-01,7,10,11,7,Bat,7,62,0,205,143,Daniel Johnson,Cheryl Rios,Dennis Beck,Clear,Dusty,42051
480,2019,2019-05-13,3,6,13,6,Bat,3,0,0,121,121,Sherry Lam,Wendy Humphrey,Jonathan Callahan,Cloudy,Worn,42768
481,2012,2012-04-24,4,3,8,4,Bat,3,0,0,128,128,Amanda Shields,Brandon Adams,Kevin Nicholson,Cloudy,Dusty,12314
482,2010,2010-04-15,1,7,14,7,Bat,1,0,0,150,150,Darryl Moran,Joshua Duke,Zachary Baxter Jr.,Clear,Dusty,52196
483,2009,2009-05-29,5,2,9,2,Field,2,0,7,175,140,Jonathan Rowland,Phillip Jackson,Barbara Leblanc,Cloudy,Fresh,10017
484,2012,2012-05-24,5,8,12,8,Field,5,0,0,120,120,Elizabeth Bauer,Jeffrey Baker,Aaron Banks,Humid,Worn,34290
485,2016,2016-05-09,10,9,20,9,Bat,9,27,0,194,167,Timothy Davis,Daniel Mcconnell,Lisa Clark,Clear,Fresh,14275
486,2022,2022-05-15,10,2,2,10,Bat,2,0,0,124,124,Michelle Todd,John Johnson,Antonio Hall,Humid,Dusty,23238
487,2018,2018-04-22,2,7,3,7,Field,2,0,0,158,158,Thomas Baldwin,Melissa Bell,William Curtis,Cloudy,Worn,11489
488,2019,2019-05-09,9,10,3,9,Field,10,0,0,200,200,Edward Tyler,Bryan Glass,William Glover,Rainy,Worn,16780
489,2012,2012-05-17,1,3,19,1,Bat,3,0,0,189,189,Marcus Meyers,Adam Vang,Lisa Woods,Humid,Used,14855
490,2014,2014-04-09,9,2,6,9,Bat,9,38,0,125,87,Javier Miller,Mark Douglas,James Adams,Cloudy,Worn,70768
491,2014,2014-04-25,1,4,7,1,Bat,4,0,0,198,198,Charles Dodson,Philip Oconnell,Lauren Kim,Humid,Fresh,21558
492,2017,2017-05-29,10,5,11,10,Bat,5,0,0,166,166,Melissa Jennings,Angela Smith,Andrew Lee,Cloudy,Worn,11024
493,2020,2020-04-20,10,2,13,2,Bat,2,29,0,161,132,Tracy Cook,Virginia Mcdonald PhD,Scott Walker,Cloudy,Dusty,20200
494,2018,2018-04-03,4,7,12,4,Field,4,0,8,205,149,Frederick Hall,Michelle Lucas,Christopher Arellano,Cloudy,Used,28666
495,2019,2019-04-02,3,5,1,5,Bat,3,0,0,173,173,Barbara Miller,Melissa Robertson,Pedro Taylor,Clear,Used,14721
496,2017,2017-04-11,2,9,5,2,Bat,9,0,0,130,130,Scott Johnson,Daniel Brown,Christopher Clarke,Clear,Fresh,14331
497,2014,2014-04-02,3,1,1,3,Field,3,0,4,198,150,John Bryant,Anna Mcdonald,Alyssa Garcia,Cloudy,Worn,31741
498,2014,2014-04-01,9,2,1,9,Bat,2,0,0,152,152,Curtis Zuniga,Ann Hill,Maxwell Ruiz,Cloudy,Fresh,24700
499,2013,2013-05-01,7,10,5,10,Field,7,0,0,191,191,Andrew Peters,Steven Chavez,Daniel Pitts,Rainy,Used,13608
500,2013,2013-04-14,2,5,12,2,Field,2,0,6,178,148,Russell Hamilton,Shawn Wright,Anthony Jensen,Cloudy,Used,24045
501,2012,2012-04-25,7,3,10,3,Field,7,0,0,151,151,Wendy Underwood,James Reese,Lori Mann,Humid,Fresh,10285
502,2018,2018-04-08,8,2,4,2,Field,8,0,0,140,140,Fernando Velez,Rebecca Tucker,Carol Cooper MD,Cloudy,Dusty,33108
503,2015,2015-05-30,8,7,16,7,Field,8,0,0,178,178,Ashley Cooper,Christine Mason,Debbie Powell,Rainy,Dusty,42283
504,2020,2020-04-10,4,7,3,7,Bat,4,0,0,143,143,Ryan Castaneda,Samantha Jimenez,Mary Meadows,Cloudy,Fresh,21875
505,2016,2016-05-05,3,5,15,3,Field,3,0,4,151,123,Samantha Gibbs,Cathy King,Brittany Ruiz,Clear,Used,22368
506,2021,2021-04-17,2,8,20,2,Bat,2,47,0,138,91,Laura Leach,Bruce Rodriguez,Amy Spencer,Cloudy,Fresh,10408
507,2012,2012-05-04,8,3,17,3,Field,3,0,6,216,186,Valerie Cruz,Madison Jackson,Cassandra Bernard,Humid,Fresh,20216
508,2013,2013-05-07,7,3,9,7,Field,7,0,4,190,170,Mackenzie Cabrera,Isabel Parsons,Peter Stewart,Cloudy,Dusty,16019
509,2015,2015-04-10,7,10,6,7,Field,10,0,0,137,137,Kenneth White,Karen Rodriguez,Jessica Griffin,Clear,Fresh,33770
510,2020,2020-05-24,2,10,7,2,Field,2,0,9,205,160,Eugene Cortez,Jonathan Burns,Christopher Romero,Cloudy,Worn,11393
511,2009,2009-04-03,10,8,2,10,Field,10,0,5,176,131,Kristin Frazier,Joseph Gonzales,Erin Everett,Rainy,Used,30609
512,2023,2023-05-20,2,6,14,2,Bat,2,76,0,168,92,Theresa Smith,Jonathan Briggs,Justin Morales,Clear,Worn,20565
513,2022,2022-04-15,2,4,7,2,Bat,4,0,0,187,187,Brian Bird,Raymond Jones,Timothy Hernandez,Humid,Worn,15903
514,2022,2022-04-30,8,2,1,8,Field,8,0,8,229,149,Noah Pineda,Anthony Mendez,Brittany Schroeder,Cloudy,Worn,20582
515,2016,2016-05-25,6,2,3,6,Field,2,0,0,156,156,Krista Chambers,Shawn Riley,Gregory Munoz,Cloudy,Fresh,28636
516,2016,2016-05-26,5,7,14,5,Field,7,0,0,199,199,Alison Stewart,Anthony Frye,Jeremy Cox,Humid,Fresh,54708
517,2018,2018-05-06,5,1,20,5,Bat,5,20,0,133,113,Donna Medina,Ronald Peters,Sherry Martin,Rainy,Used,23083
518,2013,2013-04-02,7,8,3,8,Field,8,0,9,199,145,William Thomas,Stacy Allen,Danny Singleton,Cloudy,Fresh,23007
519,2017,2017-04-03,6,2,11,2,Field,6,0,0,216,216,Holly Hall,Valerie Mills,Jay Spencer,Clear,Worn,39791
520,2016,2016-05-10,7,8,7,7,Bat,7,98,0,207,109,Amanda Reynolds,Chase Harper,Brian Bell,Humid,Worn,20415
521,2014,2014-05-23,7,2,10,2,Field,7,0,0,181,181,Walter Burke,Kathleen Wilson,Christopher Ibarra,Clear,Fresh,66168
522,2020,2020-04-04,3,7,12,7,Bat,3,0,0,143,143,Teresa Wilson,Mr. Michael Brown DDS,Katelyn Smith,Humid,Worn,10464
523,2015,2015-05-07,2,7,9,2,Field,2,0,8,246,198,Lisa Holmes,Manuel Wilson,Brian Reynolds,Clear,Used,34435
524,2016,2016-05-29,1,5,10,1,Field,5,0,0,158,158,Todd Wise,Charles Morris,Colleen Mendez,Humid,Dusty,54017
525,2010,2010-04-05,1,7,4,7,Bat,7,65,0,194,129,Kathryn Sullivan,Susan Erickson,Kimberly Lozano,Clear,Worn,65817
526,2013,2013-04-09,9,5,9,5,Field,5,0,4,153,133,Melissa Chang,Lori Cooper,Lori Hoover,Clear,Fresh,15025
527,2015,2015-05-15,6,3,19,3,Bat,3,25,0,198,173,Rose Robbins,Tiffany Martinez,Tyler Bauer,Rainy,Fresh,19467
528,2017,2017-04-16,6,9,6,9,Bat,6,0,0,178,178,Tina Lane,Eric Martinez,Victoria Carpenter,Rainy,Worn,64875
529,2010,2010-05-04,2,1,14,2,Bat,2,80,0,210,130,Brett Rosario,Nicholas Griffin,Shannon White,Clear,Dusty,11657
530,2022,2022-05-31,6,3,8,6,Field,6,0,9,265,166,Edward Phelps,Rebecca Davis,Pamela Mills,Humid,Fresh,46040
531,2022,2022-04-27,1,2,4,2,Bat,1,0,0,138,138,Marissa Martinez,William Burke,Matthew Brown,Cloudy,Fresh,15071
532,2019,2019-05-02,6,4,13,6,Field,6,0,7,177,135,Zachary Donaldson,Tim Moore,Amber Burns,Cloudy,Dusty,34592
533,2015,2015-04-13,8,3,6,3,Bat,8,0,0,200,200,Anthony Benson,Paul White,Jeffrey Ramirez,Clear,Worn,32726
534,2008,2008-05-12,3,9,9,3,Bat,3,69,0,122,53,Manuel Simmons,Denise Estrada,Sarah Pitts,Cloudy,Used,21956
535,2011,2011-05-11,4,2,5,2,Field,2,0,4,178,142,Frank Johnson,Hannah Rich,Shawn Morris,Rainy,Dusty,24288
536,2021,2021-05-04,10,5,6,10,Field,5,0,0,164,164,Edward Ellison,Alexis Greene,Cindy Espinoza,Humid,Fresh,49799
537,2018,2018-04-30,3,1,17,1,Field,1,0,9,195,150,Sherry Price,Brian Robinson,Sheri Donovan,Clear,Used,31147
538,2016,2016-04-09,4,2,7,2,Field,4,0,0,199,199,Luke Brock,Sydney Brooks,Brian Johnson,Clear,Worn,21276
539,2023,2023-04-22,2,7,14,7,Field,2,0,0,123,123,Courtney King,Julia Taylor,Rebecca Rhodes,Rainy,Fresh,27984
540,2018,2018-05-28,3,6,19,6,Bat,3,0,0,121,121,Amy Pope,Daniel Zimmerman,Christine Boyle,Rainy,Worn,12147
541,2017,2017-04-13,1,9,17,1,Field,1,0,2,168,146,Bobby Cox,Darren Atkins,Jennifer Espinoza,Humid,Worn,30787
542,2015,2015-04-10,8,1,13,1,Field,1,0,2,199,187,Debra Mitchell,Amber Bright,Laura Ramirez,Clear,Used,13134
543,2011,2011-05-12,2,6,14,2,Bat,2,25,0,212,187,Stefanie Thomas,Stephanie Gonzales,William Edwards,Clear,Fresh,27018
544,2009,2009-04-29,5,2,9,2,Field,2,0,3,193,157,Yolanda Johnson,Jonathan Lewis,Brittany Liu,Clear,Used,20463
545,2021,2021-05-08,7,8,4,7,Field,8,0,0,140,140,Tami Dixon,Andrew Evans,Shelby Mays,Cloudy,Fresh,27289
546,2019,2019-05-05,1,4,1,1,Field,4,0,0,151,151,Laura Sullivan,Stephen Jones,Kirk Sanders,Humid,Used,48700
547,2015,2015-04-12,5,8,5,5,Bat,5,47,0,169,122,Mark Duncan,Christopher Thomas,Kevin Russell,Cloudy,Dusty,16158
548,2018,2018-05-27,6,5,4,6,Field,5,0,0,129,129,Scott Williams,Alexandra Morrison,Michael Reed,Rainy,Worn,13483
549,2014,2014-05-13,6,2,2,2,Field,6,0,0,132,132,Nicholas Mcconnell,Nathaniel Green,James Osborne,Cloudy,Worn,44705
550,2019,2019-04-27,9,7,4,9,Bat,9,29,0,134,105,Melissa Rodriguez,Chad Brown,Joyce Hawkins,Clear,Worn,25647
551,2013,2013-04-30,10,7,13,7,Bat,10,0,0,217,217,Courtney Harris,Jesse Elliott,Matthew Lindsey,Rainy,Used,21208
552,2008,2008-04-26,2,3,17,3,Field,2,0,0,140,140,Erin Woods,Jody May,Dr. Donald Smith MD,Cloudy,Used,31768
553,2021,2021-04-30,1,8,8,8,Bat,1,0,0,138,138,Tabitha Lewis,Jared Guerrero,Rachel Chaney,Cloudy,Used,29212
554,2010,2010-05-10,2,5,11,5,Field,5,0,9,270,162,Amanda Graham,Samuel Rodriguez,Daniel Chase,Humid,Worn,40064
555,2014,2014-04-21,9,1,5,1,Bat,9,0,0,156,156,Zachary Contreras,Douglas Morgan,John Nelson,Cloudy,Dusty,21777
556,2010,2010-04-02,4,7,4,7,Field,4,0,0,163,163,Bryan Perry,Sandra Hunt,Daniel Miller,Humid,Dusty,48610
557,2008,2008-05-12,7,6,1,7,Field,7,0,6,212,170,Cassandra Martinez,Russell Flores,Tara Schneider,Clear,Worn,19348
558,2021,2021-05-17,2,5,8,2,Field,5,0,0,171,171,Kiara Stevens,Steven Huffman,Krystal Mendez,Rainy,Dusty,22863
559,2011,2011-05-16,4,5,5,5,Bat,5,40,0,130,90,Shawn Long,Kaitlin Mason,Stephen Bates,Rainy,Used,22319
560,2010,2010-05-27,3,9,15,9,Field,9,0,6,229,163,Erica Morrow,William Brown,Michael Gutierrez,Rainy,Dusty,10906
561,2011,2011-05-27,10,5,8,5,Bat,5,7,0,216,209,Ashlee Farmer,Mario Johnson,Robert Douglas,Cloudy,Dusty,10780
562,2014,2014-04-23,2,6,20,2,Field,6,0,0,189,189,Brenda Jones,Laura Valentine,Scott Wilson,Clear,Fresh,16719
563,2019,2019-05-11,3,4,5,4,Field,3,0,0,181,181,Douglas Moody,Shawn Mcintosh,Casey Morris,Clear,Fresh,10001
564,2017,2017-04-28,8,3,8,3,Field,8,0,0,144,144,Nicholas Decker,Dylan Sandoval MD,Beverly Lee,Cloudy,Used,41546
565,2019,2019-04-22,6,5,13,5,Bat,5,54,0,174,120,Kimberly Mueller,Mr. John Rogers,Ana Lewis,Clear,Worn,39955
566,2021,2021-04-08,5,1,20,1,Bat,1,18,0,179,161,Steven Taylor,Kevin Moreno,Connie Johnson,Rainy,Worn,10298
567,2016,2016-04-09,9,10,7,10,Field,9,0,0,161,161,Tony Johnson,John Perry,Austin Thomas,Humid,Worn,17528
568,2011,2011-05-23,5,10,13,5,Field,10,0,0,178,178,Patricia Lee,Michael Marks,Angela Carroll,Humid,Used,55728
569,2021,2021-04-10,6,7,3,6,Bat,6,30,0,132,102,Joshua Lane,Patricia Yu,Alexis Cook,Rainy,Dusty,20605
570,2022,2022-05-29,1,3,11,1,Field,3,0,0,156,156,Alan Parrish,Erica Spears,George Dixon,Cloudy,Worn,42184
571,2013,2013-04-22,4,3,14,4,Bat,4,81,0,205,124,Heidi Bray,Andrew Collins,Debra Lee,Cloudy,Fresh,19211
572,2008,2008-05-13,6,7,19,6,Field,6,0,9,227,155,Alex Day,Jesse Brown,Rachel Gonzalez,Rainy,Worn,15840
573,2011,2011-05-05,2,8,14,8,Bat,2,0,0,153,153,Christopher Davis,William Lane,Frank Duffy,Clear,Fresh,42683
574,2009,2009-05-27,10,9,11,10,Bat,9,0,0,144,144,Brandon Reed,Katrina Larson,David Wood,Clear,Used,28878
575,2015,2015-04-02,7,1,18,7,Field,1,0,0,164,164,Andrea Shah,Jennifer Morgan,Teresa Holder,Humid,Dusty,14274
576,2011,2011-05-17,4,9,11,4,Bat,9,0,0,145,145,Annette Harper,Julie Harris MD,Paul Rogers,Humid,Fresh,37278
577,2014,2014-04-26,1,2,2,2,Bat,2,56,0,181,125,Raymond Mcdonald,Andre Richardson,Heather Allen,Cloudy,Fresh,13627
578,2011,2011-05-04,2,8,4,8,Field,2,0,0,150,150,Laura Rogers,Lisa Clark,Regina Barker,Cloudy,Used,16028
579,2013,2013-05-05,7,9,19,7,Bat,7,8,0,129,121,Emily Palmer,Danielle Gill,Whitney Pierce,Cloudy,Dusty,12958
580,2015,2015-04-18,6,4,10,6,Field,4,0,0,171,171,Gerald Berg,Karen Morris,Michelle Choi,Clear,Worn,36982
581,2019,2019-05-08,6,4,15,4,Field,4,0,4,240,204,Laurie Glass,Michelle Day,Joseph Jacobs,Humid,Fresh,11769
582,2011,2011-04-29,9,4,10,9,Bat,4,0,0,181,181,Kurt Perez,Kenneth Harris,Kevin Malone,Cloudy,Dusty,69475
583,2014,2014-04-24,5,7,10,5,Bat,7,0,0,182,182,Matthew Lane,Sarah Lewis,Andrew Wu,Clear,Dusty,60418
584,2013,2013-04-13,4,7,6,7,Bat,7,5,0,189,184,Natasha Hernandez,Carlos Brown,Shelby Clay,Humid,Fresh,69641
585,2014,2014-05-27,2,4,18,4,Field,4,0,1,185,175,Connie Simmons,Joy Baker,Anna Walker,Humid,Worn,22819
586,2012,2012-04-04,8,10,1,10,Bat,10,5,0,165,160,James Arnold,Crystal Baker,Sarah Nichols,Cloudy,Dusty,13839
587,2015,2015-04-17,2,8,6,8,Field,8,0,8,190,134,John Donovan,Michael Crane,Amanda Prince,Cloudy,Fresh,25248
588,2012,2012-05-19,9,8,19,8,Bat,9,0,0,142,142,Sheila Bartlett,Eddie Rogers,Robert Cole,Humid,Fresh,21114
589,2020,2020-05-15,1,4,12,1,Bat,4,0,0,152,152,Matthew Olson,Alice Hamilton,Daniel Vasquez,Cloudy,Used,20675
590,2016,2016-04-30,6,7,12,7,Field,6,0,0,143,143,Megan Bowers,Kevin Grant,Scott Soto,Humid,Used,39880
591,2015,2015-04-09,9,10,19,10,Bat,10,75,0,124,49,Megan Rogers,Amy Brady,Tina Houston,Cloudy,Dusty,20636
592,2013,2013-04-14,10,9,19,9,Bat,10,0,0,187,187,Mary Cook,Stephanie Wilson,Susan Jones,Humid,Worn,13195
593,2016,2016-05-14,4,8,11,4,Bat,8,0,0,199,199,Mary Martinez,Dylan Johnson,Susan Mccullough,Clear,Worn,46730
594,2016,2016-05-16,8,4,15,4,Bat,8,0,0,163,163,Tom Phillips,Joshua Brewer,Alexis Baldwin,Cloudy,Worn,36078
595,2015,2015-04-16,2,10,14,10,Bat,10,81,0,218,137,Gabrielle Mendoza,Stephanie Mccarty,Robert Ballard,Cloudy,Dusty,11016
596,2017,2017-04-09,9,4,10,9,Field,4,0,0,193,193,Billy Hill,Joe Burns,Michael Neal,Clear,Fresh,56525
597,2018,2018-04-26,7,8,14,8,Field,7,0,0,184,184,Richard Perkins,Michael Garrison,Zachary Shaw,Cloudy,Fresh,48899
598,2023,2023-05-13,8,7,11,7,Bat,7,99,0,132,33,Alicia Moore,Eric Durham,Jason Miranda,Humid,Dusty,32355
599,2009,2009-05-01,10,9,17,9,Field,9,0,7,217,168,Mary Wallace DDS,William Williams,Robert Lee,Cloudy,Fresh,58144
600,2015,2015-04-20,2,6,10,2,Bat,6,0,0,151,151,Jordan Gomez DVM,Travis Rodriguez,Scott Smith,Cloudy,Used,47811
601,2011,2011-05-31,2,4,18,2,Bat,2,70,0,188,118,Rachel Chandler,Edward Ferguson,David Chavez,Cloudy,Fresh,18001
602,2019,2019-04-24,5,2,5,2,Bat,2,11,0,215,204,Daniel Robertson,Danielle Mills,Matthew Fletcher,Clear,Worn,15135
603,2022,2022-05-24,9,2,11,9,Field,9,0,9,177,132,Michael Jensen,Gloria Miller,Jeffrey Garcia,Clear,Used,18970
604,2021,2021-05-26,7,4,7,4,Field,7,0,0,194,194,Courtney Cowan,Christine Nelson,Benjamin Farrell,Rainy,Worn,12159
605,2008,2008-04-27,7,2,16,7,Bat,7,54,0,208,154,Michelle Smith,Mary Smith,Justin Jones,Rainy,Used,32852
606,2012,2012-04-15,5,4,10,4,Field,4,0,6,233,179,Max Bishop,Christy Curtis MD,Andrew Hickman,Clear,Used,24728
607,2018,2018-04-12,6,4,14,6,Bat,4,0,0,162,162,Billy Richards,Brandon Hoover,Brian Brandt,Humid,Dusty,18392
608,2014,2014-04-04,9,4,14,9,Field,4,0,0,186,186,Bridget Hill,Michael Gonzalez,Wendy Kelly,Rainy,Dusty,37865
609,2014,2014-04-08,8,4,11,8,Field,4,0,0,146,146,Brian Kennedy,Jacob Green,James Roberts,Cloudy,Fresh,31606
610,2020,2020-05-09,1,10,13,1,Field,10,0,0,213,213,Cassandra Wright,Cynthia Smith,Molly Stephens,Clear,Used,33730
611,2020,2020-04-04,4,3,18,3,Bat,3,21,0,167,146,Alyssa Hernandez,Amy Foster,Daniel Wilson,Rainy,Used,19059
612,2013,2013-05-29,4,1,9,4,Field,1,0,0,137,137,Angela Wells,James Barnes,Kelly Vega,Clear,Fresh,26531
613,2020,2020-05-25,10,3,4,3,Bat,3,42,0,174,132,Brian Holmes,Michelle Medina,Michelle Joyce,Clear,Worn,27960
614,2010,2010-05-03,4,7,18,7,Field,7,0,9,258,159,Christopher Williams,Douglas Daniels,Daniel Oconnor,Clear,Dusty,21920
615,2018,2018-05-23,4,1,13,4,Field,1,0,0,177,177,John Anderson,Tanya Ramos,Jacob Buchanan,Humid,Worn,19422
616,2022,2022-05-18,2,10,18,2,Bat,10,0,0,170,170,Alicia Baker,John Moran,Joseph Williams,Cloudy,Dusty,20100
617,2019,2019-04-26,5,7,10,7,Bat,5,0,0,165,165,Ryan Frye,Anthony Wright,Aaron Johnson,Clear,Worn,37423
618,2015,2015-04-09,4,6,15,6,Bat,4,0,0,178,178,Christopher Diaz,Krista Vaughn,James Jensen,Rainy,Used,34801
619,2019,2019-05-10,3,9,16,3,Field,9,0,0,129,129,Todd Walker,James Glover,Joe Levine,Rainy,Worn,27767
620,2011,2011-04-14,3,9,16,3,Field,9,0,0,129,129,Kenneth Phillips,Miranda Hampton,Clayton Allen,Clear,Fresh,30436
621,2010,2010-05-09,9,8,11,9,Bat,8,0,0,166,166,Maureen Anderson,Carlos Oneill,Gina Estrada,Humid,Used,32607
622,2022,2022-05-09,1,4,9,4,Field,4,0,6,274,208,Francisco Tapia,Jennifer Campbell,Joshua Hernandez,Humid,Used,12538
623,2008,2008-04-22,4,10,3,4,Bat,4,61,0,120,59,Dustin Jordan,Stacy Beltran,Linda Rodriguez,Clear,Fresh,14488
624,2015,2015-05-11,9,2,20,9,Bat,2,0,0,180,180,Dave Bass,Joseph Park,Scott Fuentes,Rainy,Dusty,18209
625,2023,2023-04-11,6,7,7,6,Field,7,0,0,120,120,Melissa Wells,Leslie Bowman,Eileen Hogan,Rainy,Worn,18618
626,2008,2008-05-16,10,5,11,10,Field,5,0,0,202,202,Marie Johnson,Jonathan Fowler,Stephanie Miller,Humid,Fresh,28019
627,2014,2014-05-26,1,10,16,10,Field,1,0,0,187,187,Sonya Snyder,David Maxwell,Amanda Rodriguez,Clear,Worn,11889
628,2015,2015-04-19,2,9,9,2,Bat,9,0,0,220,220,Vickie Lutz MD,Rachel Lin,Nicole Hughes,Cloudy,Worn,26919
629,2017,2017-04-16,7,1,3,7,Bat,1,0,0,125,125,Thomas Martin,Stacey Peterson,Kristin Baird,Clear,Worn,29940
630,2008,2008-04-27,5,10,18,10,Bat,10,60,0,192,132,David Kane,Jasmine Carlson,Chase Schultz,Clear,Dusty,11444
631,2010,2010-04-12,3,2,6,2,Bat,3,0,0,180,180,Michelle Murphy,William Jensen,Ms. Vicki Mcdonald,Humid,Dusty,15326
632,2011,2011-05-26,10,6,14,10,Bat,6,0,0,131,131,Christy Little,Martha Williams,Angela Johnson,Humid,Dusty,27337
633,2010,2010-04-28,8,6,19,6,Field,6,0,3,171,138,Marie Owens,Ariel Matthews,Brian Smith,Cloudy,Used,21504
634,2014,2014-04-13,2,9,7,9,Bat,9,34,0,124,90,Jason Cooper,Sarah Decker,Mary Mitchell,Cloudy,Dusty,12290
635,2021,2021-05-30,6,10,19,10,Bat,10,90,0,133,43,Katherine Bryan MD,Linda Jones,Kyle Foley,Clear,Used,16904
636,2016,2016-04-11,5,3,15,5,Bat,3,0,0,187,187,Jacqueline Huber,Kari Grant,Nicholas Sanchez,Rainy,Dusty,37331
637,2014,2014-04-16,10,7,19,10,Bat,10,39,0,196,157,Lisa Hurley,Eugene Hernandez,Victoria Fisher,Cloudy,Used,12128
638,2010,2010-04-11,5,3,12,3,Field,5,0,0,138,138,Austin Hopkins,Timothy Hamilton,Amanda Smith,Cloudy,Used,19872
639,2012,2012-05-22,4,10,14,4,Bat,4,88,0,191,103,Emily Bell,Eric Martin,Michelle Douglas,Humid,Fresh,41283
640,2010,2010-05-25,7,3,11,7,Field,3,0,0,172,172,Melanie Jimenez,Jason Smith,Todd Davis,Rainy,Fresh,32732
641,2023,2023-04-10,10,1,8,10,Bat,1,0,0,147,147,Michelle Young,Richard Smith Jr.,Chase Johnson,Rainy,Fresh,40156
642,2011,2011-05-07,8,4,2,8,Field,4,0,0,141,141,Julie Taylor,Evelyn Clayton,Madeline Baker,Cloudy,Dusty,19879
643,2023,2023-05-24,8,1,9,1,Bat,8,0,0,173,173,Timothy Cline,Anita Scott,Briana Smith,Rainy,Fresh,21347
644,2017,2017-04-27,1,3,11,1,Field,3,0,0,135,135,Alexis Richmond,Randy King,Brenda Crosby,Rainy,Fresh,29854
645,2018,2018-05-07,9,6,16,6,Field,9,0,0,191,191,Sandra Ball,Rebecca Jacobs,Christine Dorsey,Rainy,Fresh,19855
646,2008,2008-05-27,6,5,7,5,Field,6,0,0,157,157,Samantha Woods,Christopher Dickerson,Dr. Calvin Parker PhD,Clear,Dusty,17540
647,2009,2009-05-16,10,6,9,6,Field,6,0,1,173,166,Kerry Kline,Matthew Smith,Brandy Wilson,Humid,Worn,23666
648,2018,2018-04-08,6,5,2,6,Field,6,0,9,271,199,Lori Wilson,Gary Lara,Penny Anderson,Cloudy,Fresh,45060
649,2010,2010-05-15,3,10,16,10,Field,10,0,8,271,207,Dr. Tyler Horton,Joseph Hall,Trevor Thompson,Rainy,Fresh,15015
650,2012,2012-05-16,5,2,14,5,Bat,2,0,0,159,159,Christopher Boyer,Joshua Jenkins,Jenny Jensen,Clear,Worn,47574
651,2014,2014-05-31,3,5,17,3,Field,3,0,5,175,120,Mary Mitchell,Alan Jacobs,Christopher Santiago,Cloudy,Fresh,37153
652,2014,2014-05-30,5,8,20,8,Bat,5,0,0,121,121,Bonnie Smith,Seth Davila,Samantha Woods,Cloudy,Fresh,19431
653,2020,2020-05-23,7,8,18,7,Field,8,0,0,142,142,Katie Lawrence,David Hunt,Isaiah Sosa,Cloudy,Dusty,23997
654,2023,2023-05-06,7,5,13,7,Bat,5,0,0,173,173,James Smith,Christopher Roberts,Evan Marquez,Cloudy,Worn,29925
655,2015,2015-04-28,8,10,1,8,Bat,10,0,0,179,179,Dr. Jennifer Santiago MD,Tara Pope,William Garcia DDS,Clear,Worn,46466
656,2019,2019-04-04,4,7,18,4,Field,4,0,2,159,143,Jonathan Cruz,Johnny Bradley,Samantha Mills,Clear,Worn,12926
657,2017,2017-05-30,6,4,14,4,Field,4,0,2,228,208,Matthew Campbell,Michelle Dixon,Andrew Perez,Rainy,Used,36474
658,2019,2019-05-07,8,5,15,8,Bat,5,0,0,120,120,Cameron Knight,Sean Wells,Allen Goodman,Rainy,Used,32392
659,2021,2021-04-05,7,10,14,7,Bat,7,18,0,198,180,Angela Johnson,Brenda Bennett,Aaron Diaz,Clear,Dusty,11496
660,2022,2022-04-12,8,2,12,8,Field,8,0,3,185,161,James Smith,Richard Butler,Katie Dennis,Cloudy,Dusty,40708
661,2008,2008-05-27,1,7,17,7,Field,1,0,0,206,206,Kimberly Harris,Jennifer Lopez,Joshua Hill,Clear,Fresh,38738
662,2016,2016-05-25,7,9,15,9,Bat,7,0,0,136,136,Jason Graham,Joshua Bennett,Oscar Montoya,Cloudy,Worn,23529
663,2019,2019-04-10,4,5,11,5,Field,5,0,8,257,185,Sharon Meadows,Kathy Hernandez,Darrell Scott,Clear,Used,19700
664,2016,2016-05-20,5,10,6,10,Field,10,0,5,163,128,Melissa Smith,Kelly Cameron,Victoria Vega,Humid,Dusty,26862
665,2013,2013-05-12,1,4,19,4,Bat,1,0,0,143,143,John Mills,Ashley Martin,Katherine Greene,Rainy,Used,15639
666,2015,2015-04-19,9,6,13,6,Bat,6,23,0,181,158,James Sharp,Thomas Jones,Tiffany Barnett,Rainy,Fresh,53826
667,2013,2013-04-16,5,4,8,5,Field,5,0,4,204,156,Mark Moore,Troy Johnson,Donald Lucas,Clear,Used,36546
668,2016,2016-05-27,1,7,4,7,Bat,7,71,0,188,117,Alexandria Hunter,Ryan Gomez,Christopher Yates,Clear,Fresh,39270
669,2012,2012-05-06,4,10,15,4,Bat,10,0,0,167,167,Shelby Jimenez,Michael Valdez,Dylan Benson,Cloudy,Fresh,39692
670,2013,2013-05-09,4,8,15,4,Bat,8,0,0,165,165,Andrew Quinn,Troy Fletcher,Dawn Newton,Rainy,Fresh,24480
671,2020,2020-05-31,10,4,20,4,Field,10,0,0,181,181,Nathaniel Lopez,John Ellis,Wendy Curry,Rainy,Used,24950
672,2008,2008-04-05,5,7,20,7,Field,5,0,0,154,154,Todd Stein,Dr. Anthony Murphy,David Castillo,Humid,Worn,18657
673,2022,2022-04-15,8,2,6,2,Bat,2,66,0,180,114,Michelle Callahan,Emily Gomez,Angela Odonnell,Cloudy,Used,14296
674,2023,2023-05-06,5,2,15,2,Bat,5,0,0,185,185,Richard Tate,Megan Gibson,Brenda Macias,Cloudy,Worn,26442
675,2023,2023-04-27,3,6,6,3,Field,3,0,3,221,200,Karen Clark,Mrs. Laura Montgomery,James Jackson,Humid,Dusty,52827
676,2014,2014-04-16,4,5,16,5,Field,4,0,0,141,141,Carl Baker,Penny Perkins,Jennifer Chung,Humid,Dusty,30186
677,2008,2008-05-17,7,1,14,1,Bat,1,99,0,155,56,Mark Winters,Jeffrey Ball,Noah Moore,Cloudy,Used,53388
678,2014,2014-05-24,2,10,8,2,Field,10,0,0,209,209,Jesus Patterson,Danny Delacruz,Nathan Foster,Clear,Dusty,73837
679,2021,2021-05-24,7,1,4,7,Field,1,0,0,171,171,Natalie Reed,David Richardson,Rebecca Palmer,Humid,Fresh,40922
680,2011,2011-04-06,2,6,14,2,Bat,6,0,0,165,165,Briana Harris,Chelsea Cook,Craig Evans,Rainy,Used,31485
681,2011,2011-05-26,2,6,12,6,Bat,2,0,0,150,150,Tracy Clark,Toni Garcia,Philip Rodriguez,Rainy,Worn,20912
682,2011,2011-05-25,2,7,14,7,Field,2,0,0,150,150,Jack Romero,Diane Pearson,Christine Bryant,Clear,Dusty,12102
683,2020,2020-05-01,8,5,19,5,Bat,8,0,0,157,157,Jeffrey Jimenez,Kelsey Christian,Kimberly Smith,Cloudy,Fresh,19403
684,2018,2018-05-15,3,6,3,3,Field,6,0,0,196,196,John Johnson,Michael Adams,Robert Anderson,Clear,Dusty,28833
685,2008,2008-05-23,10,7,1,10,Bat,7,0,0,143,143,Lindsay Lawrence,Tracey Wright MD,Heather Wilson,Cloudy,Worn,44889
686,2012,2012-04-27,2,1,18,2,Bat,1,0,0,130,130,Dan Atkinson,Juan Henderson,Bonnie Stone,Cloudy,Used,13304
687,2014,2014-04-30,4,10,12,4,Bat,10,0,0,144,144,Robert Kelly,Nicole Holt,Jeanne Williams,Rainy,Used,22465
688,2009,2009-05-09,8,10,13,8,Bat,10,0,0,207,207,William Wells,Brent Lewis,Jasmine Wu,Clear,Used,43207
689,2016,2016-04-14,6,7,7,6,Bat,7,0,0,157,157,Jeffery Osborn,Austin Hernandez,Philip Johnson,Rainy,Fresh,10118
690,2016,2016-05-01,5,2,14,2,Bat,5,0,0,204,204,Raymond Jones,Jamie Guzman,Robert Taylor,Rainy,Fresh,28003
691,2009,2009-04-07,3,4,6,3,Bat,3,18,0,208,190,Samuel Diaz,Emily Pace,Jose Cox,Clear,Fresh,49072
692,2012,2012-04-27,6,2,6,6,Field,6,0,5,221,171,Kathryn Murphy,Megan Hernandez,Laura Grimes,Humid,Worn,11866
693,2017,2017-05-23,1,9,13,1,Bat,1,2,0,164,162,John Gibson,Amy Johnson,Bryan Ferguson,Cloudy,Fresh,37517
694,2020,2020-04-14,8,3,20,8,Field,3,0,0,197,197,Matthew Wheeler,Frank Vasquez,Connor Deleon,Cloudy,Worn,27694
695,2010,2010-05-30,8,10,19,8,Bat,8,66,0,136,70,Tiffany Porter,George Clark,Douglas Colon,Cloudy,Fresh,11553
696,2017,2017-04-22,5,2,8,5,Field,5,0,5,227,167,David Freeman,Vernon Lee,Dr. Barbara Kelly,Humid,Used,52984
697,2009,2009-04-29,4,3,1,4,Bat,4,21,0,170,149,Allison Miller,Aimee Villanueva,Jamie Fuller,Clear,Dusty,41709
698,2022,2022-05-08,10,7,15,10,Field,7,0,0,177,177,Cole Bryant,Amanda Garcia,Tina Hunt,Humid,Worn,21051
699,2010,2010-05-31,6,9,9,6,Field,9,0,0,163,163,Scott Hurst,Sandra Reyes,Natasha Dominguez,Clear,Used,24989
700,2018,2018-05-26,7,9,3,7,Field,7,0,3,196,181,Aaron Singleton,Elizabeth Stokes,Michael Baker,Cloudy,Worn,27222
701,2009,2009-04-20,9,6,18,9,Bat,6,0,0,126,126,Dustin Lee,Roy Ellis,Eric Moore,Cloudy,Used,18860
702,2009,2009-05-06,7,5,13,5,Field,5,0,6,169,139,Jimmy Griffin,Russell Jimenez,Amanda Nunez,Clear,Worn,56421
703,2011,2011-05-25,3,8,6,3,Field,3,0,7,223,167,Jonathan Lee,Eric Howard,Brandi Watson,Cloudy,Worn,14622
704,2013,2013-04-28,5,3,13,5,Bat,5,57,0,138,81,Miranda Price,Rebecca Ortiz,Joseph Delgado,Humid,Fresh,51730
705,2022,2022-05-07,10,8,8,8,Field,10,0,0,196,196,Sara Webb,Pamela Decker,Robert Jones,Cloudy,Fresh,54744
706,2014,2014-05-09,1,7,9,1,Field,7,0,0,164,164,Javier Powell,Robert Scott,Christine Butler,Humid,Used,27132
707,2016,2016-05-19,4,8,14,8,Bat,4,0,0,195,195,Valerie Graham,David Morgan,Jamie Copeland,Humid,Worn,37501
708,2021,2021-05-21,8,4,19,4,Field,8,0,0,210,210,Justin Warren,Vincent Morgan,Angela Baker,Rainy,Fresh,19857
709,2010,2010-05-18,2,4,12,4,Field,2,0,0,165,165,Pedro Simmons,Samuel Hopkins,Lauren Cross,Rainy,Fresh,40808
710,2022,2022-05-03,7,1,7,7,Bat,1,0,0,138,138,Sara Dickson,Jeffrey Harper,Mary Johnson,Clear,Dusty,23917
711,2016,2016-04-16,6,10,8,10,Field,6,0,0,150,150,Sara Ramirez,Jeffrey Rivera,Nathan Cooper,Cloudy,Used,52189
712,2017,2017-04-01,6,3,16,6,Field,3,0,0,192,192,Wendy Summers,Richard Wilson,Lisa Raymond MD,Humid,Worn,16638
713,2010,2010-04-11,7,6,20,6,Bat,6,26,0,153,127,Patricia Cook,Bruce Atkinson,Tyler Brown,Rainy,Worn,21042
714,2016,2016-05-10,3,10,11,3,Bat,3,75,0,159,84,Cynthia Oconnor,Mary Ingram,John Nelson,Humid,Used,36081
715,2010,2010-05-05,2,7,9,2,Field,7,0,0,138,138,Paula Torres,Nicholas Baker,Johnny Espinoza,Clear,Worn,30100
716,2013,2013-04-16,8,1,8,8,Field,8,0,8,228,164,Tammy Torres,Steven Holmes,Amy Payne,Cloudy,Used,67718
717,2021,2021-04-11,7,10,9,10,Field,10,0,6,231,183,Carrie Shepard,Brandon Warren,Veronica Mathews,Humid,Worn,12524
718,2011,2011-04-07,6,4,18,6,Bat,4,0,0,168,168,Nicholas Stone,Tara Clark,Ms. Tiffany Lopez,Cloudy,Worn,21756
719,2013,2013-04-09,8,5,19,8,Field,5,0,0,180,180,Deborah Miranda,Brian Carlson,Justin Harrison,Clear,Used,10362
720,2018,2018-04-22,9,1,12,1,Bat,9,0,0,189,189,Gabriela Garcia,Scott Gomez,Carol Acosta,Humid,Worn,41042
721,2019,2019-04-04,7,3,13,7,Field,3,0,0,192,192,Amy Goodwin,Angela Baker,Jeff Cardenas,Humid,Used,47346
722,2017,2017-05-19,3,9,19,9,Bat,3,0,0,219,219,Amanda Alvarez,Kenneth Meyer,William Mason,Clear,Fresh,20057
723,2012,2012-04-09,3,1,16,3,Field,3,0,2,189,167,Deanna Jones,Robert Cross,Philip Rose,Rainy,Dusty,41090
724,2011,2011-05-10,6,3,4,3,Field,6,0,0,197,197,Valerie Gaines,Jill Raymond,Mrs. Brianna Stevens MD,Rainy,Fresh,22095
725,2017,2017-04-02,4,10,12,4,Field,10,0,0,182,182,Philip Gutierrez,Rebecca Davis,Denise Jones,Clear,Fresh,42178
726,2010,2010-05-23,3,1,17,3,Bat,1,0,0,148,148,Austin Roberts,Andres Cook,Curtis Hamilton,Humid,Fresh,21297
727,2012,2012-04-29,9,4,12,9,Bat,4,0,0,164,164,Logan Newman,Robert Pena,Matthew Holt,Cloudy,Used,36684
728,2020,2020-04-21,2,5,10,2,Field,2,0,9,234,126,Robert Norris,Brenda Cohen,Jessica Barton,Cloudy,Used,54223
729,2018,2018-04-18,2,9,3,9,Bat,9,19,0,150,131,Peggy Kelley,Shelly Gutierrez,Noah Lawrence,Cloudy,Dusty,11362
730,2016,2016-04-14,1,8,19,1,Bat,8,0,0,183,183,David Robinson,Nancy Jones,Brandon Stafford,Cloudy,Worn,15248
731,2011,2011-04-15,8,4,10,4,Field,4,0,7,170,135,Nancy Martin,Sarah Campbell,Tracey Mendoza,Rainy,Fresh,52141
732,2019,2019-05-30,5,1,17,5,Bat,5,40,0,195,155,Karen Robinson,Jennifer Taylor,Jennifer Holden,Cloudy,Worn,58447
733,2009,2009-04-28,9,1,2,1,Field,9,0,0,159,159,Michael Foley,William Higgins DVM,Matthew Edwards,Rainy,Used,43341
734,2009,2009-04-02,4,2,15,4,Bat,2,0,0,142,142,Mrs. Nicole Smith,Karen Davenport,David Moore,Rainy,Used,28715
735,2009,2009-04-06,7,4,4,4,Bat,7,0,0,216,216,Bradley Love,Tommy West,Cameron Mills,Cloudy,Dusty,64170
736,2013,2013-05-15,6,7,2,6,Bat,6,80,0,205,125,Brenda Pena,Melody Lee,Duane Miles,Rainy,Worn,23426
737,2014,2014-05-13,7,1,14,1,Field,1,0,4,246,210,Joshua Gonzales,Todd Wade,Maria Meza,Clear,Dusty,12739
738,2018,2018-04-28,3,4,3,3,Bat,3,63,0,128,65,Ashley Perez,Monica Dunlap,Connor Guerra,Humid,Used,34251
739,2020,2020-04-11,5,10,19,10,Bat,5,0,0,182,182,Jason Smith,Danielle Sanchez,Terry Davis,Clear,Dusty,13289
740,2013,2013-05-18,1,7,6,1,Bat,1,56,0,198,142,Tina Terry,Edward Warren,Stephen Marshall,Rainy,Used,38968
741,2015,2015-05-19,1,10,5,10,Field,1,0,0,153,153,Cheryl Harper,Karen Rodriguez,Michael Hobbs,Clear,Dusty,22452
742,2013,2013-04-20,3,4,11,4,Bat,4,9,0,151,142,Timothy Combs,Jeff Gonzalez,Brandy Key,Humid,Used,19395
743,2015,2015-05-16,1,2,3,2,Bat,1,0,0,192,192,Jessica King,Trevor Villarreal,Steven Lawson,Clear,Used,13401
744,2008,2008-05-19,7,1,19,7,Field,7,0,4,237,217,Robert Nicholson,Jose Patel,Samuel Flores,Clear,Fresh,20630
745,2018,2018-05-02,4,8,20,8,Field,8,0,8,229,149,Zachary Frye,Melissa Daniels,Johnny Jones,Cloudy,Used,19399
746,2020,2020-05-23,4,7,5,7,Bat,7,54,0,173,119,Jerry Burton,Mary Hess,Jordan Armstrong,Rainy,Dusty,22728
747,2016,2016-05-27,6,10,13,6,Bat,6,28,0,211,183,Amy Burton,Robert Allen,Beverly Tucker,Cloudy,Worn,69005
748,2017,2017-05-28,6,5,7,5,Bat,5,14,0,189,175,Thomas Lindsey,Sara Mills,Nicholas Russell,Rainy,Worn,23646
749,2009,2009-05-22,4,10,11,4,Field,10,0,0,148,148,Daniel Curtis,Debra Ware,Jeffery Lucero,Cloudy,Dusty,47184
750,2014,2014-05-19,10,3,13,10,Bat,3,0,0,149,149,Stephen Mitchell,Leah Wells,Margaret Wagner,Cloudy,Dusty,30723
751,2022,2022-05-03,1,2,3,1,Bat,1,7,0,162,155,Ethan Weaver,Judy Williams,Pamela Garza,Clear,Worn,21688
752,2016,2016-05-22,10,6,19,6,Field,6,0,3,157,139,Samuel Gomez,Timothy Gomez,Valerie Beard,Cloudy,Used,12674
753,2022,2022-05-08,8,5,8,8,Bat,5,0,0,122,122,David Wilson,James Thompson,Danielle Fisher,Rainy,Dusty,59724
754,2021,2021-05-24,6,8,19,6,Field,6,0,8,281,201,Robert Johnson,Emily Rhodes,Luke Harvey,Humid,Fresh,16061
755,2011,2011-04-11,10,5,13,10,Bat,10,82,0,161,79,Maurice Mcguire,Robert Hayes,Stephanie Bennett,Clear,Worn,49505
756,2019,2019-05-06,1,7,6,7,Field,1,0,0,162,162,Blake Watkins,Stephen Wright,Latasha Tate,Rainy,Worn,69363
757,2018,2018-04-26,7,6,2,6,Field,7,0,0,157,157,Tammy Burton,Christopher Bonilla,Carol Green,Cloudy,Fresh,11259
758,2023,2023-04-27,5,7,11,7,Field,7,0,6,196,142,Trevor Gray,Julia Vargas,Dustin Johnson,Cloudy,Dusty,28457
759,2018,2018-05-04,2,6,17,2,Bat,2,98,0,133,35,Jacob Chandler,Joseph Anderson,David Brooks,Clear,Used,34470
760,2021,2021-04-26,8,6,4,8,Bat,8,26,0,215,189,Joseph Robinson,Mr. Albert Jones,Lisa Reed,Cloudy,Fresh,57071
761,2010,2010-04-21,1,7,8,1,Bat,1,50,0,161,111,Kyle Turner,Margaret Johnson,Olivia Porter,Cloudy,Dusty,35860
762,2019,2019-05-11,10,3,16,3,Bat,3,24,0,184,160,Betty Osborn,David Robinson,Jeffrey Wilson,Clear,Used,22957
763,2020,2020-05-28,10,4,4,10,Bat,10,42,0,216,174,Jacob Baker,Joshua Hill,Randy Paul,Cloudy,Dusty,51634
764,2008,2008-05-28,5,10,6,5,Bat,5,64,0,164,100,Dr. Tiffany Hobbs MD,Samuel Henry,Karen Dalton,Clear,Dusty,15239
765,2023,2023-05-14,8,1,3,1,Field,8,0,0,168,168,Robert Jones,Jillian Andrews,Krystal Mathews,Rainy,Worn,34320
766,2015,2015-04-12,9,4,8,9,Bat,4,0,0,161,161,Stephen Griffin,Ashlee Miranda,Amy Palmer,Humid,Dusty,70768
767,2018,2018-05-23,3,10,13,10,Bat,3,0,0,200,200,Tammy Kim,Michelle Martin,Rodney Lyons,Cloudy,Dusty,33967
768,2012,2012-05-16,4,2,1,2,Field,4,0,0,141,141,Rebecca Wells,Jason Carroll,Shawn Tucker,Clear,Dusty,35705
769,2013,2013-05-10,4,8,20,8,Field,8,0,3,199,184,Meagan Sutton,Mr. Blake Mitchell,Lisa Glenn,Humid,Fresh,12192
770,2019,2019-05-02,4,7,16,4,Field,4,0,6,245,179,Marie Serrano,John Lane,Kyle Fleming,Clear,Used,28474
771,2018,2018-04-11,6,7,8,6,Field,6,0,6,291,219,Patricia Nguyen,Robin Huffman,Alicia Taylor,Humid,Worn,53392
772,2013,2013-05-20,10,4,8,4,Field,10,0,0,152,152,Nicholas Anderson,Ashley Jones,Amy Smith,Rainy,Used,52159
773,2019,2019-04-05,8,5,3,5,Field,8,0,0,195,195,Angela Gomez,Kristin Tate,Ashley Reilly,Humid,Fresh,25523
774,2013,2013-04-04,1,6,12,6,Bat,6,41,0,182,141,Shawn Reeves,Renee Pearson,Kendra Glass,Cloudy,Used,41382
775,2018,2018-04-08,7,9,6,9,Field,7,0,0,149,149,Brooke Pierce,Thomas Stewart,Anthony Walton,Cloudy,Dusty,28662
776,2021,2021-05-27,3,6,1,3,Bat,6,0,0,180,180,Christopher May,David Collier,Heather Carr,Cloudy,Worn,34577
777,2022,2022-05-09,7,6,13,7,Field,7,0,5,182,157,Spencer Walton,Jenna Ray,Christine Vega MD,Clear,Used,42550
778,2011,2011-05-22,3,2,17,3,Bat,3,97,0,166,69,Cynthia Pearson,Charles Norris,Robert Mcdaniel,Humid,Fresh,37042
779,2019,2019-04-18,7,9,2,9,Field,7,0,0,202,202,Geoffrey Herrera,Luis Allen,Michael Davidson,Cloudy,Dusty,20424
780,2013,2013-05-07,4,1,18,4,Bat,4,62,0,125,63,Michelle Shields,Jack Combs,Joyce Wright,Cloudy,Used,12500
781,2011,2011-05-03,9,6,11,6,Field,9,0,0,193,193,Ricardo Thompson,Ashley Hayes,Steven Orozco,Rainy,Fresh,37193
782,2013,2013-05-25,10,8,1,8,Bat,8,66,0,141,75,Mary Johnson,Andrew Dodson,Alison Holmes,Cloudy,Used,45142
783,2008,2008-05-31,10,5,9,5,Field,10,0,0,158,158,Brandon Gardner,Bethany Olson,Patrick Taylor,Humid,Used,20717
784,2018,2018-05-18,1,8,20,8,Bat,1,0,0,122,122,Michael Johnson,Melissa Brown,Richard Kelly,Clear,Used,16558
785,2023,2023-05-16,4,5,12,5,Bat,4,0,0,208,208,Jennifer Coleman,Terri Porter,David Moore,Cloudy,Fresh,20154
786,2012,2012-04-22,6,4,16,4,Field,4,0,7,254,205,Roy Hansen,Amy Curry,Sarah Conrad,Rainy,Dusty,28700
787,2008,2008-04-03,1,10,1,10,Bat,10,57,0,168,111,Michele Malone,Bruce Payne,Jason Simpson,Cloudy,Fresh,13508
788,2021,2021-04-02,9,5,9,9,Field,9,0,3,157,124,Danielle Holmes,Kyle Arnold,Deborah Cummings,Rainy,Fresh,11217
789,2019,2019-05-28,7,8,14,7,Bat,7,85,0,128,43,Melody Yang,Thomas Chaney,Denise Turner,Humid,Worn,41402
790,2023,2023-04-21,5,4,8,4,Bat,5,0,0,205,205,Heidi Yoder,Courtney Simpson,Jennifer Shea,Rainy,Used,16198
791,2016,2016-05-31,2,6,15,6,Bat,6,85,0,167,82,Samuel Williams,Mrs. Tammy Wilson,Shawn Hamilton,Cloudy,Worn,34090
792,2017,2017-05-18,3,7,12,7,Field,7,0,3,250,214,Charles James,Raymond Thompson,Kelly Johnson,Rainy,Worn,41502
793,2011,2011-05-03,6,10,15,10,Bat,6,0,0,155,155,Sharon Tyler,David Edwards,Ernest Hopkins,Humid,Used,37888
794,2011,2011-05-18,4,7,3,7,Bat,4,0,0,152,152,Vincent Dean,Jeffrey Smith,James Brooks,Humid,Used,34238
795,2013,2013-05-02,6,8,4,8,Field,8,0,9,315,216,Jessica Wilcox,Erin Davis,Terry Moore,Cloudy,Worn,59140
796,2017,2017-05-26,2,4,15,2,Bat,2,65,0,133,68,Tracy Vargas,Laura Parker,Jeff Richards,Cloudy,Fresh,32771
797,2017,2017-05-10,5,4,18,5,Bat,5,3,0,123,120,Garrett Simpson,Joseph Krause,Ryan Gentry,Clear,Used,13042
798,2018,2018-05-26,2,7,12,7,Bat,7,44,0,169,125,Brandon Smith,Daniel Wells,Tammy Romero,Cloudy,Worn,24041
799,2019,2019-04-09,1,8,11,8,Bat,8,90,0,180,90,Adam Hall,Erik Mills,Amanda Wells,Rainy,Fresh,37702
800,2010,2010-04-25,2,4,4,4,Field,4,0,4,207,187,Shelby Potter,Ashley Bennett,Amber Roach,Humid,Worn,46216
1,2009,2009-04-15,4,2,9,4,Field,2,0,0,153,153,Sarah Robinson,Anthony Miller,Vanessa Price,Rainy,Worn,34569
2,2015,2015-05-12,9,8,14,9,Bat,8,0,0,150,150,Beverly Munoz,Rebecca Barber,Drew Davis,Rainy,Dusty,38186
3,2023,2023-05-15,4,8,16,4,Field,8,0,0,150,150,Lauren Stout,Kelly Johnson,Daniel Clements,Rainy,Used,22298
4,2015,2015-05-26,9,2,8,2,Field,2,0,8,228,140,Charles Buck,Stephanie Mcfarland,Stephanie Smith,Cloudy,Fresh,27556
5,2008,2008-04-01,1,8,17,1,Field,8,0,0,143,143,Tracy Gilbert,Christian Jacobs,Linda Webster,Cloudy,Dusty,29446
6,2009,2009-05-29,4,7,4,7,Field,7,0,9,215,170,Sarah Warner,Kelly Hamilton,Steve Jefferson,Cloudy,Worn,56671
7,2017,2017-05-06,5,10,1,10,Bat,10,12,0,187,175,Sabrina Jenkins,Brandi Lambert,Carolyn Smith,Humid,Fresh,10751
8,2012,2012-04-08,6,5,4,5,Field,6,0,0,162,162,Daniel Knight,Joshua Williams,Tammy Moran,Humid,Used,31887
9,2019,2019-04-29,4,5,9,4,Field,4,0,2,216,206,Sabrina Davis,Melissa Phillips,Paul Watson,Humid,Fresh,25760
10,2021,2021-05-25,10,5,5,10,Field,5,0,0,136,136,Anita Mcconnell,Ann Welch,Robert Casey,Cloudy,Worn,14140
11,2008,2008-05-26,7,2,14,7,Bat,2,0,0,135,135,Vincent Lopez,Ryan Roberson,James Haynes,Rainy,Worn,55727
12,2015,2015-05-22,10,9,15,9,Bat,10,0,0,151,151,Debbie Ortega,Madison Roberts,Audrey Moss,Rainy,Dusty,14105
13,2011,2011-05-20,7,9,4,7,Field,9,0,0,144,144,Melissa Smith,Edward May,Travis Pitts,Rainy,Fresh,20700
14,2021,2021-05-22,7,1,15,1,Field,7,0,0,189,189,Rhonda Hood,Diana Robinson,Michaela Ingram,Humid,Dusty,12931
15,2023,2023-04-12,8,7,17,8,Field,8,0,6,190,148,Dominique Reed,Jerome Charles,James Spencer,Rainy,Dusty,29312
16,2008,2008-04-13,2,4,18,4,Field,4,0,9,234,171,Julia Wright,Stanley Daniels,Roger Williams,Clear,Fresh,17157
17,2014,2014-05-23,8,6,6,6,Bat,6,61,0,215,154,Karen Davis,Matthew Williams,Victoria Gomez,Rainy,Fresh,28293
18,2012,2012-05-03,7,5,13,7,Bat,7,4,0,173,169,Christopher Barrett,Caitlyn Jones,Jay Harrison,Rainy,Used,68768
19,2012,2012-05-01,3,10,11,3,Field,10,0,0,209,209,Monica Collins,Michelle Obrien,Jeffrey Stevens,Rainy,Dusty,44054
20,2014,2014-04-18,4,1,8,4,Field,1,0,0,219,219,Brian Jackson,Jonathan Morrison,Thomas Garcia,Humid,Dusty,28442
21,2008,2008-04-24,9,7,9,7,Field,9,0,0,166,166,Walter Rosario,Tyler Small,Sharon Fisher DVM,Cloudy,Fresh,24458
22,2023,2023-05-07,8,9,8,8,Bat,8,77,0,208,131,Jesse Rodriguez,Amanda Rosario,Micheal Kramer,Humid,Dusty,31064
23,2016,2016-05-08,5,7,17,5,Bat,5,25,0,160,135,Tiffany Martin,Patrick Webb,Ian Frank,Cloudy,Worn,44058
24,2011,2011-04-21,8,2,6,2,Bat,8,0,0,206,206,William Brown,Andrew Gomez,Christopher Mendoza,Cloudy,Dusty,51969
25,2008,2008-05-25,2,4,11,2,Bat,2,26,0,150,124,Ethan Banks,Zachary Ward,Sarah Cantu,Rainy,Used,35792
26,2014,2014-04-28,6,9,10,9,Bat,6,0,0,176,176,Paul Herrera,Antonio Lawson,Alicia Lopez,Clear,Dusty,38332
27,2013,2013-04-11,5,4,3,5,Field,4,0,0,179,179,Elizabeth Jackson,Cynthia Black,John Ford,Cloudy,Dusty,10455
28,2017,2017-05-10,5,7,1,7,Field,7,0,5,173,128,Paul Williamson,Lindsey Stewart,David Mcdonald,Rainy,Worn,44385
29,2022,2022-04-26,2,10,4,2,Bat,2,49,0,218,169,Susan Bennett,Michael Carlson,Michael Anderson,Clear,Fresh,20643
30,2009,2009-05-09,1,6,16,6,Field,1,0,0,199,199,Johnathan Durham,William Curry,Brandon Hunt,Cloudy,Used,31869
31,2011,2011-04-08,1,8,17,8,Field,1,0,0,172,172,Kenneth Becker,Zachary James,Dana Turner,Humid,Worn,31727
32,2023,2023-04-09,10,7,16,7,Field,10,0,0,158,158,Thomas Clark,Emily Austin,Ashley Sullivan,Rainy,Fresh,40564
33,2018,2018-05-01,7,1,13,1,Field,7,0,0,124,124,Edward Hill,Janice Jones,Andrea Chase,Cloudy,Fresh,20445
34,2021,2021-04-08,1,8,20,8,Bat,1,0,0,206,206,Dustin Cooper,Joseph Macias,Peter Stewart,Cloudy,Fresh,27056
35,2019,2019-04-11,3,5,1,5,Field,5,0,9,244,154,Ashley Graham,Matthew Cardenas,Ray Pacheco,Rainy,Used,45967
36,2022,2022-05-09,5,2,13,5,Bat,2,0,0,170,170,Mariah Collins,Dylan Cruz,John Burke,Clear,Worn,28075
37,2018,2018-04-06,7,10,14,10,Field,7,0,0,123,123,Yolanda Kramer,Shelly Simpson,Adriana Sawyer,Rainy,Worn,36014
38,2014,2014-04-01,10,8,3,10,Field,10,0,1,131,125,Nathan Anderson,Vanessa Cabrera,Lisa Sandoval,Clear,Worn,24395
39,2012,2012-04-16,4,1,6,1,Bat,4,0,0,169,169,Nicholas Jensen,Jennifer Hill,Leslie Williamson,Humid,Fresh,71963
40,2017,2017-04-29,8,7,10,8,Bat,8,87,0,198,111,Tracey Li,Mary Moody,Brendan Jones,Cloudy,Fresh,49517
41,2010,2010-05-20,8,10,3,10,Bat,10,52,0,193,141,Brittany George,Christine Brown,Mark Knight,Clear,Dusty,17619
42,2008,2008-05-30,9,5,11,5,Field,9,0,0,166,166,Matthew Knight,Alan Navarro,Christopher Wilson,Clear,Fresh,32953
43,2012,2012-05-29,2,5,7,5,Bat,2,0,0,212,212,Joseph Nichols,David Moore,Jason Johnson,Clear,Dusty,22889
44,2016,2016-05-03,1,6,9,1,Bat,6,0,0,151,151,Sonya Fisher,Joshua James,Stuart Walker,Clear,Fresh,34730
45,2018,2018-05-04,9,5,2,5,Field,9,0,0,217,217,Eric Anthony,Nicholas Thomas,Courtney Hardin,Clear,Dusty,37567
46,2020,2020-05-19,3,1,3,3,Field,3,0,9,308,200,Emily Cantu,Kelly Cox,Christian Riddle,Humid,Worn,28138
47,2019,2019-04-09,10,1,2,10,Bat,10,13,0,204,191,Melinda Davis,Heather Scott,Linda Hardy,Humid,Worn,10900
48,2011,2011-05-15,10,8,6,8,Field,8,0,1,222,216,Anthony Bauer,Brian Schultz,Jose Hill,Clear,Fresh,40982
49,2011,2011-05-05,8,2,14,2,Bat,8,0,0,173,173,Kimberly Barnes,Paul Day,Christopher Roy,Rainy,Used,26647
50,2023,2023-05-04,3,6,8,6,Bat,6,35,0,157,122,Jacob Moore,Angela Walton,Patrick Taylor MD,Rainy,Fresh,65291
51,2021,2021-04-19,1,5,3,1,Field,1,0,7,222,173,Andrew Chang MD,Julia Little,Eddie Cooper,Humid,Fresh,12948
52,2019,2019-05-08,2,3,18,3,Bat,2,0,0,129,129,Isaiah Welch,Melissa Rodgers,Richard Bryan,Rainy,Used,14345
53,2010,2010-04-11,2,3,4,2,Field,3,0,0,198,198,Angela Cook,Mr. Benjamin Douglas,Carlos Wilson,Clear,Used,67278
54,2022,2022-05-30,3,9,19,9,Field,3,0,0,137,137,David Williams PhD,David Baker,Lori Johnson,Clear,Worn,18912
55,2022,2022-04-18,6,10,19,6,Field,10,0,0,156,156,Kimberly Mendez,James Faulkner,Lisa Ferguson,Clear,Fresh,20254
56,2022,2022-04-23,3,1,1,1,Field,3,0,0,167,167,Christopher Wolf,Patrick King,Connie Mann,Rainy,Used,48687
57,2013,2013-04-21,2,5,12,2,Field,5,0,0,198,198,Christopher Munoz,Brandon Ross,David Black,Rainy,Fresh,22781
58,2018,2018-04-10,3,4,19,4,Field,3,0,0,191,191,Kristen Johnson,Mr. Jacob Chavez,Christina Garner,Rainy,Fresh,10774
59,2013,2013-04-12,9,5,3,9,Field,5,0,0,174,174,Joseph Myers,Joe Moore,Joshua Gomez,Rainy,Used,31496
60,2009,2009-05-27,10,7,6,10,Bat,10,8,0,179,171,Latoya Miller,Douglas Ruiz,Angela Nelson,Humid,Used,61149
61,2020,2020-05-23,7,8,11,7,Bat,7,84,0,174,90,Brian Ortiz,Susan Leon,Victoria Hatfield,Rainy,Dusty,17407
62,2020,2020-05-14,2,5,19,2,Bat,2,90,0,129,39,David Pitts,Eric Terry MD,Amber Porter,Rainy,Fresh,18384
63,2018,2018-04-15,8,7,3,8,Bat,7,0,0,140,140,Samantha Perez,Dawn Galloway,Ashley Green,Rainy,Worn,14400
64,2015,2015-05-13,4,1,5,1,Bat,4,0,0,160,160,Amanda Long,Edward Mitchell,Christopher Morgan,Humid,Worn,27417
65,2011,2011-05-06,3,7,20,3,Field,7,0,0,174,174,Sydney Price,Alan Richardson,Jeremy Johnson,Humid,Worn,10742
66,2009,2009-05-07,9,7,20,7,Field,9,0,0,136,136,Brooke Harris,Angel Young,Charles Nelson,Cloudy,Fresh,20937
67,2011,2011-05-10,7,1,7,7,Bat,1,0,0,158,158,Anthony Acosta,Emma Black,Shawn Nguyen,Cloudy,Worn,16556
68,2016,2016-05-10,4,10,1,4,Field,10,0,0,199,199,Emily Sherman,Leslie Ellis,Steven Suarez,Clear,Used,41299
69,2023,2023-04-17,10,3,3,3,Bat,3,66,0,196,130,Kimberly Adams,Tiffany Morales,Samantha Warner,Humid,Used,33542
70,2015,2015-05-24,7,2,17,7,Field,7,0,3,177,162,Christopher Rivera,Kevin Juarez,Julia Davis,Cloudy,Used,18045
71,2011,2011-04-22,4,9,10,4,Bat,4,32,0,218,186,Anthony Thompson,Sandra Carney,Kim French,Humid,Worn,28663
72,2008,2008-05-27,9,5,20,9,Field,9,0,9,242,152,Hector Harris,Randall York,Steven Nguyen,Clear,Used,20047
73,2016,2016-05-20,6,4,11,4,Field,6,0,0,139,139,Sharon Hill,Michelle Anderson,Jonathan Mills,Clear,Worn,17473
74,2023,2023-04-07,10,2,9,2,Bat,2,1,0,123,122,Stephen Day,Jason Walters,Nancy Ramirez,Clear,Used,13691
75,2010,2010-04-11,9,1,2,9,Bat,1,0,0,173,173,Matthew Lane,Wyatt Foster,Kirsten Fitzgerald,Rainy,Fresh,29301
76,2011,2011-04-19,6,10,17,6,Bat,6,46,0,198,152,Isabel Brown,Jennifer Banks,Kevin Randall,Humid,Worn,45111
77,2022,2022-04-27,10,4,8,10,Field,10,0,9,205,142,Samuel Bonilla,Christopher Ferguson,Desiree Gay,Cloudy,Used,60710
78,2020,2020-05-25,3,7,6,3,Field,3,0,1,202,192,William Carlson,Terry Jenkins,Cynthia Jones,Humid,Used,45320
79,2012,2012-04-24,9,6,15,6,Bat,6,80,0,145,65,Jasmine Garrison,John Shannon,Ashley Horne,Cloudy,Fresh,29703
80,2023,2023-04-21,8,9,9,8,Field,9,0,0,131,131,Cynthia Bass,Ryan Garcia,Troy Anderson,Humid,Used,11149
81,2018,2018-04-29,10,3,14,10,Bat,3,0,0,141,141,Catherine Delacruz,James Johnston,Nicole Arias,Humid,Dusty,44468
82,2012,2012-05-10,1,3,2,3,Bat,3,59,0,178,119,Dale Lopez,John Kelley,Robert Weaver,Clear,Dusty,26765
83,2016,2016-05-31,2,5,6,2,Field,2,0,8,194,154,Ashley Mayer,Lauren Fowler,Steven Chang,Clear,Worn,30486
84,2013,2013-04-15,7,4,17,7,Field,4,0,0,146,146,Carla Torres,Daniel Wright,Richard Rogers,Humid,Used,44537
85,2017,2017-04-26,2,6,12,6,Field,2,0,0,182,182,Lori Carter,Trevor Morales,Ann Robinson,Rainy,Worn,32861
86,2012,2012-04-12,7,5,16,7,Bat,5,0,0,166,166,Connie Nelson,Tyler Morrison,David Hutchinson,Cloudy,Used,17222
87,2011,2011-04-16,9,4,14,9,Field,4,0,0,173,173,Heidi Estes,Donna Smith,Shane Robinson,Cloudy,Worn,24464
88,2015,2015-05-19,5,6,10,6,Field,6,0,1,167,155,Richard Ali,Elizabeth Robertson,Mary Oconnell,Rainy,Dusty,17277
89,2021,2021-04-26,2,8,10,2,Bat,2,10,0,204,194,Richard Newton,Nicholas Gardner,Rhonda Burton,Clear,Worn,45887
90,2011,2011-05-21,1,7,9,7,Bat,1,0,0,156,156,Andrea Callahan,Melissa Mora,Angela Miller,Clear,Worn,23969
91,2011,2011-04-05,7,8,18,7,Field,8,0,0,143,143,Christopher Allen,David Lang,Sarah Norris,Cloudy,Dusty,24779
92,2016,2016-05-02,6,7,4,7,Field,6,0,0,163,163,Amber Snyder,Debra Orr,Perry Hernandez,Humid,Fresh,67440
93,2017,2017-05-13,5,3,6,5,Field,3,0,0,147,147,Miss Nicole Moore DDS,Elizabeth Johnson,Nathaniel Hughes,Clear,Worn,65107
94,2019,2019-04-06,10,5,3,10,Field,10,0,4,214,186,Michelle Johnson,Travis Lopez,Christina Rodriguez,Rainy,Dusty,31632
95,2012,2012-04-06,8,10,19,8,Field,8,0,4,157,133,Travis Mathews,Kelly Jones,Mary Guzman,Humid,Dusty,12430
96,2014,2014-04-15,8,1,12,8,Bat,8,21,0,133,112,Heather Jones,Carrie Wilkins,Annette Reilly,Clear,Fresh,39841
97,2013,2013-05-18,2,4,7,2,Field,4,0,0,158,158,Patrick Lambert,Louis Mcmillan,Nicholas Edwards,Cloudy,Dusty,21940
98,2010,2010-04-03,3,6,5,3,Field,3,0,3,185,170,Stacey Chang,Megan Miller,Crystal Camacho,Humid,Worn,20731
99,2021,2021-05-02,2,5,12,2,Field,5,0,0,190,190,Kenneth Sutton,Steven Mason,Rachael Cannon,Humid,Used,24654
100,2015,2015-05-01,2,3,2,3,Bat,2,0,0,147,147,Shannon Campbell,Victor Bennett,Scott Jackson,Rainy,Fresh,39623
101,2016,2016-04-30,9,2,6,9,Bat,9,69,0,141,72,Brenda Anthony,April Green,Heather Garcia,Rainy,Dusty,43535
102,2022,2022-04-28,4,8,12,4,Field,8,0,0,183,183,Amanda Carroll,Nicole Floyd,Brian Rivera,Clear,Worn,27887
103,2017,2017-05-22,2,4,17,4,Field,2,0,0,158,158,Allison Baker,Patrick Sampson,Aaron Edwards,Clear,Used,36703
104,2013,2013-04-29,1,2,20,2,Field,2,0,1,204,193,Natasha Hoover,Nancy Parker,Jacob Rodriguez,Rainy,Fresh,21288
105,2010,2010-04-08,9,4,15,4,Bat,4,27,0,181,154,Shane Armstrong,Robert Jones,Brittany Wagner,Cloudy,Dusty,22250
106,2023,2023-05-11,1,8,2,8,Field,8,0,4,230,182,Michael Paul,Scott Horn,Kenneth Walker,Rainy,Worn,11582
107,2014,2014-04-17,4,7,13,7,Field,7,0,1,145,133,Randy Meyer,Patrick Washington,Timothy Harvey,Humid,Dusty,47423
108,2009,2009-05-24,4,9,4,9,Field,9,0,1,178,172,David Sanchez,John Rollins,Bradley Smith,Cloudy,Fresh,62821
109,2013,2013-04-28,3,9,1,9,Bat,3,0,0,141,141,Kristin Roberts,Gregory Lester,Marissa Roach,Rainy,Dusty,38107
110,2008,2008-05-29,1,5,9,1,Field,1,0,6,226,166,Jose Rodriguez,Thomas Thornton,Antonio Hendricks,Humid,Fresh,25773
111,2009,2009-05-06,4,6,11,6,Field,6,0,3,192,165,Derek Brewer,Charles Stephens,Jessica Johnson,Cloudy,Worn,23571
112,2019,2019-04-16,5,3,17,3,Bat,3,32,0,195,163,Alexandra Jones,Leslie Parker,Robert Stevenson,Rainy,Used,50350
113,2018,2018-05-28,6,8,19,8,Field,8,0,8,245,149,David Nguyen,Caroline Young,Amanda Ponce,Humid,Dusty,17308
114,2021,2021-05-06,6,8,5,6,Field,8,0,0,182,182,Jeremy Reese,Margaret Aguilar,Jeremy Johnson,Clear,Fresh,20609
115,2019,2019-04-23,10,5,4,10,Bat,10,98,0,188,90,Brandon Francis,Scott Stone,Joseph Daniel,Rainy,Worn,43663
116,2022,2022-04-23,9,1,1,1,Bat,9,0,0,201,201,Samantha Wilson,Jacob Solomon,Patricia Williams,Humid,Dusty,26790
117,2018,2018-05-31,9,3,11,9,Field,3,0,0,132,132,Mario Munoz,Nathan Murphy,Joseph Smith,Rainy,Worn,42953
118,2018,2018-05-04,3,10,15,3,Bat,10,0,0,184,184,Alyssa Jones,Michelle Collins,Steven Estes,Humid,Used,35548
119,2011,2011-05-22,2,1,13,1,Field,1,0,3,193,178,Clinton Thompson,Jennifer Crosby,Mark Keith,Rainy,Worn,63553
120,2021,2021-05-06,2,10,3,10,Bat,2,0,0,185,185,Scott Little,Charles Ramos,Terrance Willis,Cloudy,Fresh,19436
121,2022,2022-05-28,1,7,8,7,Field,1,0,0,162,162,Courtney Mccarthy,Jeremy Mcgrath,Dustin Smith,Cloudy,Used,31500
122,2012,2012-05-23,3,8,16,3,Bat,3,83,0,128,45,Richard Morris,Roger Murray,Aaron Gardner,Rainy,Fresh,28829
123,2015,2015-05-26,7,9,17,7,Bat,7,22,0,205,183,Katherine Howard,Carrie Alvarez,Grace Ellis,Clear,Dusty,19606
124,2023,2023-05-12,1,9,10,9,Bat,1,0,0,213,213,Gail Lee,Melissa Wilson,Joseph Valenzuela,Cloudy,Used,39829
125,2018,2018-04-23,2,9,8,2,Field,2,0,1,158,153,Jason Vazquez,Chad Jackson,Heather Vincent,Rainy,Dusty,66297
126,2009,2009-04-09,10,1,15,1,Bat,10,0,0,157,157,Donald Greene,Nicole Smith,Michael Snow,Cloudy,Used,16336
127,2019,2019-04-09,2,7,11,7,Field,7,0,1,198,193,Nicole Ortiz,Angela Bailey,David Wood,Rainy,Worn,15102
128,2010,2010-04-28,3,10,16,3,Bat,10,0,0,143,143,Alexandra Flores,Christopher West,Matthew Wood,Cloudy,Fresh,23925
129,2023,2023-05-29,5,3,11,3,Field,5,0,0,149,149,Andrew Hood,Joshua Wilkins,Kristin Bond,Rainy,Used,44693
130,2022,2022-05-15,7,1,18,1,Bat,1,54,0,133,79,Stephanie Burke,Alexis Solomon,Danielle Perkins,Humid,Used,12417
131,2009,2009-05-27,7,5,11,5,Field,7,0,0,151,151,Debbie Edwards,Ashley Gregory,John Gallagher,Cloudy,Fresh,27735
132,2023,2023-04-01,5,7,5,5,Bat,5,5,0,208,203,Jason Wilson,Jodi Cantu,Nathan Oconnell,Rainy,Used,13512
133,2010,2010-05-24,4,5,14,4,Bat,4,21,0,211,190,Rhonda Johnson,Amy Miller,Maria Richardson,Cloudy,Used,13720
134,2019,2019-04-15,2,9,2,9,Field,2,0,0,185,185,Kathy Schwartz,Sara Bennett,Angela Garcia,Cloudy,Fresh,32743
135,2014,2014-04-25,10,8,15,8,Bat,8,81,0,184,103,William Rodriguez,Jerome Sanchez,Christina Wilson,Humid,Used,30156
136,2017,2017-04-18,9,2,4,9,Field,9,0,3,215,191,Lisa Rodriguez,Michael Brown,Christopher Lawson Jr.,Humid,Used,58283
137,2015,2015-04-22,9,3,5,3,Bat,3,1,0,217,216,Katherine Davis,Glenn Patel,Kenneth Malone,Cloudy,Fresh,27396
138,2022,2022-05-19,7,9,8,9,Field,9,0,7,161,126,Jessica Bolton,Alex Beltran,Robin Garcia,Rainy,Fresh,63592
139,2014,2014-05-13,3,8,20,3,Bat,8,0,0,125,125,Alex Myers,David Snyder,Mr. Edward Beltran,Humid,Worn,26521
140,2014,2014-04-29,1,4,7,4,Bat,1,0,0,156,156,Brenda Harvey,Wendy Haynes,Bobby Rivas,Cloudy,Dusty,22295
141,2015,2015-04-04,4,1,3,1,Field,1,0,9,272,182,Tyler Lyons,Christopher Atkins,Jose Ortega,Rainy,Worn,31009
142,2012,2012-04-25,8,7,10,8,Field,7,0,0,190,190,Stephen Shah,Sheena Williams,Leslie Hamilton,Cloudy,Fresh,55778
143,2022,2022-05-20,5,2,4,2,Bat,5,0,0,177,177,Suzanne Torres,Carrie Abbott,Daniel Mullins,Clear,Used,49034
144,2018,2018-04-13,8,1,13,1,Field,8,0,0,195,195,Carlos Pena,Derek Allison,David Rocha,Rainy,Used,16144
145,2023,2023-04-14,7,3,7,7,Field,3,0,0,199,199,Amy Holland,Michael Smith,Courtney Robertson,Rainy,Used,10245
146,2015,2015-04-23,7,6,19,7,Bat,6,0,0,125,125,Charles Allen,Jacob Taylor,Keith Lewis,Clear,Dusty,19372
147,2017,2017-05-11,4,10,16,4,Bat,4,6,0,155,149,Elizabeth Bennett,Diane Yu,Sandra Briggs,Clear,Worn,32805
148,2015,2015-04-23,1,10,6,1,Bat,10,0,0,139,139,Debbie Callahan,Dawn Richardson MD,Preston Lucas,Clear,Worn,11244
149,2014,2014-05-15,8,10,20,10,Bat,10,47,0,198,151,Karl Davis,Adam Brown,Wanda Johnson,Cloudy,Worn,27162
150,2019,2019-05-19,9,8,3,8,Field,8,0,9,310,211,Melissa Thomas,Robert Fletcher,Roger Keller,Humid,Dusty,12828
151,2010,2010-05-11,4,6,19,6,Field,4,0,0,213,213,Courtney Freeman,Roy Kelly,Elizabeth Vargas,Cloudy,Used,20998
152,2017,2017-04-29,2,6,7,2,Bat,6,0,0,123,123,Courtney Harris,Kenneth Melendez,Mr. Andrew Taylor,Rainy,Worn,12114
153,2023,2023-04-03,10,4,9,10,Bat,10,70,0,162,92,Thomas Mayo,Lisa Faulkner,Jennifer Gregory,Rainy,Dusty,25782
154,2023,2023-05-04,6,9,7,9,Bat,6,0,0,195,195,Michael Montes,Nathaniel Roberts,Hayley Thomas,Humid,Worn,18208
155,2010,2010-04-25,6,9,12,6,Field,9,0,0,122,122,Jaime Johnson,Bonnie Nelson,Mr. Shaun Davis,Cloudy,Fresh,13929
156,2013,2013-05-21,5,1,2,5,Bat,5,8,0,160,152,Amanda Mcdonald,Ronnie Guerrero,Dustin Simmons,Rainy,Worn,41408
157,2022,2022-05-21,2,8,3,8,Field,8,0,7,220,157,Jason Leon,Nicholas Olson,Brenda Norris,Rainy,Fresh,15687
158,2016,2016-04-09,3,7,7,7,Field,7,0,6,156,120,Catherine Ali,Frances Norman,Melinda Curtis,Clear,Used,19711
159,2008,2008-05-28,5,8,15,8,Bat,8,21,0,202,181,Francisco Soto,Jason Palmer,Tracy Mendoza,Rainy,Used,26663
160,2012,2012-05-17,6,4,18,6,Bat,4,0,0,184,184,Nathan Fields,Christopher Stone,Mr. Robert Ray,Rainy,Worn,17067
161,2016,2016-05-04,2,9,2,9,Bat,2,0,0,123,123,Randall Thompson,Janice Nelson,Jillian Montgomery,Rainy,Worn,39824
162,2015,2015-04-14,9,7,18,9,Field,7,0,0,166,166,Mark Morgan,Shannon Douglas,Brett Erickson,Cloudy,Worn,10260
163,2023,2023-05-10,5,3,2,3,Bat,3,37,0,217,180,Ryan Peterson,Kevin Garcia,Judy Anderson,Rainy,Dusty,31957
164,2011,2011-04-09,1,10,5,1,Bat,10,0,0,180,180,Diana Rubio MD,Michael Combs,Chelsea Garcia,Clear,Fresh,26538
165,2015,2015-05-25,5,7,10,5,Bat,7,0,0,159,159,Brandon Conrad,Drew Pennington,Virginia Christian,Clear,Worn,62379
166,2016,2016-04-19,7,1,3,7,Bat,1,0,0,181,181,Lori Zuniga,James Alvarez,Isabella Ramirez,Clear,Dusty,12313
167,2021,2021-05-30,3,4,12,4,Field,4,0,5,183,128,Melissa Brock,Kelly Wilson,Mrs. Jessica Nichols,Clear,Dusty,19039
168,2022,2022-05-14,6,8,7,6,Field,8,0,0,148,148,Holly Thompson,Jeremy Bryant,Joel Nichols,Humid,Worn,14371
169,2023,2023-05-14,4,1,10,4,Field,1,0,0,157,157,Edward Ramsey,Colin Good,Brooke Bennett,Rainy,Worn,52806
170,2010,2010-05-26,2,9,9,2,Bat,2,23,0,209,186,Corey Hall,Renee Jones,Lisa Khan,Humid,Worn,15036
171,2010,2010-04-13,1,6,17,1,Field,1,0,6,221,155,Angelica Warren,Jacqueline Ray,Matthew Pierce,Humid,Used,20257
172,2021,2021-04-20,2,7,4,7,Field,2,0,0,158,158,Ann Walton,Michelle Evans,Jennifer Brady,Rainy,Fresh,29274
173,2015,2015-05-07,5,4,9,4,Bat,5,0,0,168,168,Jeffrey Smith,Timothy Villa,Miguel Moore,Clear,Dusty,31898
174,2017,2017-05-01,8,9,14,9,Bat,9,99,0,120,21,Sandra Baird,Dylan Larson,Mr. Michael Perry Jr.,Cloudy,Dusty,26891
175,2008,2008-04-01,3,7,13,3,Field,3,0,8,202,146,Mr. Bryan Fitzgerald Jr.,Mark West,Anthony Thomas,Rainy,Worn,25461
176,2012,2012-05-18,3,2,4,2,Bat,3,0,0,123,123,Mark Watkins,Tim Anderson,Scott Lee,Humid,Worn,23036
177,2008,2008-05-19,3,9,13,3,Bat,9,0,0,189,189,Julie Harris,Joshua Weber,Ryan Scott,Cloudy,Worn,25050
178,2017,2017-04-08,6,3,17,3,Bat,6,0,0,124,124,Kara Castaneda,Robert Joseph,Mary Wilson,Clear,Fresh,37073
179,2008,2008-05-12,6,7,20,7,Field,7,0,4,172,144,Micheal Mccullough,Miguel Strong,Mr. Gordon Castillo,Humid,Worn,15374
180,2017,2017-05-05,7,10,13,10,Bat,10,63,0,155,92,Christopher Martinez,Brian Schneider,Renee Nelson,Clear,Used,53387
181,2011,2011-04-19,10,5,20,10,Bat,5,0,0,213,213,Robin Hurst,Christian Chandler,Brooke White,Cloudy,Fresh,17050
182,2013,2013-05-07,5,6,7,5,Field,6,0,0,124,124,Elizabeth Leon,Brenda Lambert,Cindy Cole,Cloudy,Worn,20668
183,2008,2008-05-26,4,10,9,10,Bat,10,40,0,150,110,Jessica Ramirez,Jacob Blevins,Christopher Nelson,Cloudy,Fresh,31965
184,2011,2011-04-15,7,1,1,7,Bat,7,32,0,143,111,Daisy Holland,Jennifer Lawrence,Jessica Whitehead,Rainy,Fresh,28418
185,2014,2014-05-16,1,4,4,1,Bat,1,85,0,151,66,Rebecca Nolan,Phillip Williams,Kenneth Perkins,Cloudy,Used,60324
186,2009,2009-04-05,6,2,6,2,Field,2,0,7,289,219,Mark Aguirre,Michael Olsen,Courtney Martinez,Humid,Fresh,54189
187,2013,2013-04-02,8,10,7,10,Bat,8,0,0,150,150,Tara Lewis,Meghan Gomez,Crystal Winters,Humid,Fresh,12029
188,2021,2021-04-08,10,4,13,4,Bat,10,0,0,121,121,Ms. Caitlin Armstrong,Mike Kelly,Alicia Kennedy,Clear,Used,20869
189,2012,2012-04-11,9,3,6,9,Bat,3,0,0,165,165,Terry Hudson,Thomas Anderson,Erin Wilson,Rainy,Fresh,17742
190,2010,2010-04-12,2,4,17,4,Bat,2,0,0,182,182,Kimberly Reed,Andrea Green,Nathan Gallagher,Clear,Used,41471
191,2017,2017-04-24,10,2,7,2,Bat,10,0,0,207,207,James Evans,Joseph Shelton,Janet Glass,Cloudy,Worn,17382
192,2015,2015-05-27,2,3,10,2,Field,3,0,0,124,124,Justin Macias,Hayley Landry,David Bryan,Humid,Used,30633
193,2014,2014-04-29,1,8,2,8,Bat,8,6,0,195,189,Courtney Roberts,Pamela Reyes,Lisa Rodriguez,Cloudy,Fresh,34686
194,2012,2012-04-13,7,8,7,8,Bat,8,53,0,134,81,Jeanne Barton,Rickey Murphy,Denise Mitchell,Clear,Dusty,22088
195,2017,2017-04-06,1,2,17,1,Field,2,0,0,163,163,Travis Marsh,Andre Richardson,Veronica Payne,Clear,Dusty,59662
196,2009,2009-04-02,5,3,6,5,Field,3,0,0,152,152,Ryan Morris,Amanda Massey,Larry Riley,Clear,Worn,12430
197,2013,2013-04-23,10,3,8,10,Bat,3,0,0,171,171,Karen Hebert,Jennifer Cooke,William Gonzalez,Rainy,Fresh,38126
198,2013,2013-04-21,6,2,7,6,Field,2,0,0,159,159,Christine Cooper,Rhonda Ho,Jo Shields,Humid,Used,16018
199,2016,2016-04-10,9,4,6,9,Bat,9,29,0,163,134,Paul Tucker,Seth Moreno,Catherine Griffith,Rainy,Dusty,10877
200,2014,2014-05-21,2,9,12,9,Field,9,0,1,197,190,Cindy Myers,Andrew Cabrera,Stanley Foster,Clear,Worn,38641
201,2020,2020-05-09,4,6,13,6,Bat,6,5,0,139,134,Megan Rice,Rebecca Bell,Carla Freeman,Humid,Used,31455
202,2014,2014-05-11,8,7,10,8,Field,8,0,9,239,176,Barbara Kelly,Eugene Flynn,Curtis Ferguson DDS,Humid,Used,45462
203,2021,2021-04-18,6,2,6,6,Field,2,0,0,150,150,Edward Hanson,Sherry Lloyd,Leslie Parks,Humid,Fresh,66459
204,2017,2017-05-24,3,6,13,3,Bat,3,70,0,126,56,Elizabeth Brown,Logan Yu,Samuel Norris,Humid,Dusty,31862
205,2015,2015-04-25,1,5,14,5,Field,5,0,9,241,151,Jake Mosley,Pamela Perkins,Richard Booth,Cloudy,Dusty,12239
206,2010,2010-05-12,9,10,7,9,Field,10,0,0,134,134,Spencer Carter,Laurie Wade,Chelsea Arnold,Humid,Dusty,14409
207,2011,2011-04-17,4,8,18,4,Field,4,0,5,166,121,Amber Brown,Mary Williams,Robert Oconnor,Rainy,Worn,10636
208,2011,2011-04-09,3,10,5,3,Field,3,0,2,180,170,Stephanie Gill,Christopher Underwood,Christopher Scott,Humid,Worn,11177
209,2016,2016-05-10,3,7,14,7,Bat,7,37,0,198,161,James Rivas,Norman Fuller,Elizabeth Jacobson,Cloudy,Fresh,40446
210,2021,2021-05-26,1,3,18,1,Bat,1,10,0,164,154,Audrey Marsh,Danielle Hudson,Dwayne Combs,Rainy,Fresh,15343
211,2017,2017-05-21,3,5,19,5,Field,3,0,0,149,149,Miss Jennifer Nguyen,Kevin Gray,Grace Barnes,Humid,Worn,21051
212,2019,2019-05-23,9,3,8,9,Field,9,0,9,260,161,Alexis Robbins,Connor Dean,Eric Mcdonald,Rainy,Dusty,12203
213,2017,2017-04-25,6,4,9,6,Bat,4,0,0,127,127,Amber Scott,Carrie Greene,Robert Richard,Cloudy,Dusty,11943
214,2014,2014-04-04,6,2,7,6,Field,6,0,9,297,198,Mitchell Dean,Daniel Garner,Richard Rodgers,Clear,Fresh,23838
215,2019,2019-05-16,5,1,7,1,Bat,1,96,0,172,76,Jason Howard,Jay Gray,Kirsten Collier,Clear,Worn,21492
216,2016,2016-04-27,7,4,15,4,Bat,7,0,0,149,149,Ryan Crosby,Morgan Rogers,David Snyder,Rainy,Fresh,38601
217,2013,2013-04-18,6,9,18,6,Bat,6,95,0,189,94,Courtney Buckley,Tara Allen,Jessica James,Rainy,Dusty,13708
218,2021,2021-04-04,8,2,15,2,Bat,8,0,0,176,176,Shannon Cole,Nicholas Gross,Heidi Jackson,Humid,Used,20004
219,2017,2017-04-01,6,2,7,6,Bat,6,6,0,219,213,Marcus Wilkerson,Bailey Taylor,Laura Hawkins,Cloudy,Fresh,12497
220,2011,2011-04-27,1,10,20,1,Field,1,0,4,189,153,Joseph Freeman,Amy Patterson,Jacqueline Edwards,Humid,Worn,13451
221,2012,2012-05-03,8,6,18,8,Bat,6,0,0,187,187,Tara Cruz,James Reed,Crystal Thompson,Rainy,Worn,24410
222,2019,2019-04-23,2,4,17,4,Field,2,0,0,149,149,Cory King,Jeffrey Padilla,Derrick Brooks,Humid,Worn,39585
223,2022,2022-04-03,5,2,1,2,Bat,5,0,0,192,192,Tyler Moore,Kenneth Smith,Heather Chung,Cloudy,Worn,36171
224,2015,2015-05-09,6,8,3,6,Bat,6,57,0,149,92,Crystal Chen,Catherine Wallace,Michelle Gray,Rainy,Worn,30904
225,2023,2023-04-05,7,4,2,7,Bat,4,0,0,203,203,Joanna Sanders,Spencer Powell,Alan Russell,Humid,Dusty,38132
226,2008,2008-04-08,4,8,1,8,Field,4,0,0,138,138,Kristin Rodriguez,Perry Peters,Heather Mcbride MD,Rainy,Fresh,30933
227,2023,2023-05-15,4,6,11,4,Bat,6,0,0,160,160,Felicia Rose,Katherine Butler,Robert Bush,Cloudy,Worn,34478
228,2008,2008-05-04,9,10,18,9,Bat,10,0,0,167,167,Mr. Joseph Decker,Michaela Lewis,Adam Neal,Rainy,Fresh,24621
229,2021,2021-05-30,3,1,12,1,Bat,1,91,0,135,44,Mark Payne,Emily Wyatt,Victoria Schwartz,Cloudy,Dusty,26964
230,2008,2008-04-08,4,9,15,9,Field,4,0,0,138,138,Kimberly Trevino,Ryan Mccullough,Janice Bradley,Rainy,Used,30350
231,2023,2023-04-29,8,10,2,10,Bat,10,89,0,174,85,Kevin Jones,Adam Contreras,Gabriel Macdonald,Clear,Fresh,41983
232,2019,2019-05-29,8,7,17,7,Bat,8,0,0,203,203,Kelsey Fitzpatrick,Donald Jenkins,Kelly Thompson,Humid,Used,32508
233,2016,2016-04-10,5,8,20,5,Bat,8,0,0,160,160,Diana Burke,Ashley Dunn,Sabrina Garner,Cloudy,Worn,26732
234,2016,2016-04-08,2,9,13,9,Bat,9,29,0,156,127,Miguel Mahoney,Krista Valdez,Richard Baker,Cloudy,Worn,30834
235,2008,2008-04-21,5,4,5,5,Field,4,0,0,143,143,Ashley Woods,Regina Foster,Dr. Samantha Kramer,Clear,Fresh,26276
236,2023,2023-04-29,6,7,8,7,Field,6,0,0,204,204,Tiffany Mitchell,Lisa Shelton,Beverly Thomas,Clear,Dusty,63604
237,2011,2011-05-06,2,5,1,2,Field,5,0,0,199,199,Tina Barry,Samantha Jones,Melissa Burke,Rainy,Dusty,44066
238,2020,2020-04-05,2,8,20,8,Field,2,0,0,175,175,Maurice Mckenzie,Colleen Gross,Heather Jones,Rainy,Used,12727
239,2020,2020-04-29,2,9,12,2,Field,9,0,0,156,156,Kimberly Johnson,John Gallagher,Austin Davidson,Cloudy,Dusty,36229
240,2017,2017-04-28,2,8,13,8,Bat,2,0,0,205,205,Melissa Oneill,Rhonda Baxter,Craig Torres,Cloudy,Fresh,19845
241,2008,2008-05-11,5,10,19,10,Bat,10,80,0,175,95,Michael Charles,Juan Alexander,Mackenzie White,Humid,Used,13400
242,2020,2020-04-23,2,8,19,2,Field,8,0,0,184,184,Megan Long,Patrick Payne,Calvin Martin,Clear,Fresh,20289
243,2013,2013-05-02,8,2,8,2,Bat,2,27,0,176,149,Debbie Ponce,David Peters,Taylor Vaughn,Rainy,Worn,75046
244,2021,2021-05-09,6,5,20,6,Field,6,0,7,257,187,Trevor Alvarez,Ashley Conway,Cody Hobbs,Cloudy,Worn,12245
245,2015,2015-05-10,5,2,7,5,Field,2,0,0,203,203,Timothy Horn,Rebecca Small,Amy Stevenson,Cloudy,Worn,12969
246,2014,2014-05-20,3,1,1,1,Field,3,0,0,140,140,Jonathon Price,Lisa Woodward,Amanda White,Rainy,Dusty,44846
247,2019,2019-04-06,2,8,17,8,Field,8,0,1,161,150,Michael Smith,Melissa Miller,Amy Hatfield,Clear,Dusty,15601
248,2013,2013-05-11,3,9,8,3,Field,3,0,9,215,125,Taylor Mckinney,Timothy Phillips,Michael Cox,Humid,Used,41782
249,2017,2017-04-27,4,9,6,4,Field,4,0,1,161,154,Heather Duncan,Dennis Hughes,Grace Velasquez,Rainy,Dusty,54375
250,2009,2009-04-03,7,1,2,1,Field,7,0,0,155,155,Nicholas Walsh,Jeffery Rodriguez,Zachary Rice,Cloudy,Dusty,27002
251,2021,2021-05-05,9,7,18,7,Field,7,0,6,198,168,Mark Cardenas,Jason Stanton,Jared Dunn,Humid,Dusty,16138
252,2014,2014-05-13,8,1,6,8,Field,8,0,6,176,146,Krystal Mendoza,Rebecca Johnson,Jason Herrera,Rainy,Used,60215
253,2014,2014-05-29,9,10,17,9,Field,10,0,0,121,121,Jared Montes,Jennifer Perez,Michelle Scott,Clear,Used,52725
254,2011,2011-04-11,3,1,5,1,Bat,1,9,0,144,135,Samantha Gillespie,Madeline Burgess,Tony Dodson,Clear,Dusty,28700
255,2019,2019-04-03,5,8,6,8,Bat,8,57,0,146,89,Michelle Ballard,Thomas Grant,Ashley Wright,Clear,Fresh,59756
256,2009,2009-04-15,5,6,20,6,Field,5,0,0,152,152,Tyler Weaver,Todd Nunez,Craig Hansen,Rainy,Worn,20000
257,2010,2010-05-02,7,1,7,7,Bat,7,5,0,201,196,Marcus Murphy,Michele Mcmillan,Robert Reed,Cloudy,Used,22278
258,2016,2016-05-22,1,7,9,1,Field,7,0,0,195,195,Erin Myers,Brian Saunders,Grant Allen,Clear,Used,13386
259,2019,2019-05-17,2,4,12,4,Bat,4,53,0,128,75,Stephen Dean,Denise Butler,Mary Ware,Humid,Worn,26432
260,2015,2015-05-01,10,8,6,10,Bat,10,1,0,145,144,William Marshall,Mary Wright DDS,Todd Thompson,Rainy,Worn,55884
261,2016,2016-04-18,8,9,20,9,Bat,8,0,0,138,138,Michelle Hamilton,Philip Martin,Matthew Barton,Clear,Used,14239
262,2008,2008-05-14,3,9,14,3,Field,3,0,1,187,179,Jeremiah Ferrell,Dr. Brandon Gibbs,Justin Mendez,Clear,Dusty,32422
263,2017,2017-05-02,8,6,15,6,Bat,6,42,0,219,177,Kara Miller,Mr. Michael Hale,Michael Gilmore,Cloudy,Used,17682
264,2009,2009-05-24,7,2,1,7,Field,2,0,0,145,145,Justin Gutierrez,Karen Morris,Tanya White,Humid,Dusty,30114
265,2017,2017-04-12,7,5,19,7,Bat,5,0,0,190,190,Andrew Walker,Barbara Pruitt,Emily Brown,Rainy,Dusty,15366
266,2018,2018-04-05,3,9,20,3,Field,9,0,0,167,167,Michael Warner,Dean Evans,Jason White,Cloudy,Fresh,25496
267,2009,2009-05-16,7,8,3,7,Field,7,0,3,151,124,Nicole Weber,Carol Oconnor,John Freeman,Rainy,Worn,21908
268,2021,2021-04-19,9,4,6,4,Bat,9,0,0,146,146,Susan Weiss,Patricia Anderson,Tyler Rodriguez,Cloudy,Used,14278
269,2019,2019-04-19,10,2,18,10,Bat,2,0,0,122,122,Sharon Roach,Gregory Gaines,Katherine Valdez,Clear,Fresh,14115
270,2014,2014-05-26,9,5,13,5,Field,9,0,0,175,175,John Zimmerman,Jamie Velasquez,Jose Morgan,Humid,Dusty,28109
271,2013,2013-04-08,9,6,18,6,Field,9,0,0,138,138,Jennifer Berry DDS,Lori Lopez DDS,Kevin Walker,Clear,Worn,10863
272,2015,2015-04-03,5,1,9,1,Field,1,0,9,328,220,Ashley Cardenas,Teresa Peterson,Michael Hughes,Humid,Worn,15923
273,2019,2019-04-16,7,8,9,8,Bat,7,0,0,150,150,James Torres,Nicholas Carney,Rebecca Patterson,Rainy,Used,25540
274,2016,2016-04-27,4,3,13,4,Bat,4,66,0,164,98,Tiffany Russo,Thomas Mcbride,Michelle Hernandez,Humid,Dusty,17342
275,2008,2008-05-21,5,9,14,5,Bat,5,8,0,139,131,Eugene Johnson,Laura Charles,Shawn Frye,Cloudy,Fresh,48760
276,2021,2021-04-21,2,10,3,10,Field,10,0,9,231,177,Sharon Thomas,John Shaw,Douglas Ford,Rainy,Fresh,30886
277,2017,2017-05-30,4,10,1,4,Bat,10,0,0,156,156,Steve Clarke DVM,Julian Williams,Miss Sue Foster,Humid,Dusty,29220
278,2015,2015-05-07,3,7,14,3,Bat,7,0,0,179,179,Mark Hanson,Derek Lynch,David Kelly,Clear,Dusty,39771
279,2021,2021-04-06,2,4,19,4,Bat,4,68,0,124,56,Jessica Black,Derrick Price,Jessica Benjamin,Clear,Dusty,18546
280,2010,2010-05-23,2,8,15,2,Field,8,0,0,129,129,Jenna Lucero,Jamie Little,Vanessa Ali,Rainy,Used,28323
281,2019,2019-05-22,1,9,2,9,Field,9,0,1,212,202,Cynthia Gallagher,Dawn Morales,Chris Collier,Clear,Fresh,19852
282,2016,2016-04-20,2,10,6,2,Field,2,0,4,192,156,Deborah Wilkins,Maria Kim,Alicia Oliver,Cloudy,Worn,26843
283,2023,2023-05-10,2,5,13,5,Field,2,0,0,206,206,Kimberly Hanson,Christopher Graham,James Santos,Clear,Fresh,37123
284,2016,2016-05-17,6,3,9,3,Field,6,0,0,127,127,Brooke Cortez,Beth Moore,Robert Williams,Clear,Fresh,23510
285,2010,2010-04-08,7,3,14,7,Field,7,0,2,162,148,Christine Simpson,Pamela Contreras,Brian Forbes,Clear,Used,50385
286,2010,2010-05-30,4,10,16,10,Bat,10,3,0,170,167,Virginia White,Kevin Mclaughlin DDS,Connor Hicks,Cloudy,Worn,11022
287,2023,2023-04-10,7,5,19,5,Field,5,0,6,184,130,Donald Strong,Charles Decker,Matthew Sparks,Cloudy,Worn,11224
288,2012,2012-05-06,5,8,10,8,Bat,5,0,0,199,199,Johnny Gilmore,Terry Green,John Brown,Cloudy,Used,69494
289,2016,2016-04-25,10,3,11,3,Bat,3,42,0,146,104,Christina Herrera,Brittany Ortiz,Molly Villanueva,Rainy,Used,38851
290,2021,2021-05-21,4,7,13,4,Field,7,0,0,145,145,Craig Thompson,Taylor Harrison,David Aguilar,Clear,Dusty,19970
291,2015,2015-04-02,6,8,20,8,Field,6,0,0,175,175,Sarah Gonzalez,Michael Lopez,Kelly Hardin,Humid,Used,20871
292,2009,2009-05-13,8,3,19,8,Field,8,0,4,176,128,Gerald Gonzales,Michele Roberts,Zachary Miller,Cloudy,Used,11779
293,2017,2017-05-09,4,9,10,4,Bat,4,54,0,150,96,Jordan Sullivan,Richard Escobar,Chelsea Henry,Humid,Used,67082
294,2012,2012-04-25,4,5,12,4,Bat,5,0,0,164,164,Ryan Lawrence,James Frost,Melissa Johnson,Clear,Worn,26408
295,2023,2023-04-19,3,6,20,6,Bat,3,0,0,187,187,Taylor Moran,Nicole Petersen,Jimmy Hebert,Rainy,Used,27100
296,2015,2015-05-04,10,9,18,10,Bat,9,0,0,211,211,Charles Rose,Lisa Medina,Kathleen Hunter,Clear,Fresh,10419
297,2011,2011-05-03,3,5,17,3,Bat,3,75,0,134,59,Stephanie Brown,Jeremiah Rios,Samuel Mayo,Clear,Worn,28444
298,2012,2012-04-16,6,8,13,8,Field,6,0,0,137,137,Dawn Neal,Michael Mcdonald,Madison Johnson,Rainy,Used,33787
299,2015,2015-05-30,1,6,12,6,Field,1,0,0,142,142,Tiffany Stevens,Louis Hodges,Christine Bender,Humid,Used,16106
300,2011,2011-05-04,6,8,20,6,Bat,8,0,0,142,142,Shelby Arnold,Nicole Simmons,Jeanette Williams,Rainy,Worn,28254
301,2009,2009-04-30,5,8,14,8,Field,5,0,0,189,189,Christine Rangel,Robert Cochran,David Young,Clear,Dusty,55127
302,2012,2012-05-01,2,4,13,2,Bat,4,0,0,167,167,Tina Waller,Mark Davila,Ms. Holly Gray DDS,Rainy,Fresh,19542
303,2017,2017-05-07,9,3,7,3,Bat,3,52,0,138,86,Nicole Moody,Sean Montoya,Kendra Martinez,Rainy,Dusty,15838
304,2017,2017-05-31,5,8,20,8,Bat,8,87,0,204,117,Barbara White,Ethan Hahn,Bradley Snyder,Humid,Worn,24760
305,2016,2016-04-07,5,6,17,5,Field,5,0,1,202,197,Maxwell Ortega,Bethany Snyder,Debbie Golden,Rainy,Used,25676
306,2016,2016-04-09,4,7,15,4,Field,7,0,0,193,193,Gina Morris,Michael Anderson,Jill Tyler,Humid,Used,37872
307,2022,2022-05-16,4,1,20,1,Bat,1,100,0,178,78,Anthony Ward,Mary Wyatt,Christine Newton,Humid,Worn,13063
308,2021,2021-04-25,8,9,3,9,Bat,8,0,0,157,157,Raven Medina,Kimberly Reid,Laura Turner,Humid,Worn,23293
309,2021,2021-04-15,10,4,5,10,Bat,10,100,0,220,120,Luke Graham,Mrs. Ana Maynard,Hunter Petty,Rainy,Fresh,18542
310,2023,2023-04-13,1,10,5,10,Field,10,0,5,235,185,Steven Rasmussen,Nicholas Brown,Nicholas White,Cloudy,Dusty,21373
311,2012,2012-04-08,1,7,18,7,Field,7,0,3,250,220,Karen Santana,Derek Keith MD,Kevin Rush,Clear,Worn,13848
312,2017,2017-04-25,1,2,9,1,Field,1,0,3,160,145,Thomas Mcguire,Linda Baldwin,Susan Cummings,Clear,Fresh,23752
313,2017,2017-04-24,6,10,9,6,Field,10,0,0,214,214,Brian Perez,Danielle Rowe,Daniel Wise,Clear,Dusty,19965
314,2018,2018-04-30,4,8,20,8,Field,4,0,0,137,137,Troy Faulkner,Richard Martin,Michael Wilson,Clear,Used,22875
315,2019,2019-05-27,1,6,19,1,Field,6,0,0,160,160,Marissa Goodman,Elizabeth Tate,Ann Adams,Rainy,Worn,17821
316,2009,2009-05-06,7,10,4,7,Field,7,0,7,207,165,Sierra Owens,Mrs. Angela Petty,Julie Gray,Rainy,Dusty,45951
317,2008,2008-05-15,7,2,18,7,Field,2,0,0,180,180,April Ferguson,Amber Barron,Megan Davies,Clear,Dusty,15120
318,2014,2014-04-13,9,10,15,9,Field,10,0,0,175,175,Jennifer Williams,Justin Smith,Jose Noble,Rainy,Dusty,26758
319,2016,2016-05-28,5,1,12,5,Field,1,0,0,124,124,Jamie Bray,Leslie Walker,Harry Wright,Humid,Used,19047
320,2022,2022-04-15,3,6,9,3,Field,6,0,0,146,146,Stephanie Sims,Todd Weeks,Jacob Luna,Cloudy,Fresh,23499
321,2014,2014-04-25,4,6,1,4,Bat,6,0,0,157,157,Eric Chambers,Diane Foster,Laura Ochoa,Rainy,Used,37770
322,2017,2017-05-22,7,8,20,7,Bat,7,93,0,204,111,Paul Brown,Brandon Gibson,Christina Roberts,Rainy,Fresh,25303
323,2014,2014-05-30,7,6,20,7,Field,6,0,0,192,192,Lindsay Garner,Sarah Cooper,Terri Espinoza,Humid,Dusty,12939
324,2018,2018-04-02,7,8,11,8,Bat,7,0,0,211,211,Raymond Watson,Kelly Terry,Amanda Hicks,Rainy,Dusty,19363
325,2015,2015-05-27,5,1,10,5,Bat,1,0,0,186,186,Bryan Rivera,Amber Mcdaniel,Sharon Walker,Clear,Dusty,25008
326,2019,2019-04-21,1,2,10,2,Field,1,0,0,188,188,Caleb Cooley,Pamela Turner,Bryce Richards,Cloudy,Used,17534
327,2023,2023-04-20,9,10,15,9,Bat,9,22,0,191,169,Christopher Wright,Gary Elliott,Dana Jones MD,Humid,Worn,11886
328,2022,2022-04-22,9,3,11,3,Bat,9,0,0,161,161,Jennifer Johnson,Tammy Rogers,Stephanie Thompson,Humid,Fresh,35740
329,2016,2016-05-27,8,9,17,9,Bat,9,30,0,170,140,Adriana Boyle,Sarah Jones,Matthew Kelley,Humid,Fresh,44052
330,2019,2019-05-16,10,7,17,7,Bat,7,77,0,173,96,Melissa Horn,Dave Calderon,Katie Herrera,Cloudy,Dusty,27020
331,2022,2022-05-17,8,2,4,2,Field,8,0,0,210,210,Gregory Medina,Gary Jenkins,Laura Anderson,Humid,Worn,18422
332,2022,2022-05-03,3,4,13,4,Field,4,0,9,295,205,Raymond Long,Heather Thompson,Henry White,Humid,Worn,66016
333,2019,2019-04-29,2,4,14,4,Field,2,0,0,144,144,Meghan Rivera,Samantha Reid,Thomas Hubbard,Rainy,Used,48406
334,2019,2019-05-24,4,10,6,10,Field,10,0,6,185,143,David Taylor,Michael Ferguson,Larry Larson,Humid,Dusty,74207
335,2012,2012-05-02,7,8,2,8,Field,8,0,6,173,131,Edward Blackburn,Lisa Lucero,Don Parker,Clear,Used,22527
336,2015,2015-04-25,8,9,18,9,Field,8,0,0,141,141,Andrew Davis,Melissa Flores,David King,Humid,Worn,12563
337,2009,2009-05-24,5,6,17,5,Field,6,0,0,189,189,Jessica Hayden,Susan Cohen,Samantha Johnson,Rainy,Fresh,13110
338,2023,2023-05-23,4,9,17,4,Bat,9,0,0,142,142,Chad Zimmerman,Mark Valdez,Stacey Webb,Cloudy,Dusty,14613
339,2008,2008-04-24,8,1,15,1,Field,8,0,0,152,152,Mike Forbes,Heather Solis,Scott Hart,Humid,Used,15605
340,2019,2019-04-25,7,9,16,9,Bat,9,68,0,174,106,Tara Bennett,David Christian,Caitlin Bennett,Humid,Used,19553
341,2010,2010-04-04,6,10,17,10,Bat,6,0,0,173,173,Nancy Mendoza,Lee Hayes,Tammy Hernandez,Humid,Worn,30036
342,2017,2017-05-16,7,6,4,6,Bat,7,0,0,162,162,Samantha Schneider,Bonnie Terry,Leonard Castillo,Clear,Used,47399
343,2012,2012-04-12,2,8,10,8,Bat,8,27,0,156,129,Alex Perez,Christine Hawkins,Crystal Long,Cloudy,Used,48813
344,2021,2021-05-13,3,4,4,3,Field,3,0,4,206,170,Cody Cook,Monica Boyd,Melissa Delgado,Cloudy,Fresh,11434
345,2015,2015-05-22,7,8,19,8,Field,7,0,0,138,138,Sandra Hill,Kayla Williams,Jennifer Duncan,Humid,Used,12384
346,2020,2020-05-22,1,5,11,5,Bat,1,0,0,204,204,Christian Scott,Matthew Martin,Michael Bell,Humid,Dusty,30793
347,2010,2010-05-17,7,1,5,7,Bat,7,97,0,182,85,Steve Ramirez,Jamie Ramirez,Donna Hartman,Humid,Fresh,11236
348,2009,2009-05-28,2,10,2,2,Bat,2,78,0,204,126,Dawn Bowman,Nicholas Smith,Jennifer Crawford,Rainy,Dusty,20386
349,2010,2010-05-29,4,6,11,6,Bat,4,0,0,160,160,Howard Anderson,Ryan Copeland,David Watts,Clear,Fresh,30377
350,2023,2023-04-22,10,3,7,10,Field,10,0,3,206,191,Beth Kramer,Claudia Kim,Chloe Arnold,Clear,Used,22589
351,2019,2019-04-16,7,3,1,3,Bat,7,0,0,145,145,Connor Cooper,Anthony Hunt,Jacob Young,Rainy,Worn,21966
352,2022,2022-04-01,8,7,14,7,Field,7,0,4,181,157,Maria Jefferson,Samantha Dudley,Brandon Allen,Clear,Used,10373
353,2009,2009-04-30,6,4,6,6,Bat,6,11,0,198,187,Danielle Sharp,Ryan Woodard,James Frederick,Humid,Dusty,61968
354,2015,2015-05-18,3,1,18,1,Field,3,0,0,126,126,Shaun May,Nicholas Allen,Savannah Lopez,Rainy,Dusty,17784
355,2018,2018-04-22,4,3,7,4,Field,3,0,0,150,150,Amber Briggs,Dana Mitchell,Douglas West,Cloudy,Dusty,20046
356,2023,2023-04-07,3,9,4,3,Field,3,0,8,160,120,Tony Hall,Michelle Caldwell,Colin Green,Rainy,Dusty,19563
357,2009,2009-05-05,10,6,14,6,Bat,10,0,0,145,145,Kenneth Shepard,Lindsey Young,Edward Thompson,Rainy,Worn,45100
358,2008,2008-05-02,5,3,18,3,Field,5,0,0,164,164,Roberto Estrada,Crystal Henderson DDS,Eddie Baker,Cloudy,Used,17569
359,2013,2013-05-16,8,7,11,8,Field,7,0,0,149,149,Robert Berry,Cheryl Parker,William Scott,Rainy,Used,39306
360,2016,2016-05-23,5,9,7,9,Bat,5,0,0,187,187,Christopher Cooper,Dr. Sarah Sheppard MD,Jason Nichols,Humid,Worn,23341
361,2023,2023-05-28,2,1,15,1,Bat,1,99,0,211,112,Stephen Nunez,Katherine Bradley,Gloria Wang,Cloudy,Used,22216
362,2015,2015-04-23,5,3,2,3,Bat,5,0,0,181,181,Theresa Rice,John Cunningham,Anna Thomas,Rainy,Fresh,41936
363,2019,2019-04-12,3,4,13,4,Field,3,0,0,197,197,Isaac Hughes,Joseph Cortez,Amanda Bell,Humid,Dusty,44650
364,2017,2017-04-12,8,1,8,8,Field,8,0,2,230,212,Robert Ward,Benjamin Stevenson,Amber Clark,Humid,Worn,30411
365,2019,2019-05-24,10,3,8,10,Field,3,0,0,126,126,Christopher Jimenez,Paul Valentine,James Carpenter,Humid,Worn,71322
366,2012,2012-04-30,1,8,19,8,Field,1,0,0,159,159,Janet Luna,Randy Durham,Matthew Brown,Humid,Used,22017
367,2017,2017-05-04,3,9,2,3,Bat,3,94,0,153,59,Dr. Kevin French,Kristin Briggs,Paul Greene,Clear,Used,44897
368,2023,2023-04-03,7,8,11,8,Field,7,0,0,146,146,Cody Gilbert,David Hall,Meagan Wright,Humid,Used,21813
369,2013,2013-04-06,9,3,11,3,Bat,3,46,0,126,80,Eric Leonard,Nicholas Galloway,Leslie Murray,Rainy,Fresh,32764
370,2022,2022-04-21,9,8,15,9,Field,8,0,0,162,162,Jeffrey Jones,Javier Reyes,Julie Torres,Humid,Used,24048
371,2018,2018-05-06,4,8,12,8,Field,8,0,9,217,154,Bryan Rodriguez,Timothy Bender,Rebecca Davis,Cloudy,Fresh,27399
372,2018,2018-05-01,1,7,10,7,Bat,1,0,0,135,135,Travis Carroll,Ronnie Hood,Kevin Fischer,Clear,Fresh,65368
373,2022,2022-04-28,6,3,16,6,Field,3,0,0,126,126,Joshua Ochoa,Samuel Watts,Elizabeth Meadows,Clear,Used,17952
374,2019,2019-04-08,8,3,9,8,Bat,8,37,0,151,114,Hayden Thomas,Jamie Romero,Nicholas Armstrong,Rainy,Used,28247
375,2015,2015-05-25,9,1,8,1,Bat,9,0,0,163,163,Patricia Allen,Amy Green,Stephen Watson,Rainy,Fresh,62073
376,2018,2018-05-25,6,1,19,6,Field,6,0,5,191,141,Gregory Jenkins,Christy Harper,Cynthia Jensen,Clear,Used,18194
377,2019,2019-04-23,7,5,20,5,Bat,7,0,0,125,125,Jeffrey Salinas,Tasha Warner,Michelle Calhoun,Clear,Worn,19621
378,2021,2021-05-23,9,4,16,9,Bat,4,0,0,192,192,Martha Johnson,Jacob Goodman,Kendra Johnson,Humid,Dusty,11038
379,2008,2008-04-22,10,6,8,6,Field,10,0,0,131,131,Donna Roy,Kenneth Davis,Amanda Lewis,Rainy,Dusty,39720
380,2021,2021-05-15,8,5,5,8,Field,5,0,0,141,141,Anthony Watson,Justin Bates,Juan Rubio,Clear,Fresh,24985
381,2008,2008-05-23,3,6,8,6,Bat,6,82,0,137,55,Stacy Crane,Michelle Brown,Jose Chambers,Rainy,Dusty,16212
382,2021,2021-05-29,3,7,16,3,Field,3,0,7,173,131,Jonathan Mcpherson,Paul Gonzalez,Dr. Casey Boyd,Rainy,Dusty,14598
383,2016,2016-04-13,10,1,19,1,Bat,1,62,0,148,86,Stephanie Brown DDS,Mrs. Lindsey Garrett,Ryan Romero,Cloudy,Used,17365
384,2013,2013-04-29,7,3,15,7,Bat,3,0,0,126,126,Christopher Garcia,Randy Scott,Scott Hicks,Clear,Worn,33412
385,2020,2020-05-15,6,9,11,9,Bat,9,51,0,128,77,Linda Underwood,Adrian Cabrera,Edward Santiago,Humid,Worn,25965
386,2013,2013-05-01,2,3,10,3,Field,2,0,0,211,211,Kelsey Mccormick,Kevin Walker,Kevin Beltran,Cloudy,Dusty,13054
387,2015,2015-05-12,1,9,1,1,Field,1,0,1,160,152,Christina Robertson,Zachary Vasquez,Michael Meyer,Humid,Dusty,29090
388,2020,2020-05-07,6,4,18,4,Field,4,0,9,273,201,Kimberly Griffin,Andrew Li,Daniel Carter,Humid,Used,20771
389,2017,2017-05-13,8,4,18,4,Bat,8,0,0,218,218,Cynthia May,Mike Hall,Dawn Sandoval,Cloudy,Fresh,11650
390,2012,2012-04-08,5,3,7,3,Field,5,0,0,131,131,Monica Gonzalez,Juan Bryant,Susan Kennedy,Humid,Used,16124
391,2018,2018-05-22,10,5,2,5,Field,5,0,7,213,136,Eric Alvarez,Robert Bates,Melissa Mcbride,Clear,Worn,17192
392,2019,2019-05-03,2,4,17,2,Bat,2,98,0,169,71,Kelly Mccarthy,Victoria Roberts,Michael Thompson,Humid,Used,50949
393,2020,2020-05-26,2,3,5,2,Bat,3,0,0,152,152,William Mcintosh,Robert Williams,Philip Patterson,Rainy,Dusty,22755
394,2020,2020-04-09,4,6,12,6,Bat,4,0,0,161,161,Tara Morales,Kathryn Taylor,Stacy Mendoza,Clear,Worn,20724
395,2019,2019-04-16,6,2,20,6,Field,2,0,0,181,181,Rodney Scott,Megan Eaton,Makayla Phillips,Cloudy,Worn,25787
396,2008,2008-05-10,6,4,4,6,Field,6,0,9,231,150,Chad Hartman,Nancy West,Harold Stanley,Clear,Worn,62903
397,2013,2013-04-04,2,1,18,2,Field,1,0,0,130,130,Carl Chavez,John Brown MD,Jack Peterson,Cloudy,Worn,10498
398,2010,2010-04-30,6,10,6,6,Field,10,0,0,121,121,Nicole Sanders,Lacey Bird,Lawrence Porter,Rainy,Worn,10399
399,2015,2015-04-03,10,6,14,6,Field,6,0,8,278,206,Jacob Carrillo,Kenneth Sawyer,Kyle Roberts,Rainy,Dusty,25404
400,2021,2021-04-21,1,7,19,7,Bat,1,0,0,137,137,James Fletcher MD,Angela Hurley,William Hall,Humid,Fresh,13371
401,2020,2020-05-28,8,6,15,8,Field,6,0,0,175,175,Shane Jenkins,David Castro,Ronald Mcdowell,Cloudy,Worn,36593
402,2010,2010-05-29,2,8,9,8,Bat,2,0,0,148,148,Timothy Adams,Michael Perry,Morgan Mills,Clear,Used,26287
403,2008,2008-05-13,10,8,19,8,Field,10,0,0,148,148,Donna Holland,Rhonda Shah,Brian Craig,Clear,Fresh,16667
404,2023,2023-04-19,10,8,16,10,Bat,8,0,0,164,164,John Sandoval,Scott Bailey,Ashley Gregory,Cloudy,Used,28523
405,2015,2015-04-14,6,4,1,6,Bat,4,0,0,135,135,William Fletcher,Benjamin Keller,Grant Griffin,Rainy,Fresh,27780
406,2013,2013-04-04,3,9,13,3,Field,9,0,0,140,140,James Vasquez,Brian Hughes,Adam Kim,Humid,Fresh,55425
407,2011,2011-04-23,2,10,4,10,Field,10,0,3,187,169,Sarah Oliver,Terry Delgado,Erica Pope,Humid,Fresh,25018
408,2018,2018-05-06,1,3,18,3,Field,3,0,6,255,195,Joshua Randolph,Jeffrey Terry,Harold Cross,Clear,Used,13304
409,2011,2011-05-18,7,4,8,7,Field,7,0,7,202,139,Mandy Mathis,Kimberly Collins,Sergio Mcknight,Rainy,Worn,34771
410,2011,2011-04-03,7,1,6,1,Field,7,0,0,129,129,Donna Harrell,Stephanie Bradley,Heidi Garcia,Humid,Dusty,11449
411,2017,2017-04-18,8,9,8,9,Field,9,0,7,222,138,Monica Lawrence,Tasha Medina,Cathy Turner,Clear,Worn,42209
412,2021,2021-05-14,6,3,9,3,Bat,6,0,0,220,220,Gerald Burgess,Andrew Thomas,Ronald Smith,Humid,Used,33078
413,2022,2022-04-16,10,5,12,5,Field,5,0,6,209,137,Christopher Jones,Christopher Mcmillan,Sandra Caldwell,Clear,Dusty,30151
414,2022,2022-04-24,6,2,6,6,Field,2,0,0,199,199,Alan Butler,Bradley Chaney,Christopher Lester,Clear,Worn,30857
415,2011,2011-04-05,1,10,15,10,Bat,1,0,0,134,134,Jordan Jones,Heather Carter,Jessica Ross,Humid,Dusty,29892
416,2010,2010-05-07,1,10,2,1,Bat,10,0,0,152,152,Cindy Green,Dylan Taylor,Robert Torres,Clear,Used,43018
417,2008,2008-05-27,5,6,20,5,Bat,5,77,0,191,114,Daniel Olson,Travis Hall,Cody Smith,Rainy,Worn,10834
418,2011,2011-05-29,9,8,19,8,Field,8,0,3,165,144,Johnathan Brown,Brenda Flores,Mr. David Stephenson MD,Humid,Used,15671
419,2015,2015-04-18,6,10,17,10,Field,6,0,0,165,165,Holly Baker,Erica Navarro,Melissa Cruz,Rainy,Used,57360
420,2021,2021-04-22,4,6,17,6,Field,4,0,0,128,128,Michael Macdonald,Mark Dixon,Donna Hernandez,Rainy,Dusty,22542
421,2014,2014-05-30,10,2,6,2,Bat,10,0,0,142,142,Stacey Tate,Tammy Bell,Brooke Garcia,Cloudy,Used,65546
422,2012,2012-05-24,5,7,15,5,Bat,7,0,0,163,163,Grant Thomas,John Howard,Michael Wagner,Cloudy,Worn,20151
423,2014,2014-04-28,6,4,12,6,Field,4,0,0,188,188,Angela Bryant,Kimberly Abbott,Angel Perez,Rainy,Worn,38145
424,2008,2008-05-05,4,1,2,1,Bat,4,0,0,148,148,Jose Ramirez,Angela Fuentes,Holly Tran,Humid,Fresh,35854
425,2012,2012-04-16,10,8,5,10,Field,10,0,9,276,186,Ashley Mccarthy,Christian Young,Kimberly James,Clear,Fresh,22409
426,2018,2018-04-22,5,2,3,5,Bat,2,0,0,176,176,Mary Cherry,Cory Herman,Carolyn Nunez,Rainy,Used,20170
427,2013,2013-04-04,8,2,12,2,Bat,8,0,0,160,160,Sydney Salas,Christopher Berry,Thomas Stuart,Humid,Fresh,15339
428,2011,2011-05-25,2,4,17,2,Bat,4,0,0,131,131,Nicole Smith,James Howard,Melissa Long,Clear,Fresh,53813
429,2023,2023-04-08,5,2,2,2,Field,2,0,2,180,168,Taylor Peters,Susan Banks,Carla Warren,Humid,Worn,20017
430,2020,2020-04-03,9,5,10,5,Field,9,0,0,181,181,April Lynch,Robert Williams,Anthony Juarez,Humid,Fresh,13182
431,2021,2021-05-11,4,1,8,1,Field,1,0,2,174,154,April Freeman,Taylor Zhang,Kimberly Bentley,Clear,Worn,41023
432,2009,2009-05-08,10,3,3,10,Field,10,0,8,218,178,Mark Lynch,Andrea Collins,Sarah Williams,Clear,Dusty,10867
433,2012,2012-05-25,2,9,8,2,Bat,2,18,0,208,190,James Ward,Bianca Key,Amber Fisher,Cloudy,Used,57632
434,2008,2008-04-01,8,5,13,5,Field,5,0,1,186,175,Holly Davis,Rodney Lewis,Kathy Dyer,Humid,Fresh,42326
435,2008,2008-05-23,3,5,14,3,Field,3,0,6,212,140,Dennis Curry,Joshua Cook,Steve Acevedo,Clear,Worn,30897
436,2009,2009-05-30,1,8,17,8,Bat,8,89,0,173,84,Phillip Fox,Angela Snyder,Nancy Wells,Humid,Worn,53915
437,2011,2011-05-11,4,2,19,2,Field,4,0,0,182,182,Vicki Turner,Erin Pierce,Jesse Miller,Clear,Fresh,10776
438,2018,2018-05-11,3,4,3,3,Field,3,0,3,149,125,Colleen Dennis,Timothy Morales,Patricia Willis,Cloudy,Dusty,33526
439,2015,2015-04-15,3,5,15,3,Bat,3,28,0,163,135,Sarah Brooks,Joseph Rodriguez,Alexis Garcia,Rainy,Used,13158
440,2017,2017-04-27,5,4,17,4,Bat,5,0,0,146,146,Thomas Rivera,Alexander Ford,Jose Pitts,Humid,Dusty,43995
441,2019,2019-05-11,5,6,2,6,Bat,5,0,0,165,165,Candice Lane,Stephen Marshall,Ryan Robinson,Rainy,Fresh,34551
442,2015,2015-05-20,6,2,9,6,Bat,6,79,0,143,64,Richard Torres,Brandon Rogers,Carolyn Saunders,Humid,Worn,24240
443,2016,2016-05-03,9,7,16,9,Bat,9,36,0,215,179,Brittany Gutierrez,Joan Ramsey,Carrie Bright,Humid,Used,16484
444,2010,2010-04-27,3,10,18,3,Bat,10,0,0,209,209,Crystal Daniels,Marcus Silva,Donna Powell,Rainy,Worn,20769
445,2013,2013-05-22,5,10,16,10,Field,5,0,0,166,166,Antonio Noble,Jessica Morris,Judy Morris,Cloudy,Dusty,19352
446,2016,2016-05-14,10,5,5,10,Field,10,0,7,230,146,Robert Blackwell,Dr. Monica Warner,Matthew Davis,Clear,Fresh,21753
447,2021,2021-05-06,6,5,3,5,Bat,5,43,0,163,120,Todd Carr,Kimberly Roberson,Daniel Harris,Clear,Fresh,31049
448,2011,2011-04-26,5,4,7,5,Bat,5,91,0,147,56,Shane Harrell,Victoria Meyer,Scott Underwood,Rainy,Worn,22821
449,2019,2019-04-23,6,7,11,7,Bat,7,56,0,176,120,Patty Conley,John Miller,Lisa Hughes,Humid,Dusty,32359
450,2011,2011-04-12,2,9,14,9,Bat,2,0,0,139,139,Desiree Cook,Marissa Shea,Bryan Kerr,Rainy,Used,12897
451,2017,2017-05-06,10,4,17,4,Field,10,0,0,193,193,Zachary Cox,Samantha Chavez,Amy Anderson,Rainy,Used,18445
452,2012,2012-04-26,7,1,13,7,Bat,7,2,0,202,200,Angela Hansen,Katherine Stokes MD,David Diaz,Rainy,Used,45664
453,2021,2021-05-07,3,10,18,10,Field,3,0,0,165,165,James Butler,Jose Anderson,Matthew Price,Humid,Dusty,18977
454,2016,2016-05-04,6,1,10,6,Bat,6,72,0,211,139,Candace Smith,Tony Anderson,Jasmin Kennedy,Humid,Worn,18135
455,2011,2011-04-30,5,7,18,7,Bat,7,5,0,188,183,Glenda Dodson DDS,Jesus Smith,Kathryn Kemp,Clear,Worn,17959
456,2012,2012-05-01,4,6,7,6,Bat,6,29,0,187,158,Jim Chen,Trevor Callahan,Christina Walker,Clear,Dusty,19668
457,2014,2014-04-29,1,8,8,1,Bat,8,0,0,198,198,Danielle Miller,Jennifer Collins,Jesse Smith,Humid,Fresh,74910
458,2020,2020-05-05,3,9,13,9,Bat,3,0,0,159,159,Laurie Ortiz,Joseph French,Robert Gillespie,Humid,Dusty,30335
459,2008,2008-04-07,9,5,10,9,Bat,5,0,0,138,138,Jacob Williams,Ryan Herrera,Denise Brown,Rainy,Used,25528
460,2021,2021-04-02,1,10,8,10,Field,10,0,8,219,147,Jonathan Winters,Emily Le,Daniel Meyer,Clear,Fresh,10442
461,2015,2015-04-28,7,3,20,7,Bat,3,0,0,212,212,Bradley Clark,Austin Craig,Latoya Spencer,Humid,Used,22199
462,2023,2023-04-20,4,3,13,3,Bat,3,90,0,153,63,James Adams,Jamie Mcdaniel,Maurice Smith,Cloudy,Dusty,37279
463,2021,2021-04-13,8,7,17,8,Field,7,0,0,180,180,Jasmine Welch,Lauren Taylor,John Shields,Cloudy,Used,36990
464,2010,2010-04-18,10,2,18,2,Field,2,0,3,221,188,John Knox,David Martinez,April Bond,Clear,Dusty,20797
465,2012,2012-05-08,9,1,11,9,Bat,9,80,0,181,101,Mikayla Estrada,Jeffrey Francis,Eric Johnson,Humid,Used,15048
466,2023,2023-05-27,8,3,8,8,Field,3,0,0,150,150,Eric Long,Gabriel Coffey,Stephanie Clark,Humid,Dusty,32218
467,2014,2014-05-01,8,1,17,8,Field,1,0,0,185,185,John Nelson,Jenna Brown,David Black,Clear,Used,60135
468,2008,2008-04-14,6,7,12,6,Field,7,0,0,150,150,John Brown,Joshua Ward,Jeffrey Campbell,Clear,Fresh,26544
469,2016,2016-04-13,7,8,5,7,Field,8,0,0,156,156,Jonathan Mcgrath,Tammy Berry,Mark Underwood,Humid,Worn,19148
470,2009,2009-04-06,4,3,11,3,Bat,4,0,0,160,160,Kevin Spencer,Kimberly Hill,Whitney Schwartz,Humid,Fresh,42258
471,2020,2020-05-01,2,7,3,7,Field,2,0,0,154,154,Jessica Swanson MD,Pamela Gilmore,Christopher Allison,Clear,Fresh,32145
472,2018,2018-04-05,4,6,2,6,Field,4,0,0,133,133,Savannah Smith,Matthew Brown,Belinda Duffy,Cloudy,Used,33850
473,2013,2013-04-26,9,7,2,7,Bat,7,91,0,156,65,James Aguirre,Jose Williams,Anna Coleman,Humid,Fresh,24633
474,2014,2014-04-26,2,6,3,6,Bat,2,0,0,179,179,Albert Williams DDS,Cindy Braun,Tom Hinton,Cloudy,Used,21353
475,2019,2019-05-25,4,5,16,4,Bat,4,71,0,186,115,Theresa Obrien,William Woodward,Maria Rodriguez,Clear,Used,26507
476,2013,2013-05-26,3,4,18,3,Field,3,0,9,266,185,Brian Russell,Denise Jones,Kimberly Martin,Clear,Dusty,23513
477,2013,2013-04-06,8,5,5,8,Bat,8,36,0,136,100,Anna Hunt,Brent Rasmussen,Jenna Torres,Humid,Worn,21063
478,2021,2021-05-10,6,5,15,5,Bat,5,53,0,133,80,Wesley Taylor,Kimberly Lee,Thomas Griffin,Clear,Used,20782
479,2011,2011-04-03,3,6,7,3,Bat,6,0,0,170,170,Alan Huang,Ashley Jones,Daniel Miller,Humid,Used,15788
480,2010,2010-05-11,7,8,15,8,Bat,7,0,0,122,122,Tracy Scott,Mrs. Amy Carroll,Jennifer Blackburn,Clear,Used,17610
481,2020,2020-04-15,5,4,10,5,Field,5,0,1,166,159,Rachael Ballard,Corey Grant,Kyle Holmes,Clear,Fresh,18420
482,2010,2010-04-27,8,9,12,8,Field,8,0,1,206,197,Rebecca Castillo,Kevin Miller,James Gonzalez,Humid,Fresh,11861
483,2015,2015-05-19,8,5,19,8,Field,8,0,3,203,179,Nathan Robinson,Sarah Smith,Sara King,Clear,Dusty,10082
484,2014,2014-05-27,5,1,19,5,Field,1,0,0,188,188,Michael Murphy,Amy Ruiz,Charles Sanchez,Humid,Used,18920
485,2020,2020-05-25,7,2,5,7,Field,2,0,0,155,155,Emma Graves,Nicholas Jennings,Michael Collins,Clear,Worn,16473
486,2021,2021-04-30,7,1,11,7,Bat,7,12,0,212,200,Joshua Tucker,Destiny Hughes,Dr. Sarah Garcia PhD,Rainy,Fresh,14534
487,2009,2009-05-14,9,3,6,9,Bat,3,0,0,195,195,Amanda Wolf,Gregory Smith,Joseph Ramos,Humid,Dusty,18331
488,2013,2013-04-29,1,9,15,9,Field,1,0,0,164,164,Justin Moore,Ashley Cannon,Karen Moore,Clear,Worn,19100
489,2012,2012-05-24,6,8,14,8,Field,8,0,6,268,220,Nicole Duran,Amanda Davis,Misty Chapman,Cloudy,Worn,11847
490,2022,2022-05-08,5,1,9,1,Bat,1,56,0,122,66,Angelica Daniels,Melinda Webb,Cassandra Mcdaniel,Cloudy,Fresh,25343
491,2023,2023-05-22,2,1,11,2,Bat,2,86,0,124,38,Tracy Medina,Natalie Wade,Ronald Gonzalez,Cloudy,Fresh,41058
492,2018,2018-04-12,6,4,20,4,Field,6,0,0,130,130,Jose Nguyen,Ariel Robinson,Brianna Hale,Rainy,Used,26461
493,2012,2012-05-13,8,4,15,8,Field,8,0,8,222,142,Vanessa Mason,Leslie Davis,Cristian Schwartz,Rainy,Dusty,26530
494,2008,2008-04-03,2,1,19,1,Bat,1,83,0,181,98,Julie Sanchez,Alisha Camacho,Lauren Daniels,Humid,Fresh,17039
495,2008,2008-04-25,10,3,1,10,Bat,3,0,0,122,122,Julian Rodriguez,Casey Jackson,Jillian Vazquez,Clear,Used,15913
496,2009,2009-05-28,6,8,19,6,Bat,8,0,0,207,207,Anthony Williamson,Jessica Martinez,Joshua Spencer,Humid,Fresh,10149
497,2012,2012-05-21,3,2,18,3,Bat,3,72,0,124,52,Ashley Li,Kevin Wright,Ann Anderson,Humid,Worn,10969
498,2008,2008-05-11,5,9,16,5,Field,9,0,0,126,126,Matthew Howard,Terry Graves,Nancy Burton,Clear,Fresh,31389
499,2009,2009-04-16,3,5,1,3,Bat,5,0,0,140,140,Erin Rice,Kimberly Mcgee,Frederick Gomez,Cloudy,Worn,33704
500,2009,2009-05-29,1,10,8,10,Bat,10,48,0,200,152,James Taylor,Sara Wall,Christopher Butler,Humid,Worn,58587
501,2018,2018-04-03,6,3,12,3,Field,3,0,1,142,131,Daniel Wilson,Thomas Walker,Michelle Thompson,Rainy,Dusty,31553
502,2022,2022-04-11,2,6,15,2,Bat,2,55,0,126,71,Katelyn Stark,Janet Harmon,Ryan Davis,Clear,Worn,31348
503,2009,2009-04-14,5,10,2,10,Field,10,0,6,207,153,Lindsey Jefferson,Paula Chaney,Kelly Williams DDS,Clear,Fresh,34176
504,2013,2013-05-12,2,6,15,6,Field,6,0,9,259,178,Michele Garcia,Dakota Brown,Donna Pierce,Rainy,Used,17972
505,2018,2018-05-06,10,3,19,3,Bat,10,0,0,179,179,Jason Kelly,Jay Ballard,Sara Crawford,Cloudy,Used,10503
506,2017,2017-04-18,4,8,13,4,Field,4,0,9,201,147,Katie Lopez,Stacey Smith,Miss Tina Martin,Clear,Dusty,26596
507,2013,2013-04-06,6,7,3,6,Field,6,0,1,185,173,Courtney Luna,Phillip Knapp,Sarah Mueller,Clear,Fresh,15154
508,2020,2020-04-20,2,7,16,2,Field,7,0,0,141,141,Amy Martin,Tyler Hall,Timothy Martinez,Cloudy,Used,21505
509,2022,2022-04-04,3,10,1,10,Bat,3,0,0,186,186,Tiffany Rivera,Diana Contreras,Dawn Jenkins,Humid,Worn,28371
510,2012,2012-04-10,6,4,15,6,Field,4,0,0,162,162,Kathryn White,Amy Turner,Evelyn Rodriguez,Cloudy,Worn,24777
511,2014,2014-04-21,1,8,18,8,Field,1,0,0,133,133,Catherine Lewis,Kenneth Dixon,Sandra Fox,Rainy,Dusty,18872
512,2019,2019-04-28,1,8,16,8,Bat,8,24,0,175,151,David Phillips,Kelly Hall,Kristen Escobar,Clear,Fresh,39110
513,2019,2019-05-24,4,6,4,6,Field,4,0,0,167,167,Dennis Romero,Matthew Moreno,Scott Brown,Humid,Worn,58414
514,2022,2022-04-13,7,10,4,10,Field,10,0,5,252,202,Kenneth Lang,Daniel Williams,Patricia Thompson,Humid,Used,66931
515,2014,2014-05-25,7,10,9,7,Field,10,0,0,181,181,Jason Johnson,Jonathan Parker,Joseph Krueger,Cloudy,Used,33402
516,2022,2022-04-16,7,10,7,7,Bat,7,15,0,197,182,Monica Morris,Kevin Rogers,James Grant,Rainy,Worn,17915
517,2020,2020-04-26,1,4,13,1,Field,1,0,4,191,143,Sarah Gomez,Dorothy Nichols,Alvin Jenkins,Cloudy,Used,21304
518,2008,2008-05-21,7,8,6,8,Bat,7,0,0,153,153,Juan Powell,Alexandra Turner,John Reed,Humid,Used,69774
519,2021,2021-05-05,1,5,16,5,Field,5,0,3,209,188,Laura Ellis,Walter Hudson,Sarah Daniels,Cloudy,Used,28602
520,2012,2012-05-28,3,4,12,3,Bat,3,95,0,129,34,Susan Lee,Katherine Hicks,Zachary Bauer,Humid,Fresh,16652
521,2009,2009-05-05,4,7,17,7,Bat,4,0,0,166,166,Michael Carter,Henry Martin DVM,Courtney Kramer,Humid,Fresh,23662
522,2018,2018-04-19,2,4,17,4,Bat,4,22,0,213,191,Rebecca Webster,Troy Taylor,Joseph Ortega,Clear,Fresh,58050
523,2009,2009-05-17,8,10,15,8,Bat,8,59,0,202,143,Robert Johnson,Carol Willis,Hannah Greene,Cloudy,Used,30440
524,2018,2018-04-03,4,2,6,2,Field,2,0,5,202,152,Jessica Smith,Andrea Robinson,Brittany Sellers,Rainy,Fresh,69471
525,2018,2018-05-16,2,10,3,10,Field,10,0,6,220,166,Rebecca Dixon,Luis Cunningham,Derrick Palmer,Rainy,Dusty,15828
526,2013,2013-05-17,4,9,1,4,Bat,4,26,0,148,122,Kaylee Lee,Alex Rivera,Dustin Medina,Cloudy,Fresh,52521
527,2019,2019-04-08,9,7,20,7,Bat,9,0,0,184,184,David Williamson,Samantha Carter,Tammy Ashley,Cloudy,Dusty,11445
528,2015,2015-05-08,6,10,5,6,Bat,10,0,0,181,181,James Hampton,Bridget Burns,Jamie Fox,Clear,Worn,28389
529,2023,2023-05-29,4,9,14,4,Field,9,0,0,206,206,Jose Henderson,Glenn Meadows,Carlos Ross,Rainy,Used,43414
530,2023,2023-04-01,9,8,5,8,Bat,9,0,0,160,160,Sarah Peters,Brian Hunter,Timothy Lane,Cloudy,Used,11652
531,2009,2009-04-26,9,7,18,9,Bat,9,62,0,167,105,John Nguyen,Erin Sexton,Wendy Jones,Humid,Used,24747
532,2016,2016-05-08,10,4,8,4,Field,4,0,9,309,210,Julia Salazar,Michele Oliver,Sheila Craig,Clear,Dusty,39695
533,2020,2020-04-22,3,7,19,3,Field,7,0,0,181,181,Ryan Mccall,Brandon Conley,Mckenzie Moore,Cloudy,Dusty,15389
534,2016,2016-04-09,5,1,16,1,Field,1,0,5,247,217,Tiffany Rios,Melissa Smith DVM,Steven Espinoza,Clear,Worn,23372
535,2020,2020-04-14,1,8,7,8,Bat,8,70,0,153,83,Theresa Thomas,Elizabeth Morris,Lisa Arnold,Humid,Fresh,11009
536,2008,2008-05-04,8,3,15,3,Field,8,0,0,164,164,William Hernandez,Mrs. Madison Tyler,Ryan Owens,Rainy,Used,10027
537,2016,2016-04-22,2,5,4,2,Field,2,0,4,218,190,Lisa Townsend,William Wood,Steven Jacobs,Clear,Fresh,27516
538,2014,2014-05-24,6,4,9,6,Bat,6,79,0,134,55,Amber White,Hannah Decker,Samantha Davenport,Humid,Used,29484
539,2013,2013-05-04,8,6,7,8,Bat,6,0,0,127,127,Karen Mccoy,Devon Carter,Daniel Sanders,Rainy,Fresh,17498
540,2017,2017-04-20,6,10,15,10,Bat,10,37,0,190,153,Anthony Robinson,Holly Berry,David Ritter,Humid,Fresh,24314
541,2016,2016-04-29,10,7,15,10,Field,10,0,4,164,128,Ross Brown,Michael Walker,Nicholas Harrington,Clear,Worn,17810
542,2011,2011-05-08,7,10,4,10,Bat,7,0,0,155,155,Joseph Terry,Emily Thompson,Melissa Brown,Clear,Dusty,46690
543,2010,2010-05-10,3,10,18,10,Bat,3,0,0,149,149,Rebecca Myers,Jose Foster,Robert Hughes,Rainy,Used,16395
544,2019,2019-05-30,9,7,18,7,Field,9,0,0,219,219,Kyle Bridges,Erin Copeland,Barbara Bush,Humid,Worn,15892
545,2023,2023-04-30,2,6,9,2,Bat,6,0,0,161,161,Michael Nguyen,Jeffrey Silva,Tara Stevens,Humid,Dusty,20275
546,2009,2009-05-03,5,3,14,3,Bat,5,0,0,196,196,Amber Bryant,Kimberly Mason,Corey Jackson,Humid,Used,44631
547,2023,2023-05-07,4,9,5,4,Field,4,0,9,265,211,Benjamin Horne,Elizabeth Gomez,Jessica Johnson,Clear,Fresh,26787
548,2011,2011-05-17,4,6,19,4,Bat,4,17,0,129,112,Ryan Bond,Steven Cervantes,Larry Park,Cloudy,Worn,19978
549,2011,2011-05-13,7,4,8,7,Field,7,0,9,211,157,Scott Ramirez,Douglas Martin,Emma Krause,Cloudy,Fresh,29316
550,2014,2014-04-02,8,5,12,8,Field,8,0,9,212,131,Martin Nguyen,Christopher Gibson,Brandon Chapman,Humid,Worn,18963
551,2009,2009-04-07,10,7,16,10,Field,7,0,0,177,177,Kylie Neal,Austin Rogers,Diana Hayes,Rainy,Fresh,25917
552,2018,2018-05-18,7,5,18,7,Bat,7,2,0,185,183,Tara Bowman,Janice Luna,Ashlee Herman,Cloudy,Dusty,13016
553,2016,2016-05-21,6,3,11,3,Bat,3,27,0,197,170,Robert Farrell,Garrett Higgins,Brandon Lee,Clear,Used,46857
554,2016,2016-04-11,3,7,16,7,Bat,3,0,0,219,219,Jeremy Cobb,Joshua Sweeney,Tiffany Perez,Clear,Dusty,36051
555,2018,2018-05-01,5,6,8,6,Bat,5,0,0,204,204,Mr. Bradley Bullock,John Walker,Michael Mueller,Humid,Used,26333
556,2014,2014-05-17,7,1,16,1,Field,7,0,0,160,160,Penny Allen,Nicole Watson,Miguel Wright,Clear,Fresh,11098
557,2009,2009-05-01,7,5,4,7,Bat,7,11,0,130,119,Kayla Kelley,Benjamin Hanson,Taylor Ruiz,Cloudy,Dusty,41488
558,2015,2015-04-30,9,4,7,9,Field,4,0,0,190,190,James Rangel,Brandon Cochran,Christina Compton,Humid,Worn,15582
559,2017,2017-05-14,6,9,10,9,Field,9,0,5,154,124,Angela Woodard,Dale Carter,Carolyn Johnson,Clear,Worn,41233
560,2009,2009-05-29,3,5,11,3,Field,5,0,0,175,175,Cheryl Guzman,Andrew Bullock,Mrs. Samantha Chavez,Cloudy,Dusty,29217
561,2008,2008-05-02,10,6,1,6,Field,10,0,0,163,163,Marisa Patrick,Anne Wright,Robert Patterson,Rainy,Dusty,17298
562,2018,2018-04-26,2,3,5,2,Field,3,0,0,140,140,Lisa Romero,Carrie Pratt,Lisa Johnson,Cloudy,Used,19087
563,2015,2015-05-18,5,8,1,5,Field,5,0,6,285,213,Christopher Thompson,Vincent Perry,Elijah Davis,Rainy,Dusty,10344
564,2016,2016-04-06,9,7,2,7,Bat,9,0,0,185,185,Kathleen Johnson,Shannon Scott,Emily Ferguson,Clear,Fresh,23884
565,2015,2015-04-11,1,4,9,4,Field,1,0,0,185,185,Samantha Page,Katie House,Jessica Taylor,Rainy,Dusty,30378
566,2019,2019-04-27,9,5,10,5,Bat,9,0,0,132,132,Scott Garcia,Michael Thomas,Sherry Mcdowell,Clear,Worn,51219
567,2015,2015-04-17,1,6,16,1,Field,1,0,8,220,164,Brianna Reed,Craig Dunn,Megan Taylor,Humid,Used,22806
568,2023,2023-05-12,6,7,12,7,Bat,6,0,0,138,138,Brittany Ross,Edwin Schneider,Amber Schultz,Humid,Fresh,27029
569,2014,2014-05-21,10,9,12,9,Field,10,0,0,139,139,Douglas Martin,Cynthia Leach,Larry Little,Clear,Fresh,17078
570,2013,2013-04-27,1,5,11,1,Field,1,0,6,221,173,Catherine Richards,Sandra Mclaughlin,Ashley Levine,Humid,Worn,23212
571,2016,2016-04-20,10,6,17,10,Bat,10,72,0,156,84,Sarah Thomas,Jimmy Bean,William Smith,Humid,Dusty,39088
572,2021,2021-05-30,6,3,17,6,Bat,3,0,0,150,150,Lauren Davis,Brittany Sherman,Julia Taylor,Humid,Dusty,45917
573,2016,2016-04-23,8,3,2,8,Bat,3,0,0,150,150,Andrew White,Anthony Walsh,Greg James,Humid,Fresh,34950
574,2017,2017-05-15,4,3,4,4,Bat,3,0,0,153,153,Xavier Brown,Raymond Robinson,Melissa Pittman,Rainy,Used,12304
575,2008,2008-05-17,3,10,7,10,Bat,3,0,0,141,141,Adam Cantrell,Cynthia Martin,Judith Bell,Clear,Used,14633
576,2016,2016-04-23,3,8,13,8,Field,8,0,8,280,192,Christopher Nguyen,Jacob Higgins,Jennifer Bonilla,Rainy,Fresh,41801
577,2008,2008-05-17,3,4,13,4,Bat,4,17,0,180,163,Amy Osborne,David Lutz,Timothy Osborne,Clear,Fresh,23599
578,2017,2017-05-03,4,1,20,4,Field,4,0,8,252,180,Joseph Gonzalez,Kristen Ruiz,David Dixon,Clear,Fresh,22230
579,2022,2022-04-24,7,3,3,7,Bat,7,28,0,191,163,Martin Long,Mark Carr,Donna Sparks,Clear,Fresh,34348
580,2022,2022-05-11,1,2,11,1,Field,1,0,2,162,148,Monica Brown,Arthur Reyes,Michael Koch,Rainy,Fresh,21404
581,2016,2016-05-16,7,4,11,4,Field,4,0,1,172,165,Crystal Fisher,Nicole Munoz,Eric Nelson,Rainy,Dusty,44152
582,2021,2021-05-31,9,5,3,9,Field,5,0,0,139,139,Jason Barry,Lisa Petersen,Seth Harvey,Rainy,Used,16124
583,2020,2020-05-03,1,4,9,4,Field,4,0,2,215,191,Alicia Reyes,David Garcia,Nicole Keller,Cloudy,Fresh,21888
584,2012,2012-04-22,5,10,11,5,Field,5,0,1,145,134,Mark Patterson,Mary Parks,William Reynolds,Rainy,Dusty,23225
585,2012,2012-05-28,1,3,4,3,Field,3,0,5,201,151,William Gardner,Jennifer Martinez,Mitchell Campbell,Clear,Dusty,32238
586,2011,2011-05-20,1,5,3,1,Field,1,0,8,185,121,Robert Johnson,Nicole Patton,Sue Morrison,Cloudy,Dusty,24402
587,2018,2018-04-29,7,4,16,7,Field,7,0,4,190,166,Wendy Martinez,Kristen Wilson,Joseph Smith,Cloudy,Fresh,38926
588,2014,2014-04-11,1,6,9,1,Bat,1,85,0,124,39,Stephen Peterson,Dillon Black,David Harrell,Rainy,Used,28031
589,2023,2023-04-16,4,7,9,7,Field,7,0,9,203,149,Tammy Simmons,Sandra Simmons,Kathryn Dennis,Cloudy,Fresh,30540
590,2015,2015-05-01,7,9,20,7,Field,9,0,0,166,166,Jacob Page,Vanessa Clark,David Kim,Humid,Worn,24004
591,2020,2020-04-24,5,9,10,5,Bat,9,0,0,139,139,Daniel Delgado DDS,Colleen Pierce,Mr. Tony Davis,Clear,Dusty,58948
592,2011,2011-05-14,3,4,16,4,Bat,3,0,0,130,130,Daniel Young,Kelly Wilson,Denise Mendez,Humid,Used,23415
593,2017,2017-04-18,2,6,10,2,Bat,2,13,0,203,190,Amanda Daniels,Jean Robinson,David Mahoney,Cloudy,Fresh,42835
594,2017,2017-05-13,1,4,8,1,Bat,4,0,0,188,188,Edward Perry,Lawrence Graham,Kyle Davis,Clear,Fresh,45837
595,2010,2010-04-29,2,5,8,5,Field,5,0,4,154,122,Alyssa Scott,Susan Golden,Christopher Alexander,Humid,Dusty,27717
596,2008,2008-04-20,10,5,2,5,Field,10,0,0,140,140,Christina Beasley,Brian Alvarez,William Mata,Humid,Fresh,11353
597,2021,2021-05-26,1,2,17,1,Bat,2,0,0,149,149,Ashley Johnson,Randall Ingram,Anthony Thomas,Clear,Dusty,21015
598,2008,2008-05-05,1,3,7,3,Field,1,0,0,176,176,Matthew Brown,Robert Schroeder,Justin Allen,Cloudy,Fresh,16865
599,2014,2014-05-03,1,8,6,1,Field,8,0,0,180,180,Heather Carpenter,Justin Perez,Tammie Hodge,Clear,Fresh,27847
600,2022,2022-05-31,1,2,18,1,Field,1,0,6,175,139,Veronica Morris,Brian Owens,Bryce Riley,Humid,Dusty,16410
601,2023,2023-05-01,6,3,11,3,Field,3,0,4,254,218,Danielle Nelson,Linda Brown,Scott Drake,Rainy,Used,32540
602,2014,2014-05-24,1,9,20,1,Bat,1,42,0,215,173,Brittney Ball,Teresa Gomez,Kirsten Edwards,Humid,Worn,15673
603,2022,2022-04-20,4,7,18,7,Bat,4,0,0,212,212,Stephanie Woods,Jordan Harris,Gary Johnson,Clear,Used,20396
604,2017,2017-04-26,2,1,16,2,Bat,2,70,0,192,122,Nicole Vasquez,Matthew Rodriguez,Erik Benton,Humid,Fresh,18267
605,2008,2008-04-25,7,8,1,8,Field,8,0,3,163,148,Devin Hayes,Cynthia Duran,Debbie Carter,Cloudy,Fresh,46094
606,2022,2022-04-27,4,1,20,1,Bat,1,27,0,146,119,Sean Hess,Renee Martinez,Amanda Cook,Humid,Fresh,28048
607,2008,2008-05-08,10,1,7,1,Field,10,0,0,124,124,John Warren,Kathryn Atkinson,Joseph Mann,Clear,Worn,10323
608,2020,2020-04-16,8,3,20,8,Field,3,0,0,151,151,Christina Cantrell,Bryan Barber,Denise Grimes,Cloudy,Fresh,17593
609,2015,2015-05-15,10,1,9,10,Bat,10,72,0,167,95,Aaron Riley,Jason Wiley,Andrew Garcia,Humid,Dusty,25074
610,2008,2008-05-28,1,6,1,6,Bat,1,0,0,186,186,Dennis Harris,Sandy Dorsey,Michael Jimenez,Humid,Fresh,19918
611,2019,2019-04-10,2,5,10,5,Field,2,0,0,158,158,Sarah Allen MD,Kimberly Michael,James Kramer,Cloudy,Fresh,68677
612,2017,2017-04-22,1,9,17,9,Bat,1,0,0,158,158,Gary Carpenter,William Clements,Mary Pruitt,Humid,Fresh,33799
613,2012,2012-05-10,5,2,7,5,Field,5,0,6,176,146,Eileen Ramos,Christopher Summers,Howard Bailey,Rainy,Used,18448
614,2019,2019-04-01,9,10,20,9,Bat,10,0,0,129,129,Susan Lewis,Debra Conway,Kelsey Lynch,Clear,Dusty,12397
615,2021,2021-04-18,10,3,7,10,Field,10,0,7,252,203,Cindy Rasmussen,Richard Fuller,Andrew Brooks,Humid,Used,16121
616,2018,2018-05-25,2,6,8,6,Field,6,0,9,245,146,Stephanie Khan,Ricky Griffin,Leslie Watkins,Humid,Fresh,40420
617,2012,2012-05-07,1,10,3,10,Bat,1,0,0,123,123,Kathryn Chavez,Megan Sanchez,Jay Todd,Humid,Dusty,30938
618,2012,2012-05-17,4,7,20,7,Field,4,0,0,205,205,Ashley Hickman,Christine Townsend,Crystal Thompson,Rainy,Worn,21388
619,2011,2011-04-10,10,2,3,10,Bat,10,2,0,206,204,Richard Cook MD,Perry Patton,James Cohen,Clear,Fresh,30752
620,2013,2013-04-06,9,4,14,9,Bat,9,53,0,142,89,Cody Rodriguez,Angela Campbell,Eduardo Hernandez,Humid,Fresh,12132
621,2014,2014-04-28,2,10,10,10,Field,2,0,0,206,206,Justin Gonzales,Shawn Lewis,Dwayne Miller,Rainy,Dusty,73305
622,2014,2014-05-04,9,8,14,9,Bat,9,37,0,204,167,Regina Turner,Donna Vega,Robert Sutton,Rainy,Used,10113
623,2019,2019-05-14,1,3,11,1,Bat,3,0,0,195,195,Ashley Smith,Jeffrey Miller,Michael Lopez,Cloudy,Worn,24872
624,2014,2014-04-27,2,3,3,3,Field,2,0,0,197,197,Alexis Horton,Patricia Peck,Susan Harrison,Humid,Dusty,35388
625,2010,2010-04-30,6,7,11,6,Bat,6,11,0,156,145,Joseph Farmer,Timothy Flores,Joshua Potter,Clear,Worn,15380
626,2022,2022-05-18,4,7,6,7,Field,7,0,1,200,191,Courtney Bryan,Christian Golden,Carrie Lewis,Cloudy,Used,70152
627,2021,2021-04-16,6,2,13,6,Bat,6,92,0,182,90,Amanda Phillips,Danny Allen,Jeremy Stuart,Clear,Dusty,37262
628,2020,2020-04-22,3,10,13,3,Field,3,0,3,216,180,Steven Ortega,Stacey Kaufman,Sean Henry,Clear,Worn,20684
629,2010,2010-05-03,3,8,16,8,Field,3,0,0,121,121,Dylan Ingram,Charles Carter,Jo Brooks,Cloudy,Fresh,23545
630,2022,2022-05-07,6,5,5,5,Bat,5,82,0,174,92,Brian Hogan,David Jones,Joe Carpenter,Cloudy,Fresh,26367
631,2014,2014-05-01,5,1,12,5,Field,1,0,0,192,192,Nicole Combs,Ryan Whitaker,Valerie Miller,Humid,Worn,30691
632,2010,2010-05-30,4,8,7,4,Field,8,0,0,171,171,James Davis,Connor Anderson,Jesse Castro,Clear,Used,17336
633,2020,2020-05-15,9,8,5,9,Field,8,0,0,205,205,Benjamin Johnston,Samantha Kim,Joann Evans,Humid,Worn,21069
634,2020,2020-04-03,10,1,11,1,Bat,1,3,0,184,181,Casey Martinez,Jay Garner,Jay Harmon,Humid,Used,14015
635,2019,2019-04-05,4,1,2,1,Bat,4,0,0,145,145,Vanessa Evans,Makayla Turner,James Cox,Rainy,Used,42762
636,2014,2014-05-20,6,1,15,6,Bat,1,0,0,128,128,Kristen Davis,Brian Gonzalez,Jamie Bartlett,Cloudy,Used,12278
637,2017,2017-04-20,10,7,3,10,Field,7,0,0,177,177,Tamara Chavez,Brian Spencer,Elizabeth Davis,Humid,Worn,24290
638,2021,2021-05-07,2,3,3,3,Field,3,0,3,210,186,Louis White,Curtis Jones,Brian Cook,Cloudy,Worn,15382
639,2011,2011-05-24,10,6,14,6,Bat,10,0,0,121,121,Gabriel Collins,Jeffrey Howard,Christian Vargas,Humid,Worn,55398
640,2012,2012-05-03,7,6,11,7,Field,6,0,0,170,170,Matthew Baker,Jane Floyd,Max Perry,Humid,Worn,25247
641,2014,2014-04-28,6,10,2,10,Bat,10,59,0,130,71,Arthur Oliver,Edwin Powell,Tasha Odom,Rainy,Dusty,39492
642,2013,2013-05-25,1,10,15,10,Field,1,0,0,138,138,Pamela Rowland,Patricia Perry,Mark Lopez,Humid,Worn,38864
643,2008,2008-04-30,2,4,6,2,Field,4,0,0,147,147,Theresa Mullins,William Gonzalez,Craig Thomas,Cloudy,Fresh,12971
644,2008,2008-04-15,5,10,4,10,Field,5,0,0,175,175,Dustin Jones,Holly Moore,Scott Jones,Rainy,Fresh,25772
645,2015,2015-05-18,5,3,7,5,Field,3,0,0,134,134,Rebekah Sharp,Calvin Evans,Devon Robles,Humid,Fresh,20059
646,2019,2019-05-11,8,9,7,9,Bat,9,10,0,149,139,Kara Roberts,Stephen Morrison,Larry Sanchez,Clear,Dusty,14641
647,2012,2012-05-31,8,5,6,5,Field,8,0,0,189,189,Christopher Mckee,Crystal Gregory,Daniel Ward,Rainy,Dusty,25121
648,2021,2021-05-19,8,1,19,8,Bat,8,85,0,180,95,Ralph Berger,John Faulkner,Robert Thomas,Rainy,Used,20916
649,2019,2019-05-01,3,10,8,3,Bat,10,0,0,151,151,Karen Flores,Rebecca Diaz,Amanda Soto,Humid,Used,65803
650,2023,2023-04-03,3,6,17,6,Bat,6,34,0,175,141,Willie Johnson,Juan Abbott,Brian Hendrix,Humid,Used,12555
651,2017,2017-05-26,7,9,11,7,Field,7,0,5,161,126,Randy Kennedy,Amanda Guzman,Alexander Reyes,Cloudy,Worn,19353
652,2014,2014-04-09,8,2,15,2,Bat,8,0,0,122,122,Angel Castro,Robert Reed,Chelsea Church,Clear,Worn,26763
653,2010,2010-05-20,2,1,1,2,Bat,2,52,0,121,69,Jason Johnson,Patricia Cox,Kenneth White,Clear,Fresh,27592
654,2016,2016-04-12,2,10,10,2,Bat,10,0,0,176,176,Noah Dudley,Sara Mcconnell,Cory Moreno,Rainy,Used,44031
655,2021,2021-04-30,2,1,4,1,Bat,1,21,0,168,147,Gregory Green,Trevor Lucas,Amy Smith,Rainy,Fresh,58920
656,2022,2022-04-08,7,8,18,7,Field,8,0,0,131,131,Christian Anderson,Andrea Blanchard,Benjamin Wright,Rainy,Worn,21303
657,2008,2008-04-20,8,6,15,8,Bat,8,67,0,195,128,Jacob Rodriguez,Jacob Morgan,Vincent Holmes,Clear,Dusty,14051
658,2019,2019-04-25,4,3,10,3,Field,4,0,0,169,169,Mr. Travis Powers,Joseph Davis,Sharon Ramos,Rainy,Used,32316
659,2010,2010-04-21,6,4,12,4,Bat,6,0,0,207,207,Mary Mendoza,Mark Weiss,Patricia Gray,Clear,Used,18032
660,2022,2022-05-02,5,7,12,7,Bat,7,97,0,138,41,Robert Johnson,Colton Frye,Anna Oliver,Humid,Worn,40326
661,2017,2017-04-30,3,7,13,7,Field,3,0,0,149,149,Mary Shah,Jeffrey Phillips,Sarah Chapman,Rainy,Used,23986
662,2016,2016-04-20,7,5,8,7,Field,5,0,0,152,152,Maria Jimenez,Trevor Wilkinson,Anthony Campbell,Humid,Dusty,70775
663,2023,2023-05-28,3,2,9,3,Bat,2,0,0,141,141,Paul Yang,Denise Ali,Zachary White,Clear,Worn,21754
664,2022,2022-04-27,6,10,1,6,Bat,10,0,0,160,160,Kristen Buchanan,Daniel Meyer,Leslie Smith,Clear,Worn,18818
665,2019,2019-04-10,4,8,15,4,Field,8,0,0,138,138,Jonathan Shepherd,Kylie Garcia,Tiffany Ramos,Cloudy,Worn,37623
666,2010,2010-05-29,5,8,2,5,Field,8,0,0,142,142,Sara Hudson,Eric Rosales,Thomas Coleman,Rainy,Dusty,25655
667,2020,2020-04-16,6,4,1,6,Bat,4,0,0,147,147,Christie Reeves,Claudia Braun,David Dean,Cloudy,Fresh,15430
668,2021,2021-05-04,3,6,20,6,Bat,3,0,0,124,124,Laura Parsons,Jonathan Foster,Robert Lynch,Humid,Worn,13423
669,2016,2016-05-12,2,6,9,2,Field,2,0,3,230,194,Lisa Campos,Nicholas Barajas,Jennifer Ortega,Humid,Used,16630
670,2010,2010-04-26,8,10,13,8,Bat,10,0,0,138,138,Karen Reed,Jean Shah,Dakota Flowers,Clear,Fresh,60902
671,2021,2021-05-27,5,9,2,9,Bat,5,0,0,147,147,Sara Simon,Angela Woods,Virginia Reynolds,Rainy,Used,36016
672,2010,2010-04-28,8,1,3,1,Bat,8,0,0,140,140,Tanya Anderson,Rachel Phelps,Jason Lynch,Rainy,Dusty,25456
673,2016,2016-05-06,9,4,11,4,Bat,4,7,0,170,163,Thomas Barton,Brandon Clark,Morgan Roman,Cloudy,Used,23815
674,2009,2009-04-30,7,10,13,7,Field,10,0,0,147,147,James Yu,Cheryl Scott,Andrew Day,Rainy,Fresh,40281
675,2018,2018-04-14,3,4,6,4,Bat,3,0,0,131,131,Ashley Gonzalez,Brenda Johnson,Matthew Mitchell,Cloudy,Worn,34292
676,2014,2014-04-27,4,1,5,1,Field,1,0,6,253,187,David Freeman,Steven Mack,Christopher Garcia,Rainy,Fresh,19065
677,2011,2011-05-26,6,3,2,3,Field,3,0,6,239,167,Carol Blanchard,Christina Bradley,Kimberly Flowers,Humid,Dusty,10359
678,2020,2020-05-01,1,4,11,4,Bat,1,0,0,170,170,Jared Dalton,Benjamin Young,Mercedes Gray,Clear,Dusty,23535
679,2011,2011-04-01,2,3,15,2,Field,3,0,0,195,195,Brooke Green,Philip Gibson,David Thompson,Humid,Used,33412
680,2018,2018-05-07,9,4,13,9,Field,9,0,9,221,158,Marcus Gilbert,Douglas Mendoza,Dominic Thompson,Humid,Used,34949
681,2016,2016-05-27,6,5,12,5,Field,6,0,0,181,181,Valerie Russell,Lauren Nelson,Christopher Allen MD,Cloudy,Used,22762
682,2019,2019-05-06,4,5,13,5,Bat,5,28,0,199,171,Kelly Reyes,Rhonda Merritt,Lisa Thompson,Humid,Worn,31443
683,2012,2012-04-08,7,9,13,7,Bat,7,86,0,198,112,Caleb Nolan,Robin Wilcox,Barry Wright,Cloudy,Dusty,52464
684,2009,2009-05-11,10,4,13,4,Field,10,0,0,168,168,Tanner Obrien,Suzanne Robinson,Glenn Sawyer,Humid,Fresh,28713
685,2012,2012-05-10,8,4,16,8,Bat,8,82,0,220,138,Jacob Lee,Amanda Myers,Tyler Torres,Rainy,Worn,13123
686,2019,2019-04-01,10,7,17,7,Field,7,0,3,207,180,Jerry Thornton,Samantha Lee,Frank Vaughan,Clear,Used,58123
687,2020,2020-04-10,3,10,4,3,Bat,10,0,0,151,151,Sierra Kennedy,Monica Khan,Crystal Petty,Clear,Used,49361
688,2017,2017-04-01,4,1,5,1,Bat,4,0,0,138,138,Ralph Hunter,Rachel Gutierrez,Gregory Williamson,Rainy,Fresh,13394
689,2015,2015-05-09,10,9,7,10,Bat,10,68,0,215,147,April White,Tara Barnes,Ariel Carter,Rainy,Worn,11805
690,2012,2012-04-02,4,8,17,4,Field,8,0,0,173,173,Sean Bryant,Peggy Middleton,Molly Johnson,Rainy,Used,46980
691,2015,2015-04-18,8,9,9,9,Bat,9,4,0,159,155,Jeffery Bradley,Kelly Craig,Crystal Willis,Rainy,Used,28116
692,2013,2013-05-31,1,2,9,2,Bat,2,80,0,129,49,Joshua Fox,Darlene Johnson,Mary Allen,Humid,Fresh,18117
693,2014,2014-05-15,10,2,5,2,Bat,10,0,0,151,151,Carmen Garcia,Anthony Choi,Christina Jones,Rainy,Used,19795
694,2015,2015-04-13,6,8,15,8,Bat,8,74,0,178,104,Jacqueline Davis,Kelly Hoffman,Joan Young,Rainy,Fresh,24127
695,2017,2017-04-25,1,5,20,1,Bat,5,0,0,143,143,Jeffrey Lee,Mark Alvarez,Jordan Vincent,Rainy,Used,14322
696,2015,2015-05-28,10,9,20,10,Field,9,0,0,152,152,Christian White,Leslie Hardy,Elizabeth Stewart,Humid,Worn,13160
697,2018,2018-04-04,7,4,13,7,Bat,4,0,0,167,167,Linda King,Daniel Lewis,Richard Rodriguez,Cloudy,Fresh,66738
698,2010,2010-05-17,1,7,8,7,Bat,1,0,0,147,147,John Pitts,Linda Boyle,Gerald Dunn,Humid,Dusty,25149
699,2011,2011-04-29,9,8,16,9,Bat,9,77,0,183,106,Joseph Austin,Brian Montgomery,Anthony Copeland,Clear,Used,27756
700,2015,2015-04-22,9,3,3,3,Field,3,0,3,155,122,Katherine Hamilton,Marcus Solis,Christina Knight,Cloudy,Worn,18481
701,2010,2010-04-07,9,8,1,8,Field,9,0,0,138,138,Matthew Soto,Annette Phillips,Thomas Gill,Rainy,Worn,38713
702,2013,2013-04-08,9,7,9,9,Bat,7,0,0,171,171,Damon Walters,Aaron Allen,Gabriela Reynolds,Rainy,Fresh,33707
703,2010,2010-05-20,9,10,14,9,Field,9,0,3,210,180,Marissa Ryan,Sandra Hernandez,Shelby Molina,Humid,Used,18322
704,2010,2010-05-04,4,6,13,4,Field,4,0,5,172,147,Deborah Bauer,Ryan Abbott,David Vega,Cloudy,Dusty,51664
705,2009,2009-05-06,10,3,4,10,Field,3,0,0,137,137,John Holder,Julie Pitts,Timothy Baxter,Humid,Fresh,35412
706,2013,2013-04-17,7,5,1,7,Bat,7,35,0,212,177,Courtney Fields,Tamara Valentine,Robert Buchanan,Cloudy,Worn,43792
707,2013,2013-05-21,2,4,5,2,Field,2,0,5,209,174,Mark Duncan,Jay Johnson,Dawn Henson,Humid,Fresh,13571
708,2008,2008-05-30,7,9,12,7,Bat,7,27,0,122,95,Manuel Wilson,Laurie Gilbert MD,Kyle Dominguez,Clear,Used,28295
709,2022,2022-04-22,4,10,7,10,Field,4,0,0,159,159,Stacy Roberts,Kristin Parker,Kimberly Byrd,Clear,Worn,22844
710,2017,2017-05-04,10,4,8,10,Field,4,0,0,162,162,Terry Mckinney,Anthony Jones,Charles Ramos,Cloudy,Fresh,74238
711,2020,2020-04-30,8,9,18,9,Field,9,0,4,152,120,Frank Austin,Kristina Kelly,Samantha Giles,Rainy,Worn,20040
712,2020,2020-04-09,8,10,6,10,Field,10,0,1,138,132,Thomas Phillips,Stefanie Norris,Frank Sanders,Cloudy,Dusty,43310
713,2016,2016-05-04,7,5,14,7,Field,5,0,0,193,193,Julia Carter,Emily Hansen,Kevin Williams,Humid,Dusty,44291
714,2010,2010-04-19,9,5,7,9,Bat,9,9,0,124,115,William Perez,Angela Wilson,Tony Peters,Clear,Dusty,23399
715,2020,2020-04-12,2,1,6,1,Field,1,0,5,214,159,David Mullins,Deborah Blair,Juan Nichols,Rainy,Used,46731
716,2008,2008-04-01,7,1,6,1,Bat,7,0,0,122,122,Christopher Williams,David Singleton,Ashley Bonilla,Clear,Fresh,62321
717,2015,2015-05-29,10,1,13,1,Field,10,0,0,187,187,Crystal Hernandez,Brandi Perry,Karen Montoya,Rainy,Used,42801
718,2015,2015-04-21,5,8,3,8,Bat,5,0,0,146,146,Joshua Willis,Michael Stone,Kenneth Farrell,Rainy,Dusty,20223
719,2019,2019-05-06,2,9,16,9,Bat,9,20,0,146,126,Mary Jackson,Megan Dunn,Fernando Lopez,Rainy,Worn,32434
720,2021,2021-05-17,4,6,2,6,Bat,4,0,0,186,186,Emily Chavez,Terri Singh,Julie Scott,Clear,Used,17361
721,2022,2022-04-13,6,1,20,1,Field,6,0,0,191,191,Nicole Green,Hannah Simpson,Melissa Smith,Humid,Fresh,17375
722,2008,2008-04-22,10,4,16,4,Field,4,0,8,269,189,James Cook,Robin Howell,Catherine Richards,Rainy,Worn,38801
723,2012,2012-05-12,2,8,13,8,Field,8,0,9,238,130,Kelsey Heath,Mr. Anthony Kirk,Michelle Perkins,Rainy,Used,47952
724,2017,2017-04-12,1,10,3,1,Bat,10,0,0,146,146,Randy Jones,Jill Gomez,Jennifer Mcclain,Cloudy,Worn,35733
725,2012,2012-05-17,1,10,11,10,Field,10,0,8,218,122,Kimberly Garcia,Michael Evans,William Johnson,Rainy,Used,17609
726,2020,2020-04-17,8,6,13,8,Field,6,0,0,177,177,Eugene Brown,Lisa Walton,Julie Gardner,Cloudy,Used,40962
727,2011,2011-05-06,3,9,13,3,Field,9,0,0,153,153,Scott Moreno,Joseph Gardner,Rhonda Martinez,Rainy,Used,60501
728,2016,2016-04-08,5,8,20,5,Field,8,0,0,199,199,Wanda Smith,Peter Larsen,Nancy Nelson,Cloudy,Dusty,18364
729,2011,2011-04-25,2,9,17,2,Bat,2,34,0,121,87,Victoria Stout,Allen Yates,Austin Peck,Cloudy,Fresh,38205
730,2022,2022-05-06,10,3,12,10,Field,3,0,0,183,183,Sara Gordon,Brandon Walsh,Renee Allen,Rainy,Fresh,22218
731,2013,2013-04-14,4,10,11,10,Field,10,0,1,143,136,Laura Welch,Brooke Taylor,Alicia Jackson,Clear,Dusty,41756
732,2019,2019-04-12,2,6,14,2,Field,6,0,0,179,179,Jonathan Phillips,David Kelly,Alyssa Brown,Humid,Fresh,52010
733,2022,2022-05-10,3,9,5,9,Bat,9,7,0,126,119,Jason Fox,Alyssa Benjamin,Amanda Spence,Humid,Fresh,19855
734,2020,2020-04-08,6,7,16,7,Field,6,0,0,131,131,Michael Pace,Ryan French,Julie Moyer,Cloudy,Worn,31197
735,2014,2014-04-10,4,7,19,7,Field,7,0,4,204,184,Brian Gray Jr.,Amanda Harris,Roger Roberts,Rainy,Used,16714
736,2015,2015-05-24,6,10,18,10,Bat,10,43,0,182,139,Jacqueline May,Jessica Williams,Zachary Campbell,Cloudy,Used,16372
737,2021,2021-05-24,7,6,15,7,Field,6,0,0,183,183,Jodi Bryant,Jeffrey Bennett,Jill Thompson,Humid,Worn,17659
738,2016,2016-04-19,2,8,9,8,Bat,8,35,0,144,109,Kristin Espinoza,Sandra Keller,Brandon Hall DVM,Rainy,Worn,13633
739,2019,2019-05-18,6,7,6,6,Bat,6,69,0,211,142,Katie Parsons,Ms. Kathleen Ryan,Vanessa Ramsey,Clear,Dusty,40324
740,2023,2023-05-24,9,5,12,9,Field,5,0,0,131,131,Ariana Brown,Henry Ortega,Matthew Thomas,Clear,Dusty,33195
741,2008,2008-05-13,4,1,14,4,Field,1,0,0,127,127,Mrs. Cindy Zuniga,Robert Campos,Andrea Murray,Clear,Worn,16560
742,2012,2012-05-08,1,3,17,3,Field,3,0,4,264,216,Kayla Green PhD,James Smith,Sherry Perez,Clear,Fresh,20526
743,2012,2012-05-21,8,2,7,8,Bat,8,99,0,205,106,Melinda Barnes,Paul Vang,Mrs. Jill Kim,Humid,Dusty,13049
744,2010,2010-04-21,4,3,1,4,Bat,3,0,0,179,179,Katie Bean,Theodore Jacobs,George Ross,Clear,Fresh,53865
745,2018,2018-04-19,7,10,1,7,Field,10,0,0,149,149,Karen Clay,Craig Burgess,Emily Bush,Rainy,Dusty,35574
746,2014,2014-04-07,5,2,13,5,Bat,5,18,0,123,105,Maria Peterson,Rebecca Jones,James Good,Humid,Fresh,57804
747,2022,2022-04-30,6,1,2,1,Field,1,0,2,229,211,Sara Carter,Allison Christian,Tyler Johnston,Clear,Worn,35581
748,2014,2014-05-19,1,5,4,5,Field,1,0,0,193,193,Erin Jimenez,Robert Jackson,Juan Gardner,Rainy,Used,22025
749,2008,2008-04-09,9,5,10,5,Bat,5,73,0,206,133,Alexandra Prince,Katie Morales,Joseph Christensen,Humid,Fresh,22412
750,2017,2017-05-19,3,1,17,1,Field,1,0,6,175,145,Haley Armstrong,Andrew Blevins,Jake Burgess,Humid,Used,55196
751,2020,2020-04-01,1,6,7,1,Field,1,0,3,208,175,Christopher Brown,Elizabeth Rowe,Sara Howard,Cloudy,Fresh,18816
752,2010,2010-05-13,1,8,6,1,Bat,1,70,0,122,52,Renee Rivera,Kayla Flores,Sabrina Warner,Clear,Dusty,34235
753,2021,2021-05-05,10,1,1,1,Bat,1,31,0,164,133,Phillip Whitney,Felicia Patterson,Ariana Anderson,Clear,Dusty,38097
754,2011,2011-04-20,7,2,11,7,Bat,2,0,0,166,166,Sean Williams,Amy Mitchell,Steven King,Rainy,Used,31421
755,2008,2008-05-25,10,1,17,10,Field,1,0,0,156,156,Mallory Zhang,Ana Jackson,Michelle Hancock,Humid,Dusty,47161
756,2015,2015-04-05,10,9,1,9,Bat,9,50,0,180,130,Mary Bailey,Kayla Cooper,Mark Brown,Cloudy,Fresh,30199
757,2019,2019-05-04,6,10,16,6,Field,6,0,4,218,198,Marvin Hunter DDS,Albert Rivera,Jason Olsen,Cloudy,Worn,34100
758,2018,2018-04-23,7,5,3,5,Field,5,0,7,171,122,George Murphy,Scott Ware,Maurice Williams,Cloudy,Used,20703
759,2011,2011-05-22,6,2,12,6,Bat,6,21,0,217,196,Dr. Thomas Cooke,Mr. John Porter,Christian Freeman,Cloudy,Dusty,12395
760,2010,2010-05-13,5,2,5,5,Bat,5,38,0,211,173,Guy Watkins,Frances Gonzalez,Jason Aguirre,Rainy,Used,13645
761,2020,2020-05-10,4,8,10,8,Field,4,0,0,177,177,Kathleen Johnson,Robert Dyer,Daniel Garcia,Clear,Fresh,10992
762,2016,2016-05-23,5,10,20,10,Bat,10,8,0,151,143,James Miller,Shawn Pearson,Andrew Christian,Rainy,Fresh,26165
763,2020,2020-04-28,6,10,4,6,Field,10,0,0,215,215,Morgan Rios,Crystal Evans,Caitlyn Benson,Humid,Used,22393
764,2019,2019-04-28,7,6,4,7,Field,6,0,0,152,152,Timothy Garrison,Michael Brooks,Elizabeth Garcia,Clear,Fresh,31554
765,2011,2011-04-02,3,7,17,3,Bat,3,85,0,197,112,Bradley Flynn,Ana Munoz,Jonathan Smith,Humid,Fresh,33952
766,2010,2010-04-01,8,6,7,6,Field,6,0,8,243,187,Kendra Yoder,Adam Shepard,Nicole Bailey,Rainy,Dusty,13956
767,2019,2019-05-23,9,2,20,9,Field,9,0,3,189,159,Kimberly Williams,Paige Shelton,Jasmine Phillips,Clear,Worn,18028
768,2010,2010-05-24,6,4,9,4,Bat,4,39,0,166,127,Jessica Murphy,Stephen Miller,Teresa Ramsey,Humid,Used,17826
769,2017,2017-04-16,7,8,1,7,Bat,7,37,0,209,172,Gabriel Smith,Gary Sanford,Lauren Sellers,Humid,Used,39660
770,2016,2016-05-09,4,3,17,3,Field,4,0,0,189,189,Dean Rice,Pamela Smith,Morgan Gibbs,Clear,Used,46193
771,2022,2022-04-10,1,10,2,10,Bat,1,0,0,147,147,April Peterson,Jessica Jenkins,Jessica Norman,Cloudy,Used,34103
772,2022,2022-05-07,1,5,15,5,Bat,1,0,0,197,197,Robert Collins,Brian Ingram,Joshua Murphy,Humid,Worn,16654
773,2019,2019-04-29,2,7,14,7,Bat,2,0,0,175,175,Mrs. Jessica Smith DDS,Kristin Rice,Tiffany Clark,Clear,Used,53222
774,2013,2013-05-26,1,4,2,4,Field,4,0,9,211,139,Brandon Baker,Stephen Oliver,Willie Barnett,Clear,Dusty,35576
775,2012,2012-04-01,2,10,8,10,Bat,2,0,0,151,151,Emily Miller,Kimberly Baxter,Dylan Schwartz,Clear,Dusty,77540
776,2021,2021-05-25,3,8,16,8,Bat,8,45,0,183,138,Jerome Gutierrez,Tiffany Wood,Alicia Campbell,Clear,Fresh,16778
777,2017,2017-04-08,3,6,15,3,Bat,3,67,0,121,54,Christina Ramos,Ronnie Medina,Lisa Garcia,Cloudy,Worn,20806
778,2010,2010-04-05,1,6,6,6,Field,1,0,0,130,130,Manuel Nixon,Sandra Fernandez,Taylor Gonzalez,Clear,Fresh,64377
779,2015,2015-05-12,5,3,9,5,Bat,5,27,0,178,151,Jennifer Williams,Elizabeth Reynolds,Cindy Hicks,Cloudy,Used,24700
780,2019,2019-04-30,10,7,15,10,Bat,10,40,0,204,164,Leslie Waller,Arthur Anderson,Daniel Rogers,Cloudy,Fresh,29681
781,2013,2013-04-27,8,2,3,2,Bat,2,80,0,187,107,Natalie Taylor,Christina Nelson,Peter Davis,Humid,Dusty,20278
782,2014,2014-04-26,8,3,15,8,Bat,3,0,0,218,218,Megan Garner,David Adams,Norman Forbes,Cloudy,Fresh,17599
783,2021,2021-05-31,2,3,11,3,Bat,2,0,0,139,139,Sandra Green,Luis Case,Karen Wood,Rainy,Used,24450
784,2015,2015-04-05,4,7,10,7,Bat,4,0,0,167,167,Roger Jensen,Justin Ortega,Pamela Taylor,Cloudy,Fresh,22512
785,2022,2022-04-12,8,6,9,8,Field,8,0,8,225,153,Zachary Horton,Renee Robinson,Evan Kaufman,Clear,Used,28133
786,2015,2015-05-11,4,5,19,4,Field,4,0,5,204,159,Michael Jimenez,Jeffrey Henson,Cassie Ferguson,Cloudy,Dusty,11066
787,2023,2023-05-06,8,6,6,6,Bat,8,0,0,160,160,Alicia Brock,Debbie Stanley,William Smith,Rainy,Worn,19713
788,2011,2011-05-23,4,10,1,4,Field,10,0,0,148,148,Dylan Shepherd,Paul Gill,James Robinson,Humid,Worn,37587
789,2016,2016-05-25,5,9,17,9,Field,9,0,9,271,172,Brandon Middleton,Jennifer Bond,Latoya Adkins,Cloudy,Fresh,52837
790,2013,2013-05-18,9,7,9,7,Bat,9,0,0,194,194,Cheryl Peters,Justin Gregory,Lori Cooper,Cloudy,Used,14190
791,2010,2010-04-05,2,9,19,2,Field,9,0,0,217,217,Cristian Kaufman,Jeffrey Pierce,William Dixon,Rainy,Dusty,17651
792,2008,2008-05-19,8,7,17,7,Bat,7,1,0,127,126,Brenda Clark,Lisa Lewis,Gabriella Vargas,Cloudy,Fresh,23793
793,2009,2009-05-29,9,6,14,9,Field,6,0,0,179,179,Lee Delacruz,Marcus Briggs,Tara Wheeler,Cloudy,Worn,23647
794,2009,2009-05-20,2,10,10,2,Bat,10,0,0,158,158,James Powell,Luis Chaney,Shawn Gallegos,Clear,Worn,47698
795,2014,2014-05-01,1,4,4,4,Bat,4,7,0,180,173,Mrs. Yvette Sullivan,Mary Gordon,Kayla Welch,Clear,Used,31900
796,2013,2013-04-01,10,4,6,10,Field,10,0,3,195,171,Bryan Carroll,Thomas Schwartz,April Armstrong,Clear,Dusty,36595
797,2023,2023-04-07,1,4,7,4,Field,1,0,0,149,149,Mrs. Kristina Barnes DDS,Kevin Hart,Melinda Baldwin,Clear,Fresh,12211
798,2015,2015-04-03,6,10,18,6,Field,10,0,0,199,199,Victoria Chase,Rodney Booth,Crystal Booth,Humid,Used,21820
799,2021,2021-04-23,5,2,20,5,Bat,2,0,0,169,169,Michael Ramirez,Logan Lawrence,John Coleman,Cloudy,Used,18187
800,2018,2018-04-01,8,2,16,2,Bat,8,0,0,138,138,Matthew Robertson,Michael Suarez,Jacob Chambers,Humid,Used,40882
1,2014,2014-05-28,1,2,5,2,Field,1,0,0,208,208,Terrence Cortez,Kevin Wells,Cynthia Morgan,Cloudy,Fresh,10264
2,2017,2017-05-07,10,7,15,7,Field,7,0,3,189,162,Gregory Gonzalez,Jessica Cardenas,Michael Khan,Cloudy,Worn,14720
3,2009,2009-05-31,5,6,4,6,Field,5,0,0,190,190,Dr. Andrew Hernandez,Mr. Dylan Walsh,Joseph Thompson,Cloudy,Worn,43118
4,2016,2016-04-30,9,6,11,6,Bat,9,0,0,159,159,Tammy Davis,Jonathan Dawson,Dr. Janice Rivera,Cloudy,Used,14469
5,2020,2020-04-26,5,8,18,8,Field,5,0,0,178,178,Andrew Duffy,Mr. Cameron Ramirez,Janet Smith,Cloudy,Worn,24272
6,2022,2022-05-07,3,9,18,3,Field,9,0,0,185,185,Alexander Kennedy,Adriana Rosales,Amber Ramirez,Rainy,Fresh,15040
7,2015,2015-05-15,10,2,17,10,Field,2,0,0,191,191,James Krause,Amanda Fletcher,Wendy Bryan,Clear,Fresh,34856
8,2020,2020-04-12,3,8,1,3,Field,8,0,0,142,142,Amanda Garcia,Allen Flynn,Meghan Bowman,Cloudy,Dusty,37722
9,2015,2015-04-08,4,3,18,4,Bat,3,0,0,142,142,Matthew Simmons,Donna Brown,Donna Munoz,Clear,Dusty,17922
10,2022,2022-05-05,10,3,11,3,Bat,10,0,0,198,198,David King,Barbara Gray,William Lee,Clear,Dusty,41141
11,2017,2017-05-15,3,9,19,9,Field,9,0,9,278,188,Shannon Johnson,Theresa Henry,Katherine Smith,Cloudy,Worn,19279
12,2011,2011-04-08,8,1,3,8,Bat,1,0,0,178,178,Robin Robertson,Caleb Parker,Michael Gates,Rainy,Fresh,31021
13,2013,2013-04-13,6,3,18,6,Field,3,0,0,166,166,Emily Payne,Donald Rodriguez,Christine Brooks,Clear,Worn,10584
14,2021,2021-05-28,2,1,19,1,Field,2,0,0,128,128,Timothy Franklin,Christopher Ryan,Morgan Mccall,Cloudy,Dusty,15494
15,2014,2014-04-08,8,9,11,9,Field,9,0,5,210,165,Jessica Acevedo,Jennifer Gates,Terry Delacruz,Humid,Dusty,11707
16,2014,2014-05-09,9,4,3,9,Bat,4,0,0,220,220,Nathan Rivera,Tanya Wolfe,Whitney Miles,Clear,Fresh,17375
17,2019,2019-05-14,1,6,1,6,Bat,1,0,0,160,160,Hector Carter,Ronald Haynes,Stephanie Santos,Cloudy,Fresh,39300
18,2014,2014-04-18,5,4,9,5,Field,5,0,6,156,120,Jessica Huerta,Amber Bell,Olivia Hughes,Clear,Dusty,30333
19,2019,2019-04-08,4,8,13,8,Field,4,0,0,154,154,Lisa Underwood,Dalton Mendoza,Amy Guzman,Rainy,Worn,40132
20,2010,2010-05-09,2,6,12,2,Bat,2,72,0,210,138,Nicholas Stewart,Karen Davis,Gary Jackson,Rainy,Worn,38526
21,2008,2008-04-01,9,8,11,8,Bat,9,0,0,124,124,Mason Jenkins,Tiffany Walton,Mark Maldonado,Cloudy,Worn,33807
22,2021,2021-05-29,3,7,14,7,Field,7,0,8,282,202,Christopher Guerrero,Kelly Johnson,Andres Jones,Cloudy,Fresh,38116
23,2018,2018-04-03,5,7,7,5,Bat,5,78,0,132,54,Matthew Wagner,Michael Anderson,Christopher Dyer,Humid,Worn,12843
24,2013,2013-05-03,4,3,13,3,Field,4,0,0,192,192,Tyler Ryan,Connie Mccall,Amy Moore,Humid,Used,50597
25,2021,2021-05-01,5,2,8,2,Field,2,0,2,158,134,Megan Thomas,Michael Campbell,Michael Crawford,Cloudy,Used,34674
26,2016,2016-04-08,10,1,17,10,Bat,10,62,0,194,132,Kristen Torres,Luis Cook,Erika Curtis,Humid,Dusty,30492
27,2012,2012-05-03,3,2,2,3,Bat,3,8,0,145,137,Matthew Hunter,Anna Gonzalez,Susan Lucas,Rainy,Worn,27871
28,2019,2019-04-02,5,3,6,3,Bat,5,0,0,145,145,Joseph Moore,Christopher Hoover,Mark Brown,Clear,Dusty,66547
29,2020,2020-04-21,7,6,7,6,Bat,7,0,0,159,159,Sarah Roberts,Angela Parker,Casey Mills,Cloudy,Dusty,10671
30,2008,2008-04-10,9,5,15,9,Bat,5,0,0,155,155,Joseph Schroeder,Jason Blevins,Daniel Hall,Rainy,Fresh,16049
31,2010,2010-04-15,10,9,6,10,Bat,10,11,0,174,163,Jerry Singh,Jennifer Wiggins,Marvin Reeves,Rainy,Used,50507
32,2012,2012-05-21,8,2,14,2,Bat,2,5,0,162,157,Michele Williamson,Chris Graves,Deanna Wood,Humid,Dusty,54661
33,2014,2014-05-03,1,7,7,7,Field,1,0,0,123,123,Tara Gaines,Bryce Brown,Jessica Nguyen,Cloudy,Fresh,18927
34,2023,2023-05-02,9,7,9,7,Bat,9,0,0,187,187,Mary Jenkins,Molly Irwin,Stephanie Spencer,Clear,Used,22274
35,2020,2020-05-04,8,1,14,8,Bat,1,0,0,175,175,Melanie Lane,Raymond Young,Justin Harris,Cloudy,Dusty,28717
36,2012,2012-04-24,4,1,6,4,Bat,4,58,0,161,103,Stacy Crawford,Bill Melendez,Maria Turner,Cloudy,Fresh,35530
37,2010,2010-05-23,9,2,12,2,Field,2,0,6,260,206,Amy Richards,John Solis,Michael Barton,Clear,Fresh,32424
38,2018,2018-05-24,2,5,14,2,Field,2,0,3,200,170,Adam Flores,James Williams,Rebecca Brewer,Rainy,Worn,41690
39,2015,2015-04-21,9,2,10,2,Bat,2,83,0,180,97,John Murphy,Rachel Orr,Douglas Douglas,Rainy,Worn,71301
40,2019,2019-04-21,10,5,12,10,Bat,10,55,0,172,117,Joseph Erickson,Jose Jones,Kaitlyn Flores,Humid,Worn,28634
41,2023,2023-05-25,1,4,11,1,Field,4,0,0,130,130,Katie Estes,Craig Jones,Kimberly Charles,Humid,Fresh,46903
42,2016,2016-04-07,6,4,4,6,Field,4,0,0,161,161,Cynthia Lopez,Laurie Schmidt,Edward Mayo,Humid,Used,19319
43,2018,2018-04-29,1,9,19,1,Bat,1,60,0,190,130,Jessica Bridges,Jennifer Thomas,Michael Carter,Cloudy,Fresh,19750
44,2023,2023-04-14,1,6,13,6,Bat,6,13,0,155,142,Meghan Williams,Brandon Dean,Sheila Horton,Humid,Fresh,51396
45,2012,2012-04-22,7,10,10,10,Field,7,0,0,178,178,Joshua Richmond,Katrina Payne,Joseph Moore,Cloudy,Fresh,30799
46,2009,2009-05-14,1,5,2,5,Field,1,0,0,161,161,Kathleen Hodges,Nicole Harrison,Marc Hernandez,Rainy,Worn,30195
47,2018,2018-05-27,8,10,1,10,Bat,8,0,0,162,162,Amanda Clark,Austin Williams,Michael Ayala,Humid,Worn,28850
48,2023,2023-04-23,1,5,3,1,Field,5,0,0,162,162,Andrew Parker,Paul May,Victoria Hill,Cloudy,Worn,14848
49,2020,2020-05-07,1,5,4,5,Field,5,0,9,216,144,Melvin Price,Alan Mitchell,Isabel Smith,Rainy,Used,34627
50,2021,2021-04-16,10,3,12,10,Field,10,0,5,212,172,Rebecca Burns,Amber Ross,Katelyn Anderson,Cloudy,Fresh,34741
51,2023,2023-04-28,10,3,8,10,Bat,10,65,0,204,139,Matthew Mcdonald,Meredith Anderson,Shawn Spencer,Rainy,Dusty,28296
52,2022,2022-05-27,1,6,8,1,Field,1,0,2,206,190,Bryan Pierce,Gabriel Carr,Beth Harris,Clear,Fresh,43584
53,2021,2021-04-13,9,2,9,2,Field,9,0,0,129,129,Jonathan Adams,Wesley Bradley,Lisa Nguyen,Clear,Dusty,21155
54,2016,2016-05-20,2,5,7,2,Bat,2,77,0,155,78,Wendy Hoffman,Robert Rivers,Erica Jones,Cloudy,Dusty,15196
55,2022,2022-05-17,9,1,1,1,Bat,9,0,0,129,129,James Thompson,Leah Lewis,Louis Lee,Cloudy,Worn,24073
56,2012,2012-04-16,6,9,9,9,Bat,9,100,0,212,112,Justin Hill,Kyle Smith,Scott Holland,Cloudy,Worn,34375
57,2010,2010-04-13,5,8,4,5,Field,8,0,0,159,159,Brian Gross,Kathy Bryant,Paul Curtis,Clear,Used,35307
58,2022,2022-04-12,4,1,4,1,Field,1,0,3,205,178,Vickie Turner,Jason Galvan,Jeff House,Cloudy,Used,34419
59,2011,2011-04-09,4,1,16,4,Field,4,0,3,160,130,Alice Combs,Taylor Dixon,James Daniel,Clear,Dusty,32893
60,2009,2009-05-18,2,10,12,2,Field,2,0,3,178,145,Dr. Megan Franco,Katie Richardson,Elizabeth Molina,Rainy,Used,41857
61,2011,2011-05-06,7,5,19,5,Field,5,0,6,216,186,Gina Rice,Julie Odom,Laura Nichols,Clear,Used,18730
62,2009,2009-05-06,9,10,14,10,Bat,10,47,0,135,88,Brady Hammond,Cheryl Hernandez,Michael Cook,Cloudy,Fresh,33548
63,2021,2021-05-13,6,7,18,6,Bat,6,39,0,148,109,Kimberly Walsh,Charles Bowman,Amy Bartlett DDS,Rainy,Worn,21568
64,2016,2016-05-05,2,1,19,1,Bat,1,47,0,183,136,Mark Davenport,Jasmine Hopkins,Kristy Williams,Clear,Dusty,10312
65,2008,2008-04-15,9,2,6,9,Field,2,0,0,153,153,Beth Brown,Jonathan Brown,Anthony Clark,Clear,Fresh,73608
66,2013,2013-04-30,2,8,6,8,Bat,8,2,0,182,180,Richard Esparza,Lance Perez,Molly Torres,Clear,Fresh,36093
67,2021,2021-05-23,8,3,20,8,Field,3,0,0,176,176,Natalie Lewis,Angel Turner,Jessica Cervantes,Humid,Used,24876
68,2018,2018-05-30,9,7,3,7,Field,7,0,4,168,148,Alejandro Sanchez,Dorothy Murphy,James Evans,Rainy,Used,33531
69,2014,2014-05-19,6,8,19,6,Field,8,0,0,216,216,Samuel Lewis,Timothy Ruiz,Anthony Dudley,Cloudy,Dusty,15900
70,2009,2009-04-25,2,8,15,2,Field,2,0,2,152,128,Bailey Martinez,Jorge Spears,Emily Parker,Humid,Dusty,14323
71,2014,2014-04-05,8,3,6,8,Bat,3,0,0,159,159,Eric Berger,Anthony Chambers,Alex Hobbs,Clear,Worn,64208
72,2011,2011-05-15,5,1,15,5,Field,5,0,7,206,136,Randy Baker,Julia Morris,Thomas Wright,Cloudy,Used,22627
73,2011,2011-04-05,2,10,3,2,Field,2,0,3,212,179,Steven Barnes,Joseph Colon,Michael Cochran,Humid,Dusty,10788
74,2010,2010-04-21,9,7,20,7,Bat,9,0,0,190,190,Juan Owens,Claudia Carlson,Katrina Cortez,Rainy,Used,28069
75,2014,2014-04-10,10,7,1,7,Bat,10,0,0,128,128,Edward Brooks,Sabrina Acosta,Cody Hall,Cloudy,Used,12350
76,2016,2016-04-11,10,3,10,3,Field,10,0,0,183,183,Kimberly Harrison,Diane Blake,Brandi Wells,Humid,Used,19222
77,2023,2023-05-24,1,6,15,1,Bat,1,8,0,197,189,Robert Beck PhD,Shelley Olson,Frances Walker,Cloudy,Used,36588
78,2020,2020-04-30,4,5,5,4,Field,4,0,4,193,169,Mrs. Karen Moore,Jenny Clayton,Thomas Lopez,Cloudy,Fresh,14509
79,2013,2013-04-10,7,10,15,10,Bat,7,0,0,149,149,Mark Jenkins,Jeff Brown,Kimberly Taylor,Rainy,Fresh,23219
80,2008,2008-04-07,10,1,13,10,Bat,10,32,0,140,108,Ray Norman,Mrs. Lisa Mckay,Daniel Espinoza,Clear,Dusty,15479
81,2013,2013-05-14,9,2,10,2,Field,9,0,0,198,198,Patrick Blair,Frank Martin,Rick Wheeler DDS,Humid,Worn,75160
82,2016,2016-05-27,6,7,6,6,Bat,7,0,0,214,214,Marvin Hamilton II,Kimberly Roberts,Ronald Brown,Cloudy,Dusty,29827
83,2018,2018-04-15,7,6,6,6,Bat,7,0,0,208,208,Justin Johnson,Amanda Johnson,Tamara Brown,Cloudy,Worn,71770
84,2015,2015-05-10,4,8,13,4,Field,4,0,8,204,140,Travis Rivera,Angelica Strong,Krystal Martinez,Humid,Used,21462
85,2022,2022-04-30,5,3,5,3,Bat,3,90,0,162,72,Christopher Jones,Shawn Hall,Brenda Oneill,Humid,Fresh,12352
86,2023,2023-04-15,7,9,13,9,Field,7,0,0,129,129,John Brown,Tanya Meza,Brian Garrett,Cloudy,Used,62613
87,2010,2010-04-22,2,8,3,2,Bat,8,0,0,147,147,Mrs. Ashley Waller,Steven Vaughn,Stephen Rogers,Clear,Used,10676
88,2020,2020-05-12,6,9,15,6,Bat,9,0,0,187,187,Cynthia Robles,James Mcconnell,Ian Howell,Rainy,Dusty,19628
89,2012,2012-04-13,10,4,12,10,Bat,4,0,0,169,169,Bryan Ruiz,Andrew Cunningham,Steven Anderson DVM,Humid,Fresh,41987
90,2021,2021-05-16,2,1,6,2,Bat,2,2,0,214,212,Jessica Smith,Donna Hamilton,Amanda Beltran,Cloudy,Fresh,16633
91,2020,2020-04-28,2,1,20,1,Bat,1,27,0,125,98,Timothy Ray,Jeremy Eaton,Robert Miller,Humid,Used,11594
92,2013,2013-05-30,1,4,19,1,Field,1,0,2,198,184,Devon Medina,John Taylor,Melissa Jensen,Rainy,Used,11524
93,2022,2022-04-09,4,8,15,8,Bat,8,72,0,141,69,Michael Harrison,Judy Smith,Breanna Munoz,Rainy,Used,32905
94,2022,2022-04-21,10,2,16,2,Field,2,0,8,212,148,Jennifer Scott,Jordan Gutierrez,Sara Henderson,Humid,Fresh,33191
95,2009,2009-04-15,6,5,13,6,Field,6,0,7,202,139,Candice Higgins,Rachel Powell,Jesus Owens,Clear,Dusty,55574
96,2016,2016-05-17,1,8,12,1,Field,1,0,7,242,186,Chase Larson,Andrew Guerra,Monica Williams,Clear,Fresh,13839
97,2022,2022-04-07,1,4,5,4,Field,1,0,0,211,211,Elizabeth Ramirez,Melissa Blankenship,Stacy Gonzales,Rainy,Fresh,26951
98,2009,2009-04-22,7,5,7,7,Bat,7,85,0,207,122,Michael Rice,Christopher Allen,Jerry Davis,Cloudy,Dusty,19461
99,2019,2019-05-15,2,1,10,2,Bat,2,29,0,183,154,Jeffery Daniels,Jennifer Hayes,Teresa Morris,Cloudy,Worn,43710
100,2014,2014-04-26,5,8,19,5,Field,5,0,8,228,156,Anthony Johnson,Amanda Coleman,Thomas Ramos,Cloudy,Worn,21241
101,2008,2008-04-30,4,2,11,2,Bat,2,97,0,141,44,Brian Guzman,Haley Howe,Douglas Griffin,Cloudy,Worn,12857
102,2010,2010-05-18,1,5,2,5,Bat,1,0,0,194,194,William Shaffer,Kaitlin Wise,Trevor Ferguson,Rainy,Fresh,20489
103,2012,2012-04-20,5,1,8,1,Field,5,0,0,204,204,Erik Wells,Tina Yoder,Luis Nichols,Clear,Used,73367
104,2012,2012-05-28,5,4,5,5,Bat,4,0,0,172,172,Vernon White,Manuel Gonzalez,Eric Jordan,Cloudy,Worn,21169
105,2008,2008-05-05,1,5,20,1,Bat,5,0,0,150,150,Robert Pugh,George Garcia,Sarah Green,Clear,Fresh,28045
106,2012,2012-05-11,4,1,19,4,Bat,1,0,0,128,128,Kevin Johnson,James Howard,Michael Durham,Cloudy,Fresh,18717
107,2011,2011-05-02,8,9,2,8,Bat,9,0,0,187,187,Randy Valencia,Dustin Johnson,Amy Mendez,Rainy,Fresh,23524
108,2019,2019-05-10,3,2,17,2,Bat,2,95,0,163,68,Joseph Romero,Bonnie Brown,James Clark,Humid,Fresh,35233
109,2016,2016-05-24,6,7,7,7,Bat,7,2,0,146,144,Anthony Brown,Andrew Green,Eric Bailey,Cloudy,Worn,19953
110,2009,2009-04-13,5,4,14,5,Bat,5,95,0,147,52,Jose Wilkinson,Joel Brown,David Boyd,Clear,Dusty,32708
111,2014,2014-05-02,1,4,10,4,Bat,4,44,0,153,109,Zachary Trujillo,David Spears,Sara Valencia,Cloudy,Worn,27025
112,2021,2021-05-30,4,1,5,1,Bat,1,6,0,147,141,Erica Lewis,Michael Fletcher,Roger Jones,Humid,Fresh,15033
113,2019,2019-05-04,4,6,11,4,Field,4,0,7,212,128,John Henderson,Seth Noble,Jorge Hernandez,Cloudy,Used,12247
114,2020,2020-05-14,5,1,4,5,Bat,5,47,0,160,113,Adam Porter,Melissa Schmitt,James Cameron,Clear,Used,26547
115,2012,2012-04-26,10,4,4,10,Field,4,0,0,168,168,David Lane,Amy Haney,John Holder,Humid,Fresh,63494
116,2018,2018-05-18,10,2,17,10,Bat,10,19,0,175,156,Sean Gray,Jessica Stewart,Richard Summers,Clear,Used,57531
117,2008,2008-05-02,1,4,8,4,Field,1,0,0,154,154,Brian Kelly,Michele Ward,Caleb Martin,Rainy,Used,77208
118,2018,2018-04-13,2,6,10,6,Field,2,0,0,205,205,Mary Adams,David Perry,John Armstrong,Cloudy,Fresh,54548
119,2010,2010-05-28,6,4,4,6,Bat,6,42,0,135,93,Kenneth Reynolds,John Glover,Kiara Mann,Clear,Dusty,64916
120,2011,2011-04-11,4,9,11,4,Field,4,0,6,209,173,Brian Nunez,Christine Scott,James James,Clear,Fresh,17464
121,2019,2019-04-13,6,5,2,5,Bat,5,14,0,163,149,Walter Vaughan,Jeremy Wright,Veronica Pham,Clear,Worn,37496
122,2011,2011-05-17,7,1,3,7,Field,1,0,0,138,138,Maria Caldwell,Felicia Perez,Dr. Sarah Fuller,Clear,Dusty,27962
123,2022,2022-04-09,4,5,4,4,Bat,5,0,0,124,124,Ashley Washington,Bruce Hendricks,Joshua Parker,Cloudy,Dusty,58774
124,2011,2011-04-08,5,2,7,5,Field,5,0,1,137,132,Daniel Ortega,Amy Thornton MD,Cathy Young,Humid,Fresh,11473
125,2015,2015-05-25,6,8,3,6,Field,6,0,1,141,134,Jennifer Jackson DVM,Desiree Berry,Shane Santos,Clear,Fresh,13454
126,2018,2018-04-19,4,1,11,4,Bat,4,40,0,219,179,Matthew Snyder,Melissa Randall,James Shaffer,Humid,Worn,10218
127,2012,2012-05-14,5,7,5,7,Field,7,0,5,230,190,Jill Coffey,Lynn Wilson,Brandon Miller,Clear,Dusty,28407
128,2011,2011-04-06,3,5,15,5,Field,5,0,9,254,146,Alexandria Silva,Joe Wilson,Peter Rivera,Rainy,Used,27873
129,2019,2019-05-18,8,2,14,2,Bat,8,0,0,188,188,Rebecca Smith,Phillip Hicks,Anna Brown,Clear,Used,26617
130,2019,2019-05-16,8,3,6,8,Bat,3,0,0,144,144,Emily Blackwell,Daniel Johnson,Paula Sims,Humid,Worn,17660
131,2017,2017-04-25,3,5,18,3,Bat,3,58,0,215,157,Mr. George Lowe,Robert Todd,Wendy Larson,Clear,Used,10666
132,2016,2016-05-11,1,2,19,2,Field,2,0,5,234,189,Melanie Mcgrath,Christopher Anderson,Jessica Peterson,Clear,Fresh,13101
133,2022,2022-05-08,9,6,9,9,Bat,6,0,0,183,183,Monica Howell DDS,Emily Bryant,Deborah Beard,Clear,Worn,35773
134,2014,2014-04-15,2,3,6,3,Field,2,0,0,131,131,Joseph Johnson,Donald Parker,Steven Vargas,Humid,Used,61138
135,2020,2020-04-26,2,3,1,2,Bat,2,18,0,121,103,Lisa Rosario,Heather George,Melissa Thomas,Clear,Used,11704
136,2016,2016-04-02,6,3,13,3,Field,3,0,7,222,187,Jason Castro,Paul Erickson,Brittany Brown,Rainy,Fresh,22796
137,2011,2011-05-16,1,10,15,10,Bat,10,5,0,130,125,Hannah Villa,Maria Davis,Diana Thomas,Rainy,Fresh,27516
138,2022,2022-04-19,3,2,17,3,Bat,2,0,0,165,165,Debra Rodriguez,Blake Jenkins,Jacqueline Morris,Rainy,Used,30197
139,2020,2020-04-29,6,9,14,9,Bat,9,69,0,135,66,April Lee,Susan Vincent,Kenneth Scott,Cloudy,Used,34327
140,2021,2021-05-22,9,3,15,3,Field,9,0,0,155,155,Antonio Lewis,Isaiah Patton,Alisha White,Humid,Worn,32595
141,2019,2019-04-29,2,1,17,2,Bat,2,74,0,157,83,Stephen Clark,Karen Maldonado,Darlene Turner,Clear,Dusty,57386
142,2012,2012-05-24,5,2,15,5,Field,5,0,6,184,124,Wendy Glover,Bethany Mata,Traci White,Clear,Worn,34331
143,2014,2014-05-02,6,4,3,4,Field,4,0,3,161,137,Michelle Burns,Robert Miles,Anna Jordan,Cloudy,Worn,14228
144,2012,2012-05-21,8,4,2,8,Field,4,0,0,170,170,Laura Long,Diana Mccarthy,Jennifer Alvarado,Clear,Worn,25180
145,2015,2015-05-13,2,9,15,2,Field,2,0,4,152,128,Justin Cooper,Matthew Long,Christopher Peck,Clear,Fresh,23903
146,2009,2009-05-08,10,7,5,10,Bat,7,0,0,187,187,James Pratt,Scott Wade,Jamie Mccann,Clear,Fresh,20550
147,2011,2011-04-19,10,8,3,8,Field,8,0,6,247,187,Brian Hatfield,Gregory Reyes,Joel Tucker,Rainy,Fresh,11038
148,2022,2022-04-18,4,10,19,4,Field,4,0,2,139,121,Laura Hendrix,Kristen Rodriguez,Lori Davis,Cloudy,Used,18373
149,2019,2019-05-24,6,4,13,4,Bat,6,0,0,195,195,Chelsea Sims,Cristian Cruz,David Gonzalez,Rainy,Worn,37440
150,2010,2010-04-08,7,8,16,8,Bat,8,52,0,203,151,Larry Hoffman,Shawna Hess,Charles Larson,Rainy,Used,40847
151,2008,2008-04-01,5,10,10,10,Field,10,0,7,211,169,Shannon Powers,Joyce Simon,Christopher Davis,Humid,Fresh,29839
152,2019,2019-04-22,7,8,13,8,Bat,8,67,0,217,150,Michelle Grant,Deanna Gross,Martin Gray,Cloudy,Dusty,33621
153,2017,2017-05-03,1,3,2,3,Field,3,0,7,204,155,Jose Ellison,Evan Smith,Jason Baker,Rainy,Used,10012
154,2019,2019-05-15,10,7,8,7,Field,10,0,0,154,154,Zachary Medina,Kevin Palmer,Eric Cervantes,Clear,Worn,60955
155,2023,2023-05-21,4,2,6,2,Field,2,0,2,144,130,Toni Mccoy,Julie Suarez,Sean Shea,Humid,Used,56772
156,2012,2012-05-06,6,10,7,10,Field,10,0,5,240,185,Alec Simmons,Laura Clark,Jodi Moore,Cloudy,Dusty,12598
157,2008,2008-05-10,3,1,12,3,Field,1,0,0,207,207,Dawn Roberts,Kevin Jones,Joel Moore,Cloudy,Worn,13844
158,2019,2019-05-25,9,1,9,9,Bat,9,70,0,125,55,Amy Howard,Jordan Stewart,Stephen Rodriguez,Clear,Fresh,22993
159,2014,2014-05-02,2,3,10,3,Field,2,0,0,163,163,Brian Ramos,Michael Richardson,Mary Parker,Cloudy,Dusty,37916
160,2021,2021-05-04,7,5,3,5,Bat,7,0,0,122,122,Christy Johns,David Craig,Caleb Foster,Clear,Used,20175
161,2014,2014-04-13,1,4,13,4,Field,4,0,9,221,140,Cassie Owens,Tiffany Friedman,Joseph Ryan,Humid,Dusty,67575
162,2021,2021-04-03,10,1,5,10,Field,10,0,9,260,161,Paige Chung,Natalie Vaughn,Timothy Gonzalez,Humid,Dusty,20277
163,2012,2012-04-09,4,1,20,4,Bat,4,52,0,196,144,Mark Scott,Robert Martin,Ryan Morales,Rainy,Fresh,24812
164,2015,2015-04-21,9,7,3,9,Field,7,0,0,173,173,Michael Brooks,Joseph Collins,Matthew Bird,Humid,Used,35059
165,2011,2011-04-12,4,7,11,7,Bat,4,0,0,148,148,Daniel Thompson,Jordan Harvey,Michael Kelly,Rainy,Used,13474
166,2017,2017-04-20,3,6,2,6,Field,3,0,0,171,171,Tonya Ayala,Nicole Williams,Destiny Jones,Rainy,Used,31233
167,2017,2017-04-04,10,6,5,10,Field,6,0,0,213,213,Randall Frank,Alicia Gregory,Julie Bailey,Humid,Worn,11979
168,2008,2008-05-13,7,10,4,7,Field,10,0,0,189,189,Wayne Miller,Andrew Brown,Julie Gonzalez,Humid,Worn,13333
169,2023,2023-05-16,8,9,10,8,Bat,9,0,0,214,214,Nancy Mcknight,Diana Roy,Gary Key,Humid,Used,67872
170,2011,2011-04-16,5,9,15,9,Field,5,0,0,199,199,Joshua Mata,Bradley Perez,William Marks,Rainy,Used,34729
171,2022,2022-04-16,5,2,4,2,Bat,2,64,0,187,123,Kevin Burns,Beverly Barry,Katie Baker,Clear,Dusty,24757
172,2014,2014-05-03,10,9,6,9,Bat,10,0,0,136,136,Kathryn Bennett,Daniel Johnson,Danielle Ruiz,Humid,Fresh,34109
173,2022,2022-04-03,6,8,10,8,Field,8,0,7,236,187,Robert Freeman,Alexandra Campbell,Joshua Murphy,Clear,Used,70997
174,2013,2013-04-23,5,9,6,5,Bat,5,90,0,135,45,Dennis Hayes,Dana Ibarra,Charlotte Salazar,Rainy,Fresh,40913
175,2017,2017-04-13,6,1,18,6,Field,6,0,4,179,143,Kevin Price,Zachary Jones,Kristen Johnson,Cloudy,Dusty,12951
176,2018,2018-05-14,9,5,7,9,Field,9,0,2,231,213,Eric Crawford,Brenda Marquez,Gregory Thomas,Rainy,Worn,18142
177,2021,2021-05-29,3,1,13,3,Bat,1,0,0,167,167,Shawn Smith,Clayton Golden,Craig Ortega,Humid,Used,23709
178,2008,2008-04-25,9,1,16,1,Field,9,0,0,188,188,Susan Herrera,Beth Jordan,Jennifer Preston,Clear,Dusty,21168
179,2017,2017-04-04,1,4,10,1,Field,4,0,0,134,134,Nathan Rice,Ryan Bryant,Michelle Hammond,Cloudy,Dusty,17375
180,2021,2021-04-09,5,8,11,5,Field,8,0,0,189,189,Jared Robinson,Lisa Rodriguez,Sarah Taylor,Clear,Worn,17410
181,2019,2019-04-08,7,8,13,8,Bat,7,0,0,214,214,Todd Smith,Ross Brewer,Maria Payne,Clear,Dusty,19632
182,2013,2013-04-06,1,4,11,1,Bat,4,0,0,120,120,Raymond Evans,Brandi Mckee,Jennifer Daniel,Rainy,Worn,14443
183,2012,2012-05-16,4,3,11,3,Field,3,0,9,298,190,Richard Monroe,Angela Mercer,Willie Meyer,Cloudy,Fresh,33229
184,2008,2008-04-18,3,10,20,3,Bat,10,0,0,142,142,Jerome Smith,Elizabeth Lewis,Brendan Howard,Cloudy,Used,27476
185,2021,2021-05-27,9,10,20,10,Bat,10,45,0,164,119,Lisa Baldwin,Meghan Luna,Daniel Edwards,Clear,Fresh,18677
186,2009,2009-05-31,3,5,2,5,Bat,3,0,0,165,165,Amanda English,Karen Taylor,Christopher Smith,Rainy,Used,32877
187,2010,2010-05-09,9,1,15,1,Bat,1,52,0,180,128,Terri Oconnor,Micheal Robinson,Rodney Zuniga,Cloudy,Used,39018
188,2013,2013-04-13,7,5,15,7,Field,5,0,0,143,143,Michael Gomez,Carla Rivera,William Olson,Rainy,Dusty,14791
189,2008,2008-04-08,4,10,14,4,Field,10,0,0,176,176,Christopher Gonzalez,Teresa Watkins,Vincent Diaz,Cloudy,Fresh,53933
190,2012,2012-05-17,9,4,18,4,Field,4,0,2,196,186,Jessica Robinson,Jose Lambert,Margaret Robinson,Clear,Worn,15836
191,2023,2023-05-11,8,6,11,6,Bat,8,0,0,146,146,Michael Woods,Joseph Arellano,Peter Frazier,Rainy,Fresh,48453
192,2020,2020-04-28,5,4,3,4,Field,5,0,0,121,121,Willie Smith,Tammy Smith,Jane Kelley,Humid,Fresh,25123
193,2021,2021-05-08,7,3,18,3,Bat,7,0,0,137,137,Michael Smith,Tiffany Levy,Michael Sanchez,Rainy,Worn,19689
194,2015,2015-04-26,6,4,6,4,Bat,4,65,0,155,90,Nathan Ochoa,George Cobb,Mr. Anthony Bell,Humid,Worn,13941
195,2014,2014-04-30,2,7,9,2,Field,2,0,3,149,134,Theodore Kramer,Linda Collins,Leslie Fritz,Humid,Dusty,13376
196,2016,2016-04-28,10,9,17,10,Field,10,0,8,206,158,Amy Beasley,Mr. Eric Williams PhD,Larry Flowers,Humid,Fresh,52038
197,2018,2018-05-14,5,4,18,5,Bat,4,0,0,180,180,Thomas Davis,Raymond Wade,Mary Preston,Rainy,Dusty,22365
198,2021,2021-04-30,10,7,9,10,Field,10,0,5,225,180,Michelle Peterson,Joseph Williams,Nancy Thornton,Clear,Worn,24594
199,2010,2010-05-20,1,9,13,1,Bat,9,0,0,148,148,Mario Nelson,David Anderson,John Black,Clear,Used,62496
200,2022,2022-05-26,4,2,12,4,Bat,2,0,0,200,200,Jo Harris,Charles Clark,Laura Carroll MD,Clear,Worn,31184
201,2017,2017-05-29,10,6,11,6,Bat,10,0,0,131,131,William Walls,Tyler Reyes,Brian Smith,Humid,Dusty,36639
202,2023,2023-05-04,7,10,12,10,Field,10,0,1,183,172,Laura Smith,Robert Johnson,Brittany Green,Cloudy,Dusty,41995
203,2022,2022-04-12,7,3,2,7,Field,3,0,0,132,132,Brandon Johnson,Justin Hill,Ian Simon,Humid,Worn,40222
204,2008,2008-04-18,8,5,20,8,Bat,5,0,0,204,204,Julie Hudson,Craig Medina,Ronald Curtis,Cloudy,Worn,15346
205,2018,2018-05-02,7,6,10,6,Field,7,0,0,146,146,David Sanchez,Erik Fox,Monica Jones,Humid,Worn,27329
206,2016,2016-04-10,10,5,15,10,Field,10,0,7,175,140,Michelle Lopez,Renee Young,Sharon Owens,Rainy,Used,30703
207,2010,2010-04-12,9,6,11,9,Bat,9,9,0,196,187,Whitney Molina,Krystal Daugherty,Kimberly Wilkins,Humid,Dusty,20776
208,2017,2017-04-21,6,4,5,6,Bat,6,73,0,149,76,Robin Munoz,Priscilla Miles,Victor Nixon,Rainy,Fresh,20238
209,2017,2017-04-14,5,8,5,8,Field,5,0,0,129,129,Joseph Hardy,Miss Shannon Hudson,Juan Davis,Rainy,Used,14866
210,2020,2020-04-26,1,5,17,1,Field,5,0,0,213,213,Mrs. Rhonda Simmons,Terry Gonzalez,James Walker,Humid,Dusty,21892
211,2020,2020-05-20,2,1,6,2,Field,2,0,6,218,164,Sherry Palmer,Chris Webb,James Jones,Cloudy,Dusty,19875
212,2009,2009-05-20,3,9,14,3,Field,9,0,0,154,154,Lori Gray,Jacqueline Wilson,Jacob Hawkins,Rainy,Used,55109
213,2021,2021-04-13,5,1,7,5,Field,1,0,0,205,205,Zachary Dominguez,Haley Lin,Dominic Whitaker,Clear,Used,19020
214,2020,2020-05-03,9,4,16,4,Bat,4,3,0,145,142,Chelsea Smith,Stacy Sanchez,Anna Wilson,Humid,Fresh,15226
215,2018,2018-05-16,7,9,11,9,Field,9,0,8,212,140,Kenneth Delacruz,Margaret Ross,Samuel Campbell,Rainy,Worn,10663
216,2016,2016-04-12,8,7,10,7,Bat,7,25,0,120,95,Jill Oliver,Olivia Brown,James Reese,Rainy,Dusty,36245
217,2019,2019-04-04,5,10,10,10,Field,10,0,4,209,165,Carrie Summers,Wesley Barrett,Melissa Cordova PhD,Clear,Fresh,16921
218,2013,2013-04-14,4,8,15,8,Field,8,0,2,200,186,Susan Davidson,James Lee,Morgan Cummings,Clear,Used,25332
219,2008,2008-05-27,7,9,7,9,Field,9,0,6,249,201,Garrett Horton,Mark Burton,Teresa Roth,Cloudy,Dusty,10627
220,2018,2018-04-11,7,1,19,7,Field,1,0,0,143,143,Madison Walter,Christopher Brown,Jeremy Castro,Humid,Fresh,21176
221,2011,2011-04-16,5,2,1,2,Bat,5,0,0,164,164,Valerie Castro,Diane Porter,Lisa Vasquez,Clear,Dusty,39059
222,2017,2017-04-14,9,6,12,6,Field,6,0,7,237,181,Christopher Gomez,Christopher Garcia,Stephanie Adkins,Humid,Used,10510
223,2010,2010-05-17,6,3,12,3,Bat,6,0,0,151,151,Michelle Thomas,Kimberly Romero DVM,Alan Miller,Humid,Worn,18882
224,2012,2012-05-06,7,2,6,7,Field,7,0,4,232,184,Dr. Harold Jackson,Kyle Johnston,Andrew Arias,Rainy,Fresh,27575
225,2015,2015-05-19,6,7,12,6,Bat,7,0,0,147,147,Laura Callahan,Leslie Brown,Joseph Delacruz,Humid,Used,18492
226,2023,2023-04-14,3,1,12,3,Field,1,0,0,140,140,Michael Newton,Douglas Simmons,Jerry Jacobs,Rainy,Used,22840
227,2014,2014-04-27,1,3,4,3,Field,1,0,0,143,143,Michele Mclean,Jasmine Armstrong,Ryan Sanchez,Cloudy,Fresh,43860
228,2020,2020-05-16,2,3,8,2,Bat,2,69,0,129,60,Nicholas Johnson,Brandon Hurst,Mario Haynes DDS,Clear,Worn,76110
229,2009,2009-04-13,8,2,8,2,Field,8,0,0,166,166,Greg Lewis,Jordan Flores,Angel Hernandez,Cloudy,Used,24643
230,2009,2009-05-25,6,4,15,4,Field,6,0,0,142,142,Kayla Johnson,Jack Norman,Jamie Gardner,Clear,Fresh,32588
231,2013,2013-04-02,10,2,20,2,Field,10,0,0,157,157,Allen Phillips,Robert Gibson,Cody Montes,Clear,Used,16419
232,2009,2009-05-05,5,7,10,7,Field,7,0,5,238,208,Joseph Randall,Bianca Wise,Julie Bowman,Humid,Worn,54294
233,2019,2019-05-28,5,4,16,4,Field,5,0,0,219,219,Alan Mckinney,Laura Reid,Jade Robinson,Humid,Worn,42291
234,2022,2022-04-03,7,9,8,9,Field,7,0,0,170,170,Valerie Myers,Edward Hunter,Edwin Richardson,Humid,Worn,56373
235,2020,2020-05-25,10,8,13,8,Field,8,0,7,174,139,Lisa Lynn,Javier Ferguson,Whitney Dudley,Humid,Worn,13370
236,2013,2013-04-29,3,5,4,5,Field,3,0,0,184,184,Rachael Mccormick,Kimberly Johnson,Jorge Robinson,Rainy,Worn,51453
237,2017,2017-04-21,3,6,8,3,Field,6,0,0,198,198,Nichole Ward,Jennifer Watson,Anne Jennings,Rainy,Dusty,37524
238,2011,2011-05-04,1,6,15,6,Bat,6,3,0,138,135,Daisy Herrera,Timothy Lopez,Leon Hopkins,Rainy,Fresh,37336
239,2018,2018-05-22,10,4,15,10,Field,10,0,4,219,195,Dale Carlson,Annette Jones,Tony Russell PhD,Clear,Used,26058
240,2023,2023-04-16,9,7,6,7,Bat,9,0,0,172,172,Tonya Williams,Stephen Gentry,Mrs. Tammy Martinez,Humid,Used,64952
241,2018,2018-05-26,6,9,17,6,Bat,9,0,0,203,203,Brittany Davidson,John Martinez,Gary Hall,Humid,Dusty,21418
242,2022,2022-05-07,5,1,3,5,Bat,5,71,0,190,119,April Garcia,Victoria Rodriguez,Brenda Scott,Humid,Fresh,11140
243,2013,2013-04-22,1,6,3,6,Field,6,0,7,225,155,Juan Wilson,Maria Huff,Dalton Patel,Rainy,Dusty,26157
244,2010,2010-04-09,1,2,18,1,Field,2,0,0,159,159,Jonathan Randall,Mr. Marcus Lewis,Mr. Mark Manning,Humid,Used,21814
245,2012,2012-05-20,3,4,11,3,Field,4,0,0,120,120,Robert Cisneros,Ryan Sanford,Daniel Mata,Cloudy,Used,21625
246,2016,2016-05-02,2,7,9,7,Bat,2,0,0,185,185,Martin Larson,Debra Wright,Kathryn Hart,Cloudy,Dusty,16002
247,2014,2014-05-16,7,9,2,9,Field,9,0,7,216,174,John Mendez PhD,Kathleen Torres,Megan Ray,Cloudy,Worn,13843
248,2011,2011-05-28,10,2,18,2,Bat,2,35,0,187,152,Jesus Harrison,Gary Harris,Krystal Medina,Humid,Worn,13082
249,2021,2021-04-25,4,5,6,4,Bat,4,43,0,140,97,Jennifer Tapia,Pamela Lewis,Mary Miller,Clear,Worn,26555
250,2021,2021-05-24,9,8,17,9,Field,8,0,0,144,144,Mary Chase,Heather Peterson,Tyler Compton,Clear,Worn,38219
251,2018,2018-04-10,1,8,2,1,Field,8,0,0,140,140,Katie Parsons,Robert Meadows,Kelsey Wolf,Cloudy,Fresh,20146
252,2019,2019-04-28,1,2,14,2,Bat,1,0,0,144,144,Dustin Walker,Kevin Hogan,William Kirby,Clear,Worn,32057
253,2022,2022-05-19,6,10,12,6,Field,6,0,7,240,205,Suzanne Krause,Kristin Garcia,Melissa Hall,Clear,Worn,40150
254,2008,2008-04-17,9,3,17,9,Field,9,0,2,225,207,Jason Love,Christina Ross,Karen Miller,Clear,Worn,19790
255,2015,2015-05-19,7,9,12,9,Bat,7,0,0,190,190,Paul Harvey,Nicholas Jones,Jennifer Hunt,Cloudy,Used,28681
256,2015,2015-04-23,3,8,13,8,Field,3,0,0,138,138,Mark Gonzalez,Robert Graham,Lisa Williams,Clear,Used,45139
257,2021,2021-04-17,9,8,12,9,Bat,8,0,0,217,217,Ricky Shelton,Crystal Lopez,Brandon Smith,Cloudy,Dusty,18943
258,2012,2012-05-24,3,5,6,5,Field,3,0,0,175,175,Christopher Hill,Jay Cross,Brian Bauer,Rainy,Worn,33583
259,2017,2017-04-21,3,4,10,4,Field,4,0,6,200,140,Laurie Payne,David Smith,Joe Ortiz,Cloudy,Worn,70819
260,2014,2014-04-12,6,4,18,4,Bat,4,17,0,142,125,Connie Grant,Kimberly Murphy,Andre Garcia,Clear,Dusty,21637
261,2008,2008-04-24,10,8,15,10,Field,8,0,0,154,154,Tina Keller,Leroy Robles,David Brown,Humid,Dusty,18286
262,2008,2008-05-11,9,1,14,9,Bat,1,0,0,180,180,Sheila Walsh,Angel Rios,Trevor Cochran,Rainy,Used,46863
263,2018,2018-05-21,3,9,15,3,Field,3,0,5,172,137,Benjamin Mitchell,Carl Rice,Melissa Shaw,Clear,Dusty,25306
264,2010,2010-04-10,2,6,17,2,Field,2,0,3,161,125,Scott Clark,James Gomez,Jennifer Lee,Clear,Used,40116
265,2009,2009-04-01,5,1,7,5,Field,1,0,0,155,155,Kelsey Houston,Laura Horn,Scott Holt,Cloudy,Worn,13613
266,2016,2016-05-30,2,5,2,2,Bat,2,32,0,199,167,Erica Austin,Jonathan Charles,Amber Johnson,Cloudy,Dusty,16337
267,2023,2023-04-04,8,1,5,1,Field,1,0,2,155,145,Amanda King,Elizabeth Khan,Regina Williams,Humid,Dusty,19019
268,2018,2018-04-11,6,3,20,6,Bat,6,55,0,185,130,Valerie Ortiz,Jeremiah Barnes,Roberto Ross,Cloudy,Fresh,10479
269,2023,2023-05-01,2,4,17,4,Field,2,0,0,143,143,Paula Lopez,Alex Nguyen,Keith Joseph,Humid,Worn,24440
270,2012,2012-05-16,10,1,11,10,Bat,10,77,0,120,43,Kathryn Hahn DDS,Sarah Rocha,Garrett Chavez,Clear,Used,18650
271,2018,2018-04-22,1,10,11,1,Field,10,0,0,186,186,Michael Robertson,Kathleen Lam,Julie Garrett,Clear,Used,41355
272,2018,2018-05-02,10,7,14,7,Bat,10,0,0,140,140,Angela Stout,Sean Gray,Tammy Foster,Humid,Dusty,38823
273,2009,2009-04-09,3,8,7,8,Bat,3,0,0,128,128,Matthew Farrell,Michael Rose,Michelle Higgins,Clear,Worn,16933
274,2017,2017-04-06,2,4,4,4,Bat,4,66,0,157,91,Karen Davidson MD,Deborah Trujillo,Jeffrey Bailey,Cloudy,Fresh,61455
275,2023,2023-04-25,8,4,8,8,Bat,8,24,0,186,162,Christina Cortez,Brian Morgan,Kyle Perkins,Clear,Fresh,73306
276,2008,2008-05-26,6,2,10,6,Bat,6,22,0,164,142,Kayla Cox,Raymond Tucker,Patricia Nelson,Cloudy,Fresh,66017
277,2009,2009-04-01,2,10,9,10,Field,10,0,9,280,181,Sarah Miller,Sydney Henry,Kristin Miller,Humid,Worn,33341
278,2020,2020-05-06,1,10,16,10,Bat,10,41,0,135,94,Stacy Franklin,Joseph Santos,Raymond Obrien,Rainy,Dusty,17935
279,2012,2012-05-12,5,3,15,3,Field,5,0,0,206,206,Alan Mills,Garrett Marshall,James Pope,Rainy,Fresh,35392
280,2012,2012-05-29,7,10,6,7,Field,10,0,0,124,124,Katherine Stewart,Eric Martin,Teresa James,Rainy,Used,59095
281,2023,2023-04-13,8,3,1,8,Field,3,0,0,182,182,Dustin Harris,Christine Spears,Jaime Wu,Rainy,Fresh,22400
282,2015,2015-05-21,9,5,10,5,Bat,9,0,0,128,128,Cassidy Pope,Steven Gates,Jennifer Rogers,Cloudy,Fresh,10990
283,2019,2019-05-20,6,3,13,3,Field,6,0,0,177,177,Brandon Gomez,Frederick White,Judith Hernandez,Cloudy,Dusty,65439
284,2019,2019-04-21,7,9,16,7,Bat,7,63,0,203,140,Donald Jenkins,Kayla Vaughn,Julie Shepard,Cloudy,Fresh,31942
285,2015,2015-05-12,5,4,11,5,Bat,5,50,0,152,102,Sheila Perez,Jonathan Gonzalez,Holly Miller,Rainy,Fresh,46722
286,2011,2011-05-23,10,1,4,10,Field,1,0,0,193,193,Frank Stone,Bonnie Stewart,Anthony Garcia,Rainy,Dusty,22193
287,2016,2016-04-27,5,7,5,5,Bat,5,37,0,168,131,John Smith,Julia Brown,Sheila Walters,Cloudy,Dusty,28253
288,2021,2021-05-02,2,6,18,6,Bat,6,60,0,146,86,Tara Sanchez,Ryan Wise,Larry Hanson,Humid,Dusty,19412
289,2017,2017-04-24,1,4,18,1,Field,1,0,3,238,202,Nicole Gonzales,Laura Trujillo,Rachel Perez,Rainy,Used,18994
290,2018,2018-04-20,10,6,3,6,Bat,6,13,0,220,207,Kristy Mendoza,Michael Gonzales,Nancy Watson,Cloudy,Fresh,26436
291,2014,2014-04-01,3,8,12,3,Bat,8,0,0,129,129,Stephanie Sanchez,Angela Brooks,Shannon Ford,Humid,Used,35874
292,2020,2020-04-29,10,5,2,5,Field,10,0,0,151,151,Christine Calhoun,Gregory Singleton,Jeremy Butler,Rainy,Worn,33430
293,2009,2009-04-05,4,2,17,4,Field,4,0,8,249,153,Brendan Turner,Andrew Hall,Michael Black,Rainy,Worn,16652
294,2015,2015-05-31,2,8,6,2,Field,8,0,0,143,143,Matthew Stark,Katherine Peterson,Cheryl Tanner,Clear,Used,23786
295,2015,2015-05-12,8,3,7,3,Field,3,0,1,151,140,Craig Murphy,Ashley Smith,Christina Lawrence,Rainy,Used,13617
296,2021,2021-04-19,3,8,1,8,Field,8,0,3,165,150,Richard Lewis,Sara Henry,Kristi Malone,Clear,Worn,21160
297,2023,2023-05-18,7,5,8,7,Field,7,0,4,160,132,Carolyn Robinson,Zachary Thornton,Tara Morgan,Cloudy,Fresh,15136
298,2014,2014-04-24,7,6,12,6,Bat,6,48,0,219,171,Todd Davis,Ann Woods,Brandon Kim,Rainy,Dusty,27095
299,2019,2019-04-06,5,8,6,8,Bat,8,39,0,149,110,Jamie Fernandez,April Edwards,Michael Norman,Humid,Worn,12354
300,2008,2008-05-07,2,4,18,2,Bat,4,0,0,143,143,Raymond Kim,Jamie Bell,Mr. Stephen Roach,Humid,Fresh,17777
301,2019,2019-05-19,5,3,14,3,Bat,5,0,0,139,139,Jack Johnson,Jennifer Alexander,Patricia Brennan,Rainy,Used,49996
302,2013,2013-05-30,3,1,10,1,Field,1,0,2,196,182,Corey Brown,Matthew Garcia,Martha Raymond,Humid,Used,44417
303,2011,2011-05-18,2,9,17,9,Field,2,0,0,189,189,Kyle Harris,Tyrone Tate,Jeanette Brooks,Clear,Worn,56701
304,2009,2009-04-19,1,6,6,6,Field,6,0,5,190,155,Lisa Martinez,Courtney Hernandez,Bryan Vincent,Humid,Worn,51976
305,2019,2019-05-01,8,5,17,8,Bat,8,96,0,181,85,Samantha Robinson,Mr. Stephen Vasquez PhD,Jennifer Decker,Clear,Worn,20465
306,2013,2013-04-26,2,7,4,2,Field,7,0,0,167,167,Jennifer Aguilar,Dr. Joshua Martinez,Sean Jennings,Cloudy,Dusty,65899
307,2022,2022-05-01,8,7,2,8,Field,8,0,5,203,153,Veronica Lopez,Marilyn Johnson,Patricia Bentley,Cloudy,Fresh,44983
308,2014,2014-05-20,2,10,11,2,Field,10,0,0,154,154,David Barr,Eric Weiss,Mark Cooper,Rainy,Used,14192
309,2009,2009-04-02,7,6,5,7,Bat,7,64,0,207,143,Nicole Wilson,Brittany Garcia,Elizabeth Bullock,Cloudy,Worn,10035
310,2009,2009-05-16,4,2,13,2,Bat,4,0,0,208,208,Sean Johnson,Angela Barnett,Mary Lewis,Humid,Dusty,59202
311,2010,2010-04-29,10,2,5,2,Bat,2,45,0,213,168,Laura Baldwin,Nicole Mack,Michael Mann,Rainy,Fresh,20698
312,2012,2012-05-11,2,1,3,1,Field,1,0,5,261,206,Aaron Brown,James Clark,Ralph Powell,Humid,Fresh,14802
313,2017,2017-05-15,10,3,9,10,Field,3,0,0,146,146,Joseph Giles,Amy Shelton,Michael Braun,Clear,Dusty,29145
314,2013,2013-04-25,4,1,18,4,Field,1,0,0,156,156,Jack Perez,Nathan Haynes,Jason Simpson,Rainy,Worn,21961
315,2011,2011-04-14,8,7,11,7,Bat,8,0,0,194,194,Maria Tran DDS,Todd Meyers,Michael Garza,Cloudy,Fresh,34740
316,2020,2020-05-11,9,10,3,9,Field,9,0,5,209,164,Amy Sheppard,Kimberly Miller,Ann Berger,Clear,Fresh,36238
317,2022,2022-05-25,6,3,3,3,Field,6,0,0,154,154,Christine Benson,Ryan West,Robert Craig,Rainy,Used,30247
318,2021,2021-04-12,7,2,5,2,Bat,2,51,0,143,92,Kenneth Wilson,Charles Lee,Theresa Rios,Humid,Used,12590
319,2009,2009-04-11,2,10,3,10,Bat,10,64,0,163,99,Christina Mitchell,Michael Johnson,Theresa Walters,Rainy,Worn,26148
320,2013,2013-05-24,8,7,6,7,Bat,7,18,0,189,171,Joseph Skinner,Daniel Thompson,Randy Hood,Rainy,Worn,20531
321,2012,2012-04-18,8,6,15,6,Field,8,0,0,142,142,Shannon Lee,Paul Hernandez,Mary Johnson,Rainy,Worn,25083
322,2010,2010-04-15,9,8,5,9,Field,9,0,9,234,189,Jennifer Williams,Linda Williams,Heather Brady,Cloudy,Fresh,21998
323,2011,2011-05-08,9,8,9,8,Field,8,0,2,151,135,Michelle Novak,Kristin James,Jessica Hall,Clear,Used,32317
324,2008,2008-05-11,2,3,9,3,Field,2,0,0,152,152,Amber Reynolds,Jill Freeman,Diana Moreno,Rainy,Worn,27964
325,2019,2019-04-05,3,9,15,3,Field,3,0,4,234,186,Lauren Valdez,Marvin Thompson,Edward Thomas,Cloudy,Used,23694
326,2020,2020-04-09,1,7,1,1,Bat,7,0,0,120,120,David Lyons,Linda Hunter MD,Cody Adams,Rainy,Used,18248
327,2020,2020-05-22,1,7,4,1,Bat,1,46,0,153,107,James Owens,Caleb Roberts,Taylor Jenkins,Cloudy,Used,61982
328,2009,2009-04-03,6,8,4,8,Bat,6,0,0,135,135,Matthew Hill,Christopher Walker,Michael Miller,Rainy,Worn,17195
329,2021,2021-04-26,10,9,1,9,Field,9,0,1,127,120,Charles Hurley,John Atkinson,Kimberly Mercer,Clear,Worn,21125
330,2015,2015-04-22,7,2,17,2,Field,2,0,6,215,173,Emily Reed,Robert Johns,Sonya Richardson,Clear,Worn,50648
331,2020,2020-04-30,6,9,4,6,Field,6,0,4,206,174,Kathy Sanchez,James Woodward,Kelly Maynard,Rainy,Fresh,33888
332,2022,2022-04-19,7,3,17,3,Field,3,0,1,202,193,Gerald Johnston DVM,Brandon Stanton,Cody Conrad,Cloudy,Used,41781
333,2016,2016-04-10,9,10,13,9,Field,10,0,0,179,179,Matthew Richards DDS,Samantha Clarke,Melinda Hernandez,Rainy,Used,45430
334,2023,2023-04-30,7,8,16,7,Bat,8,0,0,154,154,Wendy Wu,Stacy Wallace,Tyler Anderson,Humid,Worn,32946
335,2011,2011-04-23,10,4,5,10,Field,4,0,0,174,174,Renee Clayton,Brittany Stevens,Paul Thomas,Rainy,Worn,17020
336,2010,2010-04-04,3,6,4,6,Bat,6,77,0,165,88,Amanda Smith,Charles Booker,Victor Edwards,Cloudy,Fresh,58772
337,2021,2021-05-29,3,9,14,3,Bat,3,58,0,150,92,Aaron Barron,Michelle Olson,Ashley Escobar,Rainy,Fresh,21868
338,2022,2022-05-09,10,2,2,10,Field,10,0,2,152,136,Cristina Hall,Aaron Meyers MD,Tanya Parker,Humid,Fresh,26356
339,2020,2020-04-17,8,10,9,8,Field,8,0,1,158,148,Paul Hart,Suzanne Lee,Kelly Navarro,Rainy,Worn,19052
340,2019,2019-04-15,8,5,13,5,Field,8,0,0,204,204,Glenda Morgan,Amber Brown,Thomas Turner,Humid,Dusty,65680
341,2009,2009-04-28,7,9,14,7,Field,7,0,2,209,191,Nancy Oneill,Dr. Jose Shaw MD,Austin Foley,Rainy,Worn,40999
342,2019,2019-04-09,1,6,6,6,Bat,1,0,0,188,188,Karen Hunter,Andrew Moore,Gloria Butler,Humid,Fresh,71493
343,2018,2018-04-15,1,5,12,1,Bat,1,98,0,187,89,Brad Rivera,Christine Sullivan,Sarah Smith,Cloudy,Worn,14081
344,2021,2021-04-03,10,7,2,7,Bat,10,0,0,202,202,Kevin Bell,Debbie Davis,Tara Miller,Rainy,Fresh,29129
345,2022,2022-04-07,4,9,3,4,Bat,9,0,0,162,162,Joseph Mccoy,Bridget Harvey,Carlos Silva,Rainy,Fresh,23360
346,2019,2019-05-22,5,10,9,10,Bat,10,6,0,178,172,Kristine Garcia,Jamie Barrett,Mrs. Stephanie Harris,Humid,Worn,36597
347,2019,2019-04-14,1,2,4,1,Bat,2,0,0,126,126,Joseph Rogers,Danielle Mcdowell,Steven Everett,Cloudy,Fresh,26805
348,2021,2021-05-19,9,5,6,5,Bat,5,51,0,193,142,Donna Richardson,Mark Martinez,Shelley Hahn,Cloudy,Worn,49578
349,2023,2023-05-18,6,1,5,6,Bat,6,82,0,217,135,Christopher Taylor,Jamie Brown,Joshua Cook,Rainy,Used,25584
350,2015,2015-05-29,4,8,19,4,Bat,8,0,0,193,193,Cory Wright,Sheryl Lopez,Alexandra Lopez,Clear,Worn,11237
351,2022,2022-04-07,4,10,12,10,Field,10,0,6,226,172,Michael Reyes,Mark Carlson,Brian Mack,Clear,Used,13695
352,2016,2016-04-26,4,5,6,4,Field,4,0,5,191,161,Tyler Velez,Laura Beard,Anthony Miller,Cloudy,Used,40267
353,2010,2010-04-13,9,8,10,8,Field,9,0,0,204,204,Jacqueline Pratt,Jennifer Keith,Alexis Todd,Humid,Fresh,20796
354,2008,2008-04-27,9,6,12,9,Field,6,0,0,168,168,April Snyder,Jessica Long,Michele Harrison,Cloudy,Fresh,38159
355,2015,2015-04-11,8,4,6,8,Field,4,0,0,200,200,Chad Gregory,Juan Jones,Mercedes Palmer,Rainy,Worn,34758
356,2012,2012-05-02,4,1,6,1,Field,1,0,4,230,190,Anne Hunt,Christy Jordan,Ryan Parker,Cloudy,Dusty,62748
357,2021,2021-05-19,8,7,6,8,Bat,8,18,0,218,200,Christopher Price,Hannah Erickson,Mary Allen,Humid,Worn,60561
358,2018,2018-04-29,5,7,11,7,Bat,5,0,0,172,172,Stephen Burke,Shannon Collier,Nicole Brown,Clear,Fresh,16623
359,2010,2010-05-14,9,4,15,4,Bat,9,0,0,176,176,Benjamin Richardson,Wayne Smith,Vanessa Johnson,Clear,Used,23767
360,2019,2019-04-30,6,1,13,1,Bat,6,0,0,202,202,Andrew Wilson,Gregory Brady,Stephanie Perez,Cloudy,Dusty,68665
361,2011,2011-04-13,4,2,12,2,Bat,4,0,0,187,187,Jonathan Crawford,Anthony Bryant,William Franklin,Humid,Fresh,12265
362,2018,2018-04-05,6,10,12,10,Field,6,0,0,184,184,Julie Reed,Megan Leon,Heidi Leblanc,Humid,Used,26477
363,2016,2016-05-13,8,4,2,8,Bat,4,0,0,220,220,Mrs. Brittany Sosa,Anthony Wallace,Sara Hester,Rainy,Worn,12905
364,2018,2018-05-02,9,7,10,7,Field,9,0,0,166,166,Thomas Estrada,Heather Ortega,Kyle Farrell,Rainy,Dusty,61110
365,2019,2019-05-23,8,5,6,5,Bat,5,44,0,172,128,Fernando Fry,Edward Blair,Michele Brown,Cloudy,Dusty,15866
366,2012,2012-05-29,10,1,17,1,Bat,10,0,0,169,169,Jonathan Miller,Ricky Ford,Brian Christensen,Cloudy,Dusty,16712
367,2016,2016-05-22,2,1,6,1,Field,2,0,0,196,196,Krista Lowe,Nicole Ross,Dr. Samantha Santana,Clear,Dusty,44525
368,2009,2009-05-13,3,6,10,6,Field,3,0,0,190,190,Donald Kidd,Nicole Smith,Brittany Leblanc,Cloudy,Fresh,35760
369,2014,2014-04-14,8,6,11,6,Bat,6,52,0,186,134,Sarah Moore,Kayla Berry,Victoria Lee,Humid,Fresh,18703
370,2008,2008-05-17,9,1,20,1,Bat,9,0,0,152,152,Crystal Ryan,Ian Cruz MD,Jason Smith,Humid,Used,16340
371,2008,2008-05-23,9,2,13,2,Bat,2,75,0,171,96,Amanda Johnson,Cody Rogers,Stephanie Hartman,Humid,Worn,18740
372,2016,2016-05-20,5,6,4,6,Field,6,0,9,205,142,Dennis Miller,Michelle Ward,Jesse Barry,Humid,Dusty,22173
373,2013,2013-05-18,5,7,12,5,Bat,5,74,0,198,124,Tammy Smith,Kelly Knapp,Paul Young,Cloudy,Dusty,29248
374,2008,2008-04-28,10,7,4,10,Bat,10,62,0,199,137,Daniel Kim,Lucas Gonzales,Matthew Wells,Cloudy,Fresh,20915
375,2016,2016-04-14,4,1,5,1,Bat,4,0,0,140,140,Jonathan Powell,Catherine Davis,Andrew Bradley,Rainy,Worn,23082
376,2023,2023-04-01,9,6,12,6,Field,6,0,6,212,164,Tristan Fleming,Jessica Dickerson,Donald Turner,Humid,Dusty,19170
377,2015,2015-04-08,3,5,10,3,Bat,5,0,0,193,193,Maria Scott,Terry Burke,Cody Beltran,Humid,Worn,76282
378,2011,2011-05-26,5,3,11,5,Bat,3,0,0,137,137,Andrew Nguyen,Ryan Miller,Jason Clements,Rainy,Dusty,23849
379,2010,2010-05-09,8,5,13,8,Bat,5,0,0,165,165,Jerry Mann,Erin Yoder,Michelle Bishop,Clear,Fresh,32123
380,2019,2019-05-18,8,1,13,1,Field,8,0,0,164,164,Jennifer Smith,Paul Parks,Jason Francis,Clear,Dusty,39112
381,2009,2009-05-19,9,1,12,1,Field,9,0,0,163,163,Derek Powell,Martin Parker,Eric Williams,Cloudy,Used,39580
382,2008,2008-05-03,6,5,14,6,Field,6,0,6,205,169,Marcus Vaughn,Tamara Carter,Alexander Castillo,Clear,Used,10704
383,2012,2012-05-15,1,6,9,1,Field,1,0,4,235,215,Thomas Ross,Kenneth Coleman,Mark Todd,Clear,Dusty,24230
384,2021,2021-05-10,1,7,16,7,Bat,7,67,0,156,89,Jeffery Hicks,Priscilla Cowan,Leslie Gonzales,Rainy,Worn,19699
385,2020,2020-05-05,3,4,6,4,Bat,4,64,0,154,90,Mitchell Miller,Rose Lam,Jared Kramer,Cloudy,Fresh,43861
386,2023,2023-05-28,7,5,19,7,Bat,7,93,0,203,110,Carol Oneill,Andrew Reese,Darin Wolf,Cloudy,Used,15695
387,2021,2021-04-12,10,1,2,10,Bat,1,0,0,146,146,Sarah Moore,Amanda Ruiz,Herbert Campos,Clear,Worn,12493
388,2016,2016-04-29,7,9,15,7,Field,7,0,1,221,215,Sheila Perez,Kristen Jensen,Nathan Matthews,Cloudy,Worn,11955
389,2022,2022-04-19,9,7,6,7,Field,7,0,9,200,137,Robin Greene,Stephanie Ortiz,Isaiah Baker,Humid,Fresh,65362
390,2022,2022-04-13,10,1,15,10,Bat,10,19,0,193,174,Teresa Patterson,Michael Flores,Ian Cabrera,Rainy,Worn,27939
391,2015,2015-05-02,3,2,7,3,Field,2,0,0,198,198,Stephanie Newton,Katelyn Dixon,Jeffrey Thomas,Rainy,Used,12987
392,2010,2010-04-09,9,7,19,9,Field,7,0,0,174,174,Christopher Noble,Luke Sparks,Madison Payne,Clear,Fresh,22028
393,2018,2018-04-14,10,5,17,10,Bat,5,0,0,155,155,Adrian Clarke,Donna Parker,Jennifer Aguilar,Humid,Used,14291
394,2020,2020-05-12,5,1,14,1,Bat,1,55,0,133,78,Yvette Arnold,Kevin Lee,Tracy Murray,Humid,Used,47644
395,2009,2009-04-16,4,8,20,8,Bat,4,0,0,200,200,Stephanie Love,Nancy Harris,Donna Woodward,Cloudy,Used,20796
396,2011,2011-05-27,8,9,13,9,Bat,8,0,0,131,131,Courtney Shields,Justin Ward,Austin Graham,Rainy,Used,42680
397,2023,2023-04-15,7,6,1,7,Field,7,0,1,132,126,Jerry Benson,William Higgins,Larry Watson,Cloudy,Fresh,17205
398,2013,2013-04-04,7,1,8,7,Bat,1,0,0,170,170,Jason Schmidt,William Hicks,Daniel Gordon,Cloudy,Worn,73949
399,2012,2012-05-05,1,10,13,10,Field,1,0,0,209,209,Samuel Harmon,Erin Young,Lynn Myers,Clear,Worn,48519
400,2011,2011-04-26,1,5,12,1,Field,5,0,0,156,156,David Solomon,Erica Smith,Elizabeth Parrish,Humid,Used,20428
401,2009,2009-05-19,8,2,16,2,Field,8,0,0,133,133,Adam Alvarez,Bradley Wood,Kari Kim,Clear,Used,29326
402,2023,2023-04-19,5,9,14,9,Bat,9,6,0,128,122,Kaitlyn Simpson,Mark Torres,Sheila Wagner,Rainy,Fresh,32838
403,2014,2014-04-23,6,9,20,9,Field,6,0,0,197,197,Emily Robinson,Jessica Short,Allen Taylor DDS,Rainy,Worn,11281
404,2020,2020-05-10,1,8,20,8,Field,8,0,2,142,120,Stacy Terry,Joseph Martin,Tammy Clark,Humid,Dusty,25305
405,2013,2013-04-24,8,10,18,10,Field,8,0,0,185,185,Eileen Castaneda,Laurie Washington,Sharon Johns,Humid,Used,13887
406,2018,2018-04-19,9,1,10,1,Bat,9,0,0,142,142,Emily Brooks,Drew Patterson,Jason Lloyd,Cloudy,Used,68845
407,2012,2012-05-21,1,3,15,3,Field,3,0,3,162,144,Jeremiah Reed,Jeffrey West,Eric Garcia,Clear,Used,39486
408,2008,2008-04-08,2,5,2,2,Field,2,0,3,148,124,Lori West,Brenda Cabrera,Michelle Hill,Cloudy,Worn,35646
409,2021,2021-05-11,6,4,10,6,Field,4,0,0,179,179,Debra Lyons,Amanda Duncan,Jeremy Stevenson,Cloudy,Used,25845
410,2019,2019-04-25,4,6,20,6,Field,6,0,9,278,188,Mary Cortez,Jessica Figueroa,Brenda Reed,Humid,Dusty,16993
411,2010,2010-05-21,7,3,17,3,Field,3,0,6,201,159,Brian Hudson,Mary Allen,Christina Smith,Rainy,Worn,30597
412,2011,2011-04-02,10,3,9,3,Field,3,0,3,156,138,Michelle Henderson,Annette Nelson,James Thomas,Cloudy,Used,27953
413,2010,2010-05-13,4,9,15,4,Bat,4,74,0,150,76,Aaron Williams,Jessica Fischer,Deborah French,Rainy,Used,14387
414,2008,2008-05-20,5,10,12,5,Field,10,0,0,173,173,Jacob Grant,Thomas Galloway,Marilyn Taylor,Clear,Fresh,20841
415,2021,2021-05-22,5,8,5,8,Field,5,0,0,127,127,Michael Bradshaw,Jeffrey Page,Jason Buckley,Clear,Worn,16569
416,2008,2008-05-09,4,9,3,4,Field,9,0,0,130,130,Emily Moore,Phillip Fields,Amber Camacho,Cloudy,Fresh,34303
417,2008,2008-04-04,8,7,9,8,Bat,7,0,0,140,140,Brian Jordan,Glenn Whitehead,Emily Fisher,Cloudy,Used,18884
418,2008,2008-05-20,5,10,11,10,Bat,10,17,0,196,179,Michael Liu,Kathleen Chung,Kenneth James,Rainy,Dusty,29274
419,2008,2008-05-14,9,8,4,9,Field,8,0,0,152,152,Daisy Walton,William Kaiser,Christine Noble,Rainy,Used,17063
420,2013,2013-04-19,1,4,18,4,Bat,1,0,0,185,185,Christina Wilcox,Sandra Perez,Michele Johnson,Clear,Used,22610
421,2010,2010-04-10,3,2,10,2,Bat,3,0,0,176,176,Jeff Williamson,Michael Tyler,Eric Armstrong,Humid,Used,18091
422,2016,2016-05-08,7,10,13,7,Field,10,0,0,124,124,Daniel Fowler,Theresa Harris,Christopher West,Clear,Fresh,47909
423,2015,2015-04-30,4,8,18,4,Field,4,0,2,212,198,Kevin Daniel,James Fowler,Amber Curry,Cloudy,Fresh,12363
424,2013,2013-04-05,5,8,9,5,Field,8,0,0,186,186,Joshua Gonzalez,Tanner Daniel,Todd Woodward,Humid,Fresh,20918
425,2016,2016-04-05,1,2,4,2,Field,2,0,6,207,171,Angela Cummings,Brandon Ray,Gary Shields,Rainy,Dusty,56670
426,2020,2020-04-25,10,1,9,1,Field,1,0,3,155,125,Lisa Anderson,Kevin Smith,Mrs. Melissa Hickman,Humid,Fresh,13503
427,2022,2022-04-18,4,7,4,7,Bat,7,34,0,177,143,Sean Evans,Hector Wilson,Shawn Chan III,Cloudy,Worn,15846
428,2009,2009-04-12,9,8,10,9,Field,8,0,0,152,152,Sarah Martin,Victoria Howard,Brenda Jacobs,Clear,Dusty,36358
429,2009,2009-04-03,8,1,13,8,Bat,8,71,0,218,147,Robert Salas,Richard Jordan,Donna Short,Clear,Dusty,30620
430,2012,2012-04-05,10,6,7,6,Field,10,0,0,149,149,Adrienne Trevino,Jason Turner,Stephen Silva,Clear,Worn,11726
431,2017,2017-05-22,3,2,1,2,Field,3,0,0,179,179,Margaret Morton,Daniel Evans,John Dorsey,Clear,Used,36232
432,2016,2016-05-24,9,4,11,4,Bat,9,0,0,157,157,Zachary Drake,Tracy Hoffman,Natalie Price,Clear,Worn,44629
433,2017,2017-04-03,9,7,16,7,Bat,7,81,0,164,83,Jason Alvarado,Erin Lewis,Jamie Terry,Rainy,Fresh,16376
434,2011,2011-04-12,7,1,7,7,Bat,7,98,0,190,92,Alicia Bean,Brian Moore,Brian Mendez,Cloudy,Fresh,23545
435,2013,2013-05-12,10,8,4,8,Bat,10,0,0,124,124,Nicole Alvarez,Patricia Gregory,Kevin Green,Rainy,Worn,29702
436,2023,2023-05-25,4,2,6,4,Field,4,0,7,260,183,Robert Wang,Daniel Gordon,Hunter Martinez,Rainy,Fresh,60997
437,2011,2011-05-19,1,4,7,4,Field,4,0,5,182,147,Anna Taylor,Joshua Conrad,Cheryl Barker,Cloudy,Fresh,21271
438,2011,2011-04-04,3,9,9,9,Field,9,0,9,259,151,Brandon Gomez,Michael Li,Robert Taylor,Humid,Worn,18378
439,2011,2011-05-31,4,1,12,4,Field,4,0,8,213,173,Peter Medina,Charles Roberts,Robert Woodard,Cloudy,Worn,38026
440,2014,2014-05-09,3,7,2,3,Bat,7,0,0,138,138,Justin Adams,Charles Fuentes,Joan Stanley,Cloudy,Used,17480
441,2017,2017-05-05,1,7,2,7,Bat,1,0,0,163,163,Barbara Newman,Heather Gonzalez,Julia Miller,Cloudy,Dusty,21220
442,2023,2023-04-04,2,5,4,2,Field,2,0,6,218,152,Mr. John Adkins Jr.,Joshua Hernandez,Holly Waller,Cloudy,Fresh,29260
443,2012,2012-05-23,3,2,4,3,Bat,3,7,0,151,144,Travis Alvarado,Alice Davis,Duane Brown,Humid,Dusty,54972
444,2020,2020-04-15,3,8,9,8,Bat,8,13,0,161,148,Alison Houston,Jill Powell,Mario Collins,Clear,Dusty,16345
445,2019,2019-05-12,10,9,4,9,Field,10,0,0,167,167,Elizabeth Brewer,Thomas Williams,David Wiggins,Humid,Used,14731
446,2014,2014-04-21,6,3,18,3,Field,6,0,0,141,141,John Lester,Peter Wright,Cynthia Holmes,Clear,Used,16969
447,2015,2015-05-15,3,4,11,3,Field,4,0,0,166,166,Tracy Simmons,Ms. Michelle Cantu,Katherine Walker,Clear,Used,23855
448,2021,2021-05-10,7,2,17,2,Field,2,0,1,222,212,Benjamin Smith,Katie Moss,Brandon Kim,Cloudy,Dusty,57641
449,2013,2013-04-17,4,9,1,4,Bat,9,0,0,157,157,Betty Williams,Marissa Scott,Mitchell Griffin,Rainy,Dusty,51956
450,2017,2017-04-14,5,10,12,10,Bat,10,62,0,212,150,Michael Smith,Andrea Fisher,Deanna Atkins,Cloudy,Fresh,16249
451,2019,2019-05-19,4,5,13,5,Field,5,0,5,178,153,Sheila Flores,Heather Ortiz,John Greene,Rainy,Used,47302
452,2018,2018-05-31,2,6,9,6,Field,6,0,8,273,185,Monica Potts,Julia Glover,Martin Hawkins,Humid,Worn,28733
453,2013,2013-05-27,7,6,2,7,Field,7,0,4,178,134,Jesse Ryan,Tyler Good,Valerie Kidd,Humid,Used,37575
454,2008,2008-05-28,9,4,7,9,Field,9,0,2,210,200,Marco Calderon,Angela Meyer,Suzanne Luna,Clear,Worn,12651
455,2018,2018-05-01,10,4,10,10,Field,4,0,0,169,169,Brian Marshall,Chad Jones,Amber Flores,Humid,Worn,71496
456,2013,2013-05-09,5,7,11,7,Field,7,0,7,214,172,Todd Ramos,David Gregory,Jonathan Montgomery,Rainy,Worn,22800
457,2019,2019-05-28,1,3,18,3,Field,3,0,5,181,141,Anthony Hall,Natalie Stewart,Natalie Morales,Humid,Used,16091
458,2015,2015-05-10,8,7,17,8,Bat,8,87,0,189,102,Jesse Diaz,Cindy Craig,Jamie Sanchez,Humid,Used,56080
459,2008,2008-05-15,2,1,12,1,Field,1,0,5,222,192,Kurt Simpson,Wendy Wright,Caitlin Dougherty,Clear,Used,22846
460,2008,2008-04-20,7,3,11,7,Field,3,0,0,134,134,Jacqueline Lewis,Nancy Adams,Maria Martinez,Clear,Used,30654
461,2010,2010-05-14,9,2,16,9,Field,2,0,0,128,128,Stacey Montgomery,Mallory Rios,Amy Porter,Rainy,Dusty,18778
462,2018,2018-04-25,3,2,9,3,Bat,3,49,0,220,171,Eric Wilson DDS,Emily Fields PhD,Melissa Allen,Clear,Worn,23696
463,2013,2013-05-17,4,8,18,8,Field,8,0,3,242,212,Kari Gomez,Lisa Jones,Jaime Knight,Cloudy,Fresh,10027
464,2010,2010-05-17,7,2,12,7,Field,2,0,0,152,152,Antonio Morgan,Chad Odonnell,Stacy Ross,Clear,Worn,37694
465,2015,2015-05-29,3,1,12,1,Field,1,0,9,279,171,Amber Poole,Colton Duran,Sara Ruiz,Rainy,Worn,24617
466,2012,2012-04-26,2,1,9,1,Field,2,0,0,167,167,Sara Richardson,Kathryn Jackson,Jose Griffin,Clear,Worn,17255
467,2017,2017-05-14,9,1,14,1,Bat,9,0,0,180,180,Paul Gardner,Morgan Zamora,Christopher Reynolds,Clear,Fresh,29791
468,2008,2008-05-17,6,7,10,7,Bat,7,77,0,179,102,Jennifer Marshall,Richard Hines,Tina Duffy,Cloudy,Worn,42791
469,2014,2014-05-08,8,3,17,8,Bat,3,0,0,199,199,Daniel Perry,Michael Rodriguez,Gary Davis,Clear,Worn,15479
470,2014,2014-04-28,4,2,20,2,Field,2,0,8,187,139,Alyssa Walker,Ian Thomas,Steven Lopez,Cloudy,Worn,24108
471,2012,2012-05-23,2,6,15,6,Bat,6,41,0,163,122,Corey Griffin,Kathryn Hopkins,Sarah Peterson,Rainy,Fresh,33971
472,2020,2020-04-30,5,9,10,5,Bat,9,0,0,174,174,Gavin Newman,Margaret Adkins,Marvin Campbell,Humid,Fresh,11721
473,2013,2013-05-01,7,5,7,7,Field,5,0,0,125,125,Luke Harrison,Vanessa Mora,Michael Contreras,Rainy,Used,14214
474,2023,2023-04-18,4,5,5,4,Field,4,0,5,169,124,Sandra Walsh,Mr. Brian Hoover,Susan Elliott,Humid,Fresh,12271
475,2016,2016-05-27,4,2,13,4,Field,2,0,0,125,125,Carol Harris,Nicholas Hunter,Stephen Pennington,Humid,Fresh,32197
476,2022,2022-04-07,3,9,17,3,Field,3,0,6,256,190,Joan Wheeler,Rachel Dunn,Hannah Harding,Clear,Fresh,50472
477,2015,2015-04-22,6,3,19,3,Field,6,0,0,207,207,Aaron Myers,Kimberly Casey,Christopher Johnson,Humid,Used,20436
478,2009,2009-04-07,3,9,17,3,Bat,3,6,0,188,182,Christopher Vaughan,Jeremiah Smith,Kenneth Richardson,Clear,Fresh,24534
479,2014,2014-05-01,6,3,13,3,Bat,3,41,0,216,175,Cody Cantrell,Samantha Martin,Wendy Warren,Clear,Used,62120
480,2017,2017-04-28,1,8,10,8,Field,8,0,1,151,144,Anthony Knapp,Jerry Peterson,Austin Brown,Clear,Worn,49074
481,2010,2010-04-01,3,6,18,3,Field,3,0,9,218,146,Ashley Wilson,Misty Gonzales,Christine Romero,Clear,Worn,22627
482,2008,2008-05-23,8,2,8,2,Bat,8,0,0,220,220,Michael Durham,Natalie Park,Christopher Maldonado,Cloudy,Worn,27530
483,2020,2020-05-29,6,1,20,1,Bat,1,67,0,215,148,Joel Nguyen,Patrick Bell,Jamie Brooks,Rainy,Used,11821
484,2017,2017-05-22,7,4,5,7,Field,4,0,0,188,188,Ashley Perez,Tyler Ward,Jessica Meyer,Humid,Fresh,15656
485,2012,2012-05-30,6,3,2,6,Bat,3,0,0,170,170,Rebecca Eaton,Peter Jacobs,Sarah West,Clear,Dusty,30567
486,2021,2021-05-22,1,8,19,1,Field,1,0,5,160,130,Jennifer Vasquez,Shannon Hughes,Mr. Daniel Norton,Humid,Dusty,15184
487,2019,2019-04-03,5,3,17,5,Bat,5,39,0,171,132,Steven Castillo,Adam Ritter,Jessica Roberson,Humid,Used,15376
488,2013,2013-05-08,9,6,17,9,Field,9,0,1,130,123,Sarah Gallegos,Austin Jones,Belinda Thomas MD,Rainy,Dusty,40006
489,2019,2019-05-06,10,7,2,10,Bat,7,0,0,193,193,Thomas King,Sergio Randolph,Amanda Jones,Rainy,Fresh,27954
490,2010,2010-05-18,10,6,14,10,Bat,6,0,0,159,159,James Hall,Paul Chapman,Angel Jones,Rainy,Dusty,31232
491,2010,2010-04-12,5,6,8,6,Bat,6,9,0,120,111,Elizabeth Dunn,Lisa Wright,Julie Wu,Clear,Worn,16575
492,2012,2012-05-30,10,4,13,4,Bat,4,87,0,174,87,Jeff Miller,Richard Lopez,Annette Carroll,Clear,Used,47267
493,2014,2014-04-22,6,1,20,6,Bat,6,16,0,201,185,James Gutierrez,Joseph Martinez,Mary Brooks,Cloudy,Used,10775
494,2014,2014-04-01,6,3,8,6,Field,3,0,0,187,187,Angela Peters,Susan Vaughan,Robert Mejia,Humid,Dusty,77849
495,2023,2023-05-19,8,6,16,8,Bat,8,31,0,179,148,Angela Adams,Scott Howard,Nicole Foley,Cloudy,Used,15690
496,2023,2023-05-25,10,9,9,10,Field,9,0,0,185,185,Carla Thompson,Tammy Finley,Kathryn Acevedo,Humid,Used,31311
497,2011,2011-04-12,8,1,16,8,Bat,1,0,0,131,131,Sara Carter,Roberta Rodriguez,Katie Roy,Rainy,Used,19812
498,2008,2008-05-09,3,9,15,9,Bat,3,0,0,123,123,Jennifer Melendez,Michael Griffin,Julie Reed,Rainy,Dusty,12972
499,2016,2016-04-16,10,4,14,10,Bat,10,11,0,180,169,Amanda Wilson,Jamie Bradford,Steven Ross,Rainy,Used,40634
500,2021,2021-04-23,1,7,7,1,Field,7,0,0,160,160,Rachel Mcclain,Catherine Robinson,Richard Black,Humid,Used,14082
501,2014,2014-05-01,5,7,9,5,Field,5,0,3,140,122,Justin Berg,Jennifer Rogers,Robert Cisneros,Humid,Worn,17631
502,2020,2020-04-03,2,5,15,5,Bat,2,0,0,123,123,Brenda Barker,Christina Gonzales,Valerie Williams,Cloudy,Dusty,32196
503,2012,2012-04-12,9,7,15,9,Bat,9,5,0,215,210,Ashley Ramos,Shaun Robertson,Kevin Schmidt,Cloudy,Dusty,28479
504,2020,2020-04-07,8,9,9,8,Bat,9,0,0,190,190,Carolyn Davis,Michael Weber,Douglas Jones,Cloudy,Used,19324
505,2019,2019-05-08,9,1,5,1,Field,9,0,0,186,186,Jennifer Mccann,Lisa Sloan,Alexander Wilson,Clear,Fresh,26508
506,2018,2018-05-21,6,1,14,1,Field,1,0,4,180,148,John Mcbride,Elijah Goodwin,Kristen Conley,Cloudy,Dusty,35082
507,2019,2019-05-14,1,8,8,1,Field,8,0,0,183,183,Colleen Fitzgerald,Travis Fowler,Kimberly Thompson,Humid,Dusty,72549
508,2021,2021-04-27,5,7,20,7,Bat,5,0,0,216,216,Sharon Mitchell,Jeffrey Hernandez,Jose Lopez,Cloudy,Dusty,24081
509,2010,2010-04-11,5,7,5,7,Field,5,0,0,203,203,Joseph Moody,Cody Griffin,John Edwards,Rainy,Dusty,23622
510,2010,2010-05-05,2,4,14,4,Bat,2,0,0,199,199,Travis Lewis,Teresa Gonzalez,Cameron Wade,Rainy,Used,53482
511,2022,2022-05-22,6,10,10,6,Bat,10,0,0,189,189,Gina Rodriguez,Crystal Pope,Marissa Mcintyre,Clear,Worn,17926
512,2014,2014-05-08,4,6,9,6,Bat,6,1,0,148,147,David Ramirez,Casey Bowman,Kathleen Todd,Humid,Dusty,13640
513,2015,2015-05-16,3,5,7,3,Bat,3,73,0,179,106,Elizabeth Sanchez,Janet White,Cory Taylor,Rainy,Dusty,19772
514,2009,2009-04-27,4,3,20,4,Field,4,0,7,235,151,Ashley Reese,Tara Frazier,Jimmy Johnson,Cloudy,Used,14415
515,2010,2010-04-28,9,10,18,10,Bat,9,0,0,182,182,Tonya Clements,Evan Powell,Mrs. Wendy Estes,Cloudy,Used,13049
516,2011,2011-04-22,1,6,12,1,Field,6,0,0,216,216,Vickie Joseph,Mary Villegas,Natalie Harrell,Clear,Dusty,32824
517,2018,2018-04-05,7,5,6,7,Bat,7,67,0,127,60,Jenna Howe,Jennifer Delacruz,Nicholas Smith,Humid,Used,68614
518,2022,2022-05-08,1,5,8,5,Bat,1,0,0,146,146,Charles Fisher,Brianna Arias,Toni Scott,Clear,Worn,19897
519,2017,2017-04-23,8,7,5,8,Field,7,0,0,122,122,Julia Lindsey,Kelly Nelson,Natalie Williams,Rainy,Used,24387
520,2018,2018-04-18,2,8,7,8,Field,8,0,4,191,147,Eric Waters,Tammy Edwards,Stacy Wheeler,Cloudy,Dusty,14988
521,2012,2012-04-24,5,3,7,5,Bat,3,0,0,186,186,John Hendricks,Alicia Gordon,Jennifer Hernandez,Rainy,Used,13489
522,2021,2021-05-13,1,5,6,5,Bat,5,22,0,139,117,Michael Peters,Jessica Vasquez,Nicholas Hernandez,Cloudy,Used,21244
523,2023,2023-04-28,7,5,6,7,Bat,5,0,0,154,154,Jill Patterson,Zachary Peterson,Erica Anthony,Clear,Fresh,69899
524,2010,2010-05-26,1,6,16,1,Bat,1,77,0,190,113,Christine Bishop,Amanda Sanchez,Adam Mendez,Humid,Fresh,36293
525,2023,2023-05-03,9,6,19,9,Field,9,0,4,224,200,Angela Chapman,Mr. Dalton Scott Jr.,Tracy Nguyen,Cloudy,Fresh,21108
526,2015,2015-04-07,5,2,6,5,Bat,2,0,0,181,181,Thomas Johnson,Hayden Mata,Jordan Jenkins PhD,Rainy,Used,21743
527,2021,2021-05-21,5,4,7,4,Field,4,0,4,210,162,Trevor Sanchez,Andrea Taylor,Matthew Horton,Rainy,Used,23759
528,2022,2022-04-22,4,9,13,9,Bat,4,0,0,219,219,Stephen Cox,Jon Frost,Brooke Barnes,Humid,Used,33328
529,2016,2016-05-25,10,3,17,10,Bat,3,0,0,176,176,Nicholas Huff,Ashley Hickman,Angela Davis,Humid,Used,51447
530,2020,2020-05-31,6,1,12,1,Field,1,0,2,225,203,Heather Morales,John Hernandez,Rachel Turner,Clear,Fresh,31443
531,2017,2017-05-07,10,7,11,10,Bat,7,0,0,154,154,Jacob Silva,Megan Meyers,Jeffrey Mills,Humid,Fresh,19244
532,2020,2020-05-08,8,9,12,8,Bat,9,0,0,128,128,Brandon Lewis,Jade Robinson,Stephanie Hanson,Cloudy,Dusty,25107
533,2017,2017-05-21,10,3,10,10,Bat,3,0,0,177,177,Angela Ball,Ashley Brown,Angela Owens,Cloudy,Fresh,10002
534,2015,2015-05-28,9,1,17,9,Bat,1,0,0,160,160,Andrea Phillips,Judy Perez,William Mcguire,Humid,Used,50219
535,2008,2008-05-16,9,1,20,9,Bat,1,0,0,187,187,Terry Lee,Lisa Morton,Danielle Ortega,Clear,Fresh,21607
536,2019,2019-05-11,8,5,10,5,Field,5,0,4,242,194,Ethan Smith,Anthony Roberts,Lisa Bush,Clear,Dusty,48998
537,2012,2012-04-10,10,3,7,3,Bat,3,90,0,151,61,Ronald Nguyen,Joseph Johnson,Leah Singleton,Cloudy,Fresh,20303
538,2008,2008-05-12,4,3,8,4,Bat,4,67,0,207,140,Jacqueline Rocha,Mr. Kyle Bennett,Jennifer Bradley,Clear,Worn,51428
539,2013,2013-04-16,7,9,17,9,Bat,9,53,0,186,133,Morgan Pierce,Jennifer Jimenez,Zachary Miller,Humid,Used,40503
540,2015,2015-04-09,3,5,13,5,Field,5,0,1,191,186,Kari Buchanan,Stephanie Garcia,Kevin Adams,Clear,Worn,35660
541,2012,2012-05-26,8,10,6,8,Field,8,0,8,200,128,Sean Hayes,Amy Green,Amanda Spencer,Clear,Dusty,57079
542,2020,2020-05-30,8,6,6,8,Field,6,0,0,122,122,Latasha Ward,Brianna Tucker,Crystal Francis,Clear,Fresh,35916
543,2021,2021-05-22,9,7,7,9,Field,7,0,0,123,123,Luke Richardson,Amy Bright,Carl Guzman,Humid,Dusty,22577
544,2013,2013-05-13,4,5,8,4,Field,5,0,0,153,153,Julie Pope,David Santiago,Gregory Sandoval,Clear,Dusty,30105
545,2020,2020-05-21,2,8,18,2,Bat,8,0,0,171,171,Patrick Watson,Colleen Stuart,Sandra Miranda,Rainy,Used,15414
546,2020,2020-05-18,1,5,20,5,Field,5,0,7,187,145,Darrell Williams,Susan Strickland,Joshua Rose,Rainy,Used,20020
547,2017,2017-05-17,10,3,4,3,Field,10,0,0,207,207,Emily Martinez,Jeffrey White,Sandra Garcia,Cloudy,Used,10891
548,2011,2011-04-01,9,7,6,7,Field,7,0,2,159,145,Patrick Woods,Michael Young,Shawn Moore,Rainy,Dusty,48823
549,2018,2018-05-15,9,10,14,9,Field,10,0,0,125,125,Ryan Nelson,Timothy Mckinney,Katrina Mckenzie,Clear,Worn,29615
550,2013,2013-04-25,8,2,11,2,Field,2,0,1,177,171,Eric Ortiz,Jason Davis,Jose Benson,Clear,Fresh,30356
551,2014,2014-04-26,1,7,14,7,Bat,7,58,0,196,138,Erika Cabrera,Shelly Collier,Andrew Wallace,Humid,Used,28420
552,2014,2014-05-29,5,4,10,4,Bat,4,77,0,200,123,Jennifer Harris,Courtney Woods,Ashley Vargas,Clear,Dusty,34675
553,2021,2021-05-13,4,9,5,4,Field,9,0,0,213,213,Connor George,Patrick Wright,Amanda Adkins,Cloudy,Used,12964
554,2011,2011-05-18,7,9,17,9,Bat,7,0,0,142,142,April Byrd,Joshua Walsh,Katie Richmond,Humid,Fresh,35900
555,2009,2009-05-16,8,5,15,5,Bat,8,0,0,174,174,Mackenzie Taylor,Tammy Garner,Joy Walker,Cloudy,Worn,23909
556,2012,2012-05-05,7,3,19,7,Field,7,0,9,309,219,Lisa Jacobs,Jessica Scott,Nathan Bullock,Humid,Dusty,19413
557,2009,2009-05-09,4,6,6,6,Field,4,0,0,212,212,Regina Wood,Andrew Marquez,Jose Wilkinson,Humid,Used,34014
558,2015,2015-05-29,8,9,5,9,Bat,8,0,0,178,178,Randall Robles,Rachel Smith,Aaron Jones,Cloudy,Used,10987
559,2010,2010-05-15,7,2,16,2,Bat,7,0,0,130,130,Lisa White,Justin Mullen,Angela Jenkins,Humid,Worn,38853
560,2023,2023-05-14,3,6,9,6,Bat,6,39,0,135,96,Rebecca Bailey,Jeffrey Craig,Melissa Hill,Humid,Used,14763
561,2023,2023-05-28,6,5,19,6,Field,5,0,0,149,149,Joseph Mata,Jonathan Buchanan,Paul Young,Rainy,Worn,14087
562,2010,2010-05-07,1,2,18,2,Bat,2,58,0,205,147,Jeffrey Wright,Christopher Johnson,Elijah Waters,Clear,Dusty,19429
563,2010,2010-05-25,4,1,9,4,Bat,4,24,0,123,99,Melinda Holt,Dustin Harrison,Brian Bullock,Humid,Used,34944
564,2021,2021-04-26,10,9,3,9,Bat,10,0,0,133,133,Bradley Barrett,Christopher Harris,Daniel Diaz,Rainy,Dusty,27173
565,2017,2017-05-20,9,4,14,9,Field,4,0,0,156,156,Beth Frank,Matthew Schaefer,Carlos Mcdonald,Rainy,Used,17436
566,2020,2020-05-02,9,7,17,7,Field,9,0,0,190,190,Regina Adams,Leah Randall,Joel Miller,Cloudy,Dusty,19039
567,2021,2021-05-19,6,1,16,1,Field,1,0,6,216,162,Lisa Williams,Marilyn Harvey,Thomas French,Rainy,Fresh,38787
568,2010,2010-05-31,9,5,10,9,Field,9,0,3,240,219,Jonathan Sanchez,Zachary Burton,Dr. Michael Lopez,Clear,Used,72533
569,2023,2023-04-07,3,8,1,8,Bat,3,0,0,201,201,Elizabeth Wagner,Mrs. Melissa Whitehead MD,Charles Jenkins,Rainy,Used,32367
570,2018,2018-05-31,7,1,13,7,Bat,7,9,0,209,200,Mark West,Jeffrey Chapman,Denise Parks,Humid,Worn,36102
571,2011,2011-05-22,1,7,14,7,Field,7,0,4,177,153,James Mcdonald,Christina Phillips,Kevin Lloyd,Humid,Used,18398
572,2008,2008-04-10,3,2,17,2,Field,2,0,2,143,129,Jose Brown,Anthony Townsend,Seth Cantu,Clear,Used,20562
573,2023,2023-05-01,1,7,16,1,Bat,7,0,0,160,160,Steven Yates,John Crawford,Edward Myers,Rainy,Dusty,22709
574,2012,2012-05-21,9,3,10,9,Bat,3,0,0,209,209,Samantha Reed,Christopher Turner Jr.,Christine Wolf,Cloudy,Used,23170
575,2021,2021-05-21,9,7,2,7,Bat,7,97,0,196,99,Michael Adams,Charles Clark,Dana Johnston DVM,Clear,Fresh,38395
576,2021,2021-04-30,6,7,16,6,Bat,7,0,0,134,134,Shannon Singh,Diana Knapp,Alex Hale,Clear,Used,42929
577,2011,2011-04-27,3,1,18,1,Bat,1,15,0,178,163,Carmen Underwood,Tina Sharp,Anthony Lynch,Humid,Used,14256
578,2011,2011-05-09,8,9,13,9,Bat,8,0,0,176,176,Jason Davis,Carol Underwood,Melissa Bryant,Rainy,Used,20135
579,2019,2019-04-14,1,9,4,1,Bat,1,64,0,162,98,Sarah Meadows,Frank Jones,Rhonda Ortiz,Humid,Used,53304
580,2013,2013-04-11,1,7,12,1,Bat,1,25,0,208,183,Barbara Durham,Jorge Hill,Tammy Romero,Rainy,Dusty,24684
581,2022,2022-05-13,2,7,11,2,Field,7,0,0,128,128,Cindy Melendez,Amanda Kennedy,Crystal Rodriguez,Rainy,Worn,46173
582,2023,2023-04-15,6,3,20,3,Bat,6,0,0,122,122,Lance Davis,Katie Whitney,Michelle Miles,Clear,Dusty,21321
583,2011,2011-05-13,1,7,12,1,Field,1,0,8,190,142,Amy Perry,Michael Jones,Maureen White,Cloudy,Worn,22821
584,2012,2012-05-16,5,10,13,5,Bat,10,0,0,181,181,Brianna Frazier,Charles Woodard,Katelyn Perez,Clear,Fresh,14241
585,2019,2019-05-13,1,5,15,5,Bat,5,42,0,137,95,Pamela Calhoun,Kathryn Wolf,Hannah Davis,Rainy,Worn,17297
586,2023,2023-04-16,9,7,5,7,Bat,7,87,0,155,68,Joann Berry,Erin Henderson,Morgan Bowman,Humid,Dusty,28504
587,2008,2008-04-13,1,8,16,1,Field,1,0,8,239,143,Tracy Pittman,Jason Williams,Justin Fox,Clear,Worn,27127
588,2012,2012-05-07,3,10,13,10,Bat,10,18,0,195,177,Sonya Mason,Kaitlin Meadows,Belinda Young,Cloudy,Used,35622
589,2021,2021-04-05,7,10,15,7,Field,10,0,0,193,193,Patricia Acosta,Mrs. Isabella Peterson,Emily Griffith,Humid,Worn,22512
590,2018,2018-05-04,2,8,8,8,Field,8,0,6,217,157,Eric Leon,Anthony Wilson,Alicia Rodgers,Cloudy,Worn,15325
591,2010,2010-05-11,8,10,11,8,Bat,8,60,0,219,159,Cody White,Michelle Poole,Robin Velez,Cloudy,Used,22409
592,2014,2014-05-04,4,2,6,4,Bat,2,0,0,139,139,Dr. Michelle Carter,Jillian Miles,Susan Peters,Cloudy,Used,44582
593,2012,2012-05-09,10,7,14,7,Field,10,0,0,180,180,Sarah Bell,Michael Berry,Grant Coleman PhD,Cloudy,Fresh,55542
594,2017,2017-05-12,1,4,8,1,Field,1,0,1,165,157,Heather Clark,John Ryan,Sarah Cruz,Rainy,Worn,29597
595,2021,2021-05-01,4,7,13,4,Field,4,0,7,253,197,Sean Vasquez,Gary Johnson,Ralph Harris,Rainy,Fresh,31385
596,2022,2022-04-25,1,6,18,1,Bat,1,76,0,140,64,Beth Fisher,Andrew Shannon,Jenna Patel,Cloudy,Dusty,20901
597,2020,2020-04-01,2,6,9,6,Bat,2,0,0,127,127,Courtney Schmidt,Jordan Houston,Lance Silva,Humid,Worn,24677
598,2015,2015-05-08,9,2,3,9,Field,2,0,0,215,215,Michael Williams,Rickey Thomas,Scott Blevins,Humid,Fresh,16721
599,2010,2010-05-10,6,2,16,2,Field,6,0,0,214,214,Andrew Simpson,Brittney Richmond,Samantha Armstrong,Humid,Worn,19750
600,2010,2010-05-26,1,7,20,7,Bat,1,0,0,149,149,Kristin Patterson,Laura Smith,Heidi Mccann,Cloudy,Fresh,20035
601,2021,2021-04-11,6,1,18,6,Bat,6,93,0,170,77,Tyrone Sutton,Brenda Acosta,Cameron Larsen,Clear,Used,15199
602,2018,2018-05-16,7,2,20,7,Field,2,0,0,138,138,Robert Larsen,Elizabeth Shaw,Tammy Wilson,Humid,Fresh,20052
603,2009,2009-04-11,6,1,3,1,Field,6,0,0,137,137,Phyllis Nelson,Jennifer Mooney,Taylor Mckay,Cloudy,Dusty,11256
604,2016,2016-05-18,7,1,12,7,Field,1,0,0,135,135,Danny Montgomery,Zachary King,Curtis Holland,Cloudy,Worn,23247
605,2021,2021-05-13,3,7,5,7,Field,7,0,7,203,140,Austin Holmes,James Hall,Hunter Phillips,Clear,Dusty,19726
606,2017,2017-05-06,8,1,12,1,Field,8,0,0,191,191,Katrina Harvey,Crystal Pittman,John Macdonald,Clear,Worn,36162
607,2014,2014-04-19,8,3,17,3,Field,3,0,5,167,132,Jamie Stevenson,Jodi Scott,Jonathan Chandler,Clear,Fresh,55680
608,2008,2008-04-02,2,7,11,7,Bat,2,0,0,184,184,Zachary Ortiz,Kayla Morris,Francisco Kim,Clear,Fresh,25240
609,2014,2014-04-18,2,4,5,4,Bat,2,0,0,185,185,Lauren Cortez,Amy Taylor,Donald Johnson,Rainy,Worn,25429
610,2013,2013-04-09,1,3,4,1,Field,1,0,9,300,210,Jordan Martin,Brandi Pham,Michael Evans,Cloudy,Fresh,49035
611,2020,2020-05-19,10,8,8,8,Bat,10,0,0,146,146,Dennis Mathis,Michael Espinoza,Victoria Morrison,Clear,Used,67925
612,2012,2012-05-04,7,2,14,2,Field,7,0,0,162,162,Caleb Parker,Chelsey Ramirez DVM,Cassandra Johnston,Rainy,Worn,10443
613,2011,2011-04-22,3,10,1,3,Bat,3,9,0,136,127,Brenda Bennett,Donald Lang,David Kane,Clear,Used,35550
614,2023,2023-05-24,7,1,13,7,Field,1,0,0,173,173,Linda Walker,Rachel Phillips,Victoria Shepherd,Rainy,Fresh,40448
615,2010,2010-04-02,7,6,11,6,Field,7,0,0,143,143,Michael Ramirez,Nathan Wells,Jared Walters,Rainy,Dusty,47594
616,2022,2022-04-28,10,3,17,10,Bat,3,0,0,215,215,David Thomas,Chelsea Day,James Obrien,Clear,Dusty,30835
617,2015,2015-05-15,2,8,20,8,Bat,8,48,0,143,95,Matthew Kidd,Fred Oconnell,Michael Davies DDS,Cloudy,Dusty,23518
618,2008,2008-04-22,2,10,16,10,Field,10,0,5,223,193,Natasha Lee,George White,Jessica Lucas,Rainy,Fresh,30470
619,2011,2011-05-06,2,9,19,9,Bat,2,0,0,201,201,Aaron Gross,Brandon Anderson,Nicholas Allen,Clear,Worn,16905
620,2008,2008-05-20,6,8,9,6,Field,8,0,0,120,120,Jessica Young,Joan Rogers,Kelly Parsons,Cloudy,Worn,14599
621,2018,2018-04-22,1,9,11,1,Bat,1,20,0,171,151,James Wells,Virginia Cortez,Christopher Riley,Humid,Used,15993
622,2008,2008-05-16,8,10,11,8,Bat,10,0,0,124,124,Alexis Smith,Casey Ingram,Amanda Terry,Humid,Dusty,27354
623,2015,2015-05-26,1,9,17,9,Bat,9,63,0,170,107,Jessica Hall,Dana Zimmerman,Marvin Sosa,Rainy,Fresh,48191
624,2015,2015-04-19,1,4,2,4,Bat,1,0,0,190,190,Ana Mcdonald,Joseph Watkins,Scott Stafford,Rainy,Fresh,39400
625,2016,2016-05-19,9,1,11,9,Field,9,0,3,193,169,Tanner Grimes,Melissa Hamilton,Henry Hernandez,Cloudy,Worn,15101
626,2017,2017-04-06,10,5,16,10,Bat,5,0,0,157,157,Kristina Morris,Kevin Cox,Sydney Smith,Clear,Fresh,22934
627,2015,2015-04-06,8,1,8,1,Field,1,0,2,139,123,Craig Gomez,Shelia Watson,Michelle Thompson,Humid,Worn,62404
628,2013,2013-05-27,10,1,11,10,Field,10,0,7,215,166,Sarah Long,Joshua Murray,Jennifer Singh,Rainy,Dusty,32027
629,2020,2020-04-10,7,8,2,7,Field,8,0,0,145,145,Sharon Robinson,Michael Smith,Taylor Simpson,Cloudy,Dusty,24028
630,2018,2018-05-14,4,9,13,4,Bat,4,4,0,194,190,Chase Aguilar,Stanley Rodriguez,Paul Ellis,Humid,Worn,64607
631,2010,2010-04-24,8,6,18,6,Bat,6,90,0,210,120,Stacy Cole,Heidi Gonzalez,Brandon Gilmore,Clear,Used,12068
632,2019,2019-05-05,4,1,10,1,Bat,1,9,0,217,208,Jamie Bush,Heather Ortega,Andrea Perez,Rainy,Worn,53616
633,2019,2019-04-27,6,5,12,5,Bat,6,0,0,155,155,Kimberly Williams,Brandon Dixon,Mrs. Christina Mccoy MD,Cloudy,Dusty,35450
634,2021,2021-05-10,1,6,4,1,Bat,6,0,0,131,131,Peggy Horn,Jeffrey Bowers,Walter Rodriguez,Humid,Fresh,48308
635,2017,2017-05-09,4,5,11,4,Bat,5,0,0,124,124,Nathan Blackwell,Alexis Boyd,Christopher Carlson,Clear,Worn,29501
636,2011,2011-05-22,3,7,9,7,Bat,7,17,0,169,152,Timothy Russell,Susan Diaz,Jordan Bright,Clear,Worn,26808
637,2010,2010-05-22,10,7,8,10,Field,7,0,0,142,142,Ryan Drake,Kristi Yang,Stephanie Burton,Rainy,Worn,68902
638,2020,2020-04-24,3,7,20,7,Bat,7,37,0,211,174,Terry Alvarado,Allison Thomas,Russell Gibson,Cloudy,Worn,14977
639,2013,2013-05-07,6,2,19,2,Field,2,0,2,196,172,Victor Dillon,Monique Peters,Joan Lewis,Rainy,Worn,12198
640,2021,2021-04-15,7,9,3,9,Field,7,0,0,158,158,John Morris,Steven Johnson,Nicole Curtis,Humid,Used,10801
641,2009,2009-05-23,2,9,7,9,Bat,9,20,0,129,109,Robert Robinson,Stephen Peters,Jose Johns,Cloudy,Worn,20955
642,2011,2011-05-13,10,7,11,10,Field,7,0,0,121,121,Amanda Evans,Sarah Young,Jason Espinoza,Cloudy,Used,12808
643,2021,2021-04-12,3,10,7,10,Bat,10,79,0,134,55,Samuel Thomas,David Johnson,Shannon Norris,Clear,Worn,10192
644,2023,2023-04-26,4,10,19,10,Bat,4,0,0,122,122,Meagan Sherman,Matthew Castro,Sara Anderson,Rainy,Worn,21608
645,2009,2009-04-22,4,9,16,9,Bat,9,69,0,205,136,Roy Spears,Melissa Woodward,Jaclyn Kerr,Cloudy,Dusty,30461
646,2019,2019-05-07,2,4,13,4,Field,4,0,1,134,124,Ashley French,Michael Stone,Steve Fitzgerald,Humid,Worn,34474
647,2016,2016-04-06,2,9,11,2,Field,2,0,3,186,150,Brenda Martinez,Edgar Snyder,Kristen Mcfarland,Rainy,Dusty,47565
648,2015,2015-04-18,1,9,11,1,Bat,1,15,0,216,201,Dennis Reyes,Samantha Townsend,Gwendolyn Gill,Humid,Fresh,37166
649,2015,2015-04-03,5,9,14,5,Bat,5,91,0,192,101,Bruce Jones,Annette Burnett,Timothy Mosley,Clear,Used,17651
650,2016,2016-05-27,5,9,20,9,Field,5,0,0,158,158,Frank Mcknight,Francisco Hamilton,Misty Bowman,Clear,Worn,17933
651,2012,2012-04-07,8,5,7,8,Bat,8,11,0,124,113,Nicolas Kidd,Jerry Valdez,Daniel Smith,Cloudy,Dusty,17940
652,2022,2022-04-10,2,8,12,8,Bat,8,23,0,147,124,Nicole Chavez,Taylor Salazar,Ashley Stephens,Rainy,Used,24626
653,2009,2009-04-13,1,6,6,1,Bat,1,99,0,216,117,Beth Moore,Sheila Reese,Brian Marshall,Cloudy,Worn,71973
654,2009,2009-04-29,7,6,13,6,Bat,6,34,0,181,147,Nicole York,Faith Adams,Kathleen Ellis PhD,Cloudy,Dusty,59737
655,2023,2023-04-05,8,3,10,3,Bat,8,0,0,180,180,Kathryn Mckay,Karen Carlson,Jerry Shah,Humid,Used,74855
656,2009,2009-04-06,1,5,19,1,Field,1,0,5,233,188,Taylor Richardson,Victor Edwards,Michael Houston,Cloudy,Used,10105
657,2021,2021-04-10,10,4,3,10,Bat,4,0,0,147,147,Ryan Valenzuela,Teresa Everett,Noah Beard,Clear,Dusty,32152
658,2023,2023-04-07,4,9,15,4,Bat,9,0,0,182,182,Erik Johnson MD,Mark Bowen,David Parks,Cloudy,Dusty,21372
659,2012,2012-04-04,3,5,20,5,Field,5,0,6,165,135,Eric Evans,Amanda Simpson,Malik Lawrence,Rainy,Worn,16109
660,2019,2019-05-24,10,5,4,10,Field,5,0,0,182,182,Nicholas Cain,David Gentry,Angelica Olson,Cloudy,Worn,13396
661,2009,2009-05-27,3,5,17,3,Bat,3,19,0,153,134,John Mccoy,Ronald Washington,Anthony Walsh,Rainy,Fresh,45169
662,2009,2009-05-27,8,10,7,8,Bat,8,78,0,133,55,Bruce Lee,Christopher Rodriguez,Grace Doyle,Humid,Used,22701
663,2019,2019-04-04,3,9,9,3,Field,9,0,0,190,190,Samuel Salinas MD,Robert Cook,Cristian Gutierrez,Rainy,Dusty,14582
664,2022,2022-05-27,9,7,2,7,Field,7,0,3,224,188,Austin Callahan,Marissa Davis,Suzanne Wood,Clear,Dusty,43151
665,2023,2023-04-09,9,3,5,9,Bat,3,0,0,180,180,Steve Williams,Kimberly Mcdowell,Amy Glover,Cloudy,Used,19664
666,2009,2009-04-14,8,1,1,8,Bat,8,35,0,157,122,Ronald Cook,Sandra Franklin,Shannon Wright,Rainy,Worn,11957
667,2008,2008-05-13,5,9,16,9,Bat,5,0,0,201,201,James Meza,Kristy Mclean,Robert Boyd,Rainy,Fresh,14204
668,2021,2021-04-25,9,4,6,9,Bat,9,22,0,126,104,Tamara Thomas,Travis Patel,Adam Fernandez,Rainy,Worn,26975
669,2008,2008-04-01,1,5,12,1,Field,1,0,4,169,121,Kathy Willis,Casey Ford,Alexander Hogan,Humid,Used,18634
670,2021,2021-04-11,3,6,3,6,Field,3,0,0,144,144,Jason Roberts,Sheila Nichols,Michael Mooney,Rainy,Used,30838
671,2011,2011-05-09,7,6,12,7,Bat,6,0,0,179,179,Jason Williams,Andrea Kennedy,Cynthia Warren,Humid,Dusty,11985
672,2023,2023-04-02,7,8,3,7,Bat,7,15,0,132,117,Rebecca Smith,Brian Robinson,Micheal Edwards,Clear,Fresh,34030
673,2009,2009-04-04,7,6,15,7,Field,7,0,2,197,183,Michael Ray,David Collins,Brent Gordon,Clear,Used,35748
674,2016,2016-05-27,4,6,13,4,Field,6,0,0,135,135,Marisa Mckenzie,Eric Davis,Tammy Martinez,Cloudy,Worn,54859
675,2019,2019-04-20,4,9,2,9,Field,9,0,7,218,176,Brett Gordon,Samuel Hill,Brittany Martinez,Cloudy,Fresh,30531
676,2010,2010-04-03,1,5,11,5,Bat,5,90,0,126,36,Keith Diaz,Brandon Ross,Matthew Castro,Rainy,Used,36894
677,2010,2010-05-25,7,1,19,7,Bat,7,57,0,163,106,Timothy Hill,Christopher Sparks,Matthew Haas,Cloudy,Worn,11879
678,2010,2010-05-04,5,3,14,5,Bat,5,30,0,149,119,Deborah Thomas,Dawn Kirby,Sara Dixon,Clear,Worn,30631
679,2013,2013-05-28,6,3,17,3,Bat,6,0,0,186,186,Ann Cox,Nicole Jones,Thomas Moore,Clear,Used,48702
680,2022,2022-04-04,2,5,9,5,Field,5,0,2,152,134,Ernest Garcia,Jasmin Hansen,Eric Juarez,Humid,Fresh,17491
681,2017,2017-05-24,4,5,13,5,Bat,4,0,0,201,201,Teresa Simon,Daniel Sutton,Kristina Parrish,Humid,Worn,60534
682,2018,2018-05-26,4,6,1,6,Field,6,0,3,175,160,Ryan Thompson,Joseph Williams,Maria Johnson,Humid,Used,48626
683,2015,2015-04-13,3,4,11,3,Field,3,0,5,169,139,Cody Williams,Jesse Combs,Mitchell Hicks,Cloudy,Used,17015
684,2020,2020-04-24,10,8,10,8,Bat,8,65,0,186,121,Brian Baker Jr.,Kevin Kim,Eileen Whitney,Clear,Worn,10621
685,2009,2009-04-07,7,10,2,10,Field,7,0,0,138,138,Samantha Simpson,Jeffrey Brown,Carrie Lee,Clear,Used,18991
686,2012,2012-04-27,7,8,17,8,Field,7,0,0,218,218,Jacob Rodriguez,Joseph Clements,Jennifer Shepard,Clear,Used,15542
687,2016,2016-04-13,5,1,3,1,Bat,1,41,0,179,138,Amber Romero,Amanda Williams,Jessica Stewart,Clear,Fresh,10845
688,2020,2020-04-30,1,9,13,1,Field,9,0,0,130,130,Lynn Russell,Melinda Wilson,Dylan Mayo,Clear,Used,47590
689,2011,2011-05-08,8,9,5,8,Field,8,0,9,255,183,Elizabeth Carlson,Antonio Lutz,Sherry Barnes,Humid,Dusty,11020
690,2011,2011-05-21,4,5,18,4,Bat,4,41,0,214,173,Debra Howard,Daniel Collins,Justin Simpson,Humid,Used,13380
691,2008,2008-04-16,10,7,6,7,Field,10,0,0,164,164,John Romero,Jeremiah Stanton,Douglas Hammond,Rainy,Used,69446
692,2008,2008-05-09,3,8,10,3,Bat,8,0,0,149,149,Denise Young,Casey Kennedy,Mr. Nathan Hill,Cloudy,Fresh,70241
693,2016,2016-05-07,5,8,19,5,Bat,5,37,0,161,124,Natasha Harvey,Curtis Morris,Christopher Vazquez,Rainy,Dusty,20890
694,2010,2010-05-06,6,2,2,6,Field,6,0,8,256,168,Jennifer Graham,Dr. Mary Vasquez,Rhonda Martinez,Cloudy,Used,25023
695,2008,2008-05-30,3,8,12,3,Field,3,0,7,227,157,Joseph Thompson,Shaun Moreno,Alexander Liu,Rainy,Fresh,10871
696,2012,2012-04-29,5,10,14,10,Field,10,0,5,172,147,William Marshall,Chad Morse,Jared Davis,Cloudy,Fresh,16085
697,2013,2013-04-01,6,1,18,6,Field,6,0,6,220,148,Joshua Nguyen,Chelsey Fisher,Dawn Johns,Humid,Fresh,19018
698,2022,2022-04-02,9,7,16,7,Field,7,0,1,177,165,Carla Francis,Justin Lee,Thomas Walker,Cloudy,Worn,39987
699,2023,2023-05-08,9,7,3,9,Bat,9,35,0,191,156,Kristen Williams,Megan Hunter,Daniel Morrison,Cloudy,Used,35739
700,2022,2022-05-02,4,5,3,5,Bat,5,41,0,193,152,Cassandra Thomas,Gloria Miller,Amy Cole,Rainy,Used,19388
701,2022,2022-04-06,8,6,4,8,Bat,6,0,0,145,145,Kimberly Mccullough,Ronnie Rios,Joshua Brooks,Clear,Fresh,45031
702,2015,2015-05-06,10,4,6,10,Field,4,0,0,215,215,Donna Robinson,Anna Miller,Donald Thomas,Rainy,Dusty,53024
703,2011,2011-05-16,4,1,7,1,Bat,4,0,0,168,168,Brittany Lindsey,Julia Howard,Savannah Garcia,Clear,Fresh,18653
704,2017,2017-04-08,2,9,15,9,Field,9,0,5,236,206,Candice Blankenship,Jamie Ford,Jonathan Walker,Humid,Fresh,11971
705,2019,2019-05-12,5,2,19,5,Bat,5,63,0,198,135,Justin Miller,Jonathan Martinez,Kaitlyn Howe,Rainy,Dusty,16319
706,2017,2017-05-10,3,7,19,3,Bat,3,79,0,158,79,Daniel Gonzalez,William Franco,Nicole Taylor,Humid,Dusty,22035
707,2018,2018-05-20,10,1,20,10,Field,10,0,1,172,160,Jared Bond,Daniel Murray,Kristen Farley,Clear,Dusty,13000
708,2018,2018-04-12,9,8,6,9,Field,8,0,0,191,191,Amanda Ward,Adrian Kline,Brian Cook,Rainy,Dusty,36523
709,2018,2018-05-12,2,6,19,2,Field,2,0,1,219,213,Sydney Hood,Jeffrey Sosa,Mark Mayer,Cloudy,Used,15861
710,2017,2017-05-23,8,7,20,7,Field,7,0,5,171,146,Craig Avery,Robert Lee,Gregory Martin,Cloudy,Fresh,11060
711,2012,2012-04-03,4,9,8,9,Field,9,0,8,276,204,Karen Richards,Dean Martinez,Kenneth Hicks,Clear,Worn,18026
712,2020,2020-05-03,8,3,8,8,Bat,3,0,0,160,160,John Berger,Larry Clements,Joshua Schmidt,Humid,Used,23444
713,2009,2009-05-23,7,4,1,7,Field,4,0,0,155,155,Laura Parks,Melissa Campbell,Jeremy Arias,Humid,Used,50526
714,2019,2019-05-04,5,3,3,5,Field,3,0,0,143,143,Stacy West,Heather Bradford,Jessica Perry,Clear,Fresh,22925
715,2021,2021-04-11,7,8,6,7,Bat,8,0,0,217,217,Danielle House,Erin Stein,Amber Wagner,Clear,Worn,17184
716,2020,2020-05-04,10,8,9,8,Field,8,0,5,185,125,Dana Thompson,Timothy Dominguez,Betty Soto,Rainy,Fresh,36580
717,2020,2020-04-23,2,9,18,9,Bat,9,68,0,177,109,Tony Carey,Madeline Stevens,Heather Moreno,Rainy,Used,19219
718,2013,2013-05-13,8,2,3,8,Field,8,0,4,194,150,Latoya Carroll,Gloria Robinson,Michael Lane,Humid,Worn,27291
719,2018,2018-04-10,1,9,4,9,Bat,9,60,0,124,64,Misty Thornton,Brandi Arias,Samantha Young,Rainy,Dusty,18206
720,2014,2014-05-14,9,5,11,5,Field,5,0,6,185,149,Faith Robertson,Scott Mcdaniel,Melissa Miller,Clear,Dusty,20309
721,2022,2022-04-11,3,10,17,10,Bat,3,0,0,174,174,Zachary Welch,Russell Williams,Heidi Barker,Humid,Used,59551
722,2012,2012-05-30,10,3,17,10,Bat,10,99,0,187,88,Kathleen Wood,Randy Mcdonald,Erika Key,Cloudy,Dusty,37183
723,2009,2009-04-04,1,8,18,1,Bat,8,0,0,144,144,Thomas Schultz,Christine Clarke,William Perez,Rainy,Used,12106
724,2011,2011-05-03,4,8,10,4,Bat,4,49,0,134,85,Robert Martin,Lisa Cortez,Hannah Morrison,Cloudy,Dusty,31188
725,2011,2011-04-12,2,7,20,2,Bat,2,84,0,182,98,Alexandra Copeland,Kimberly Fletcher,Karen Gonzales,Rainy,Worn,24671
726,2019,2019-05-20,8,3,10,8,Bat,3,0,0,167,167,Grant Burns,Andrea Howe,Anthony Henderson,Rainy,Used,44519
727,2011,2011-04-21,9,1,18,9,Field,1,0,0,160,160,Joseph Rojas,Yesenia Cervantes,Zachary Garcia,Cloudy,Fresh,19997
728,2008,2008-04-12,7,4,15,4,Field,7,0,0,152,152,Vanessa Reynolds,Carolyn Davis,Julie Thomas,Humid,Fresh,18166
729,2013,2013-04-11,7,5,4,5,Field,5,0,4,211,191,Jason Franco,Jonathan Ward,James Martinez,Cloudy,Worn,12085
730,2008,2008-05-16,1,7,20,1,Bat,7,0,0,198,198,Christopher Porter,Travis Johnson,Juan Russell,Rainy,Worn,10589
731,2017,2017-04-18,10,4,19,10,Field,10,0,7,197,127,Richard Wilson,Rita Reed,Denise Johnston,Rainy,Used,14259
732,2013,2013-04-07,9,8,1,8,Bat,9,0,0,205,205,Joy Elliott,Maria Coleman,George Salinas,Cloudy,Worn,41598
733,2021,2021-04-30,4,7,6,4,Field,4,0,3,203,167,Renee Baker,Michelle Silva,Mariah Turner,Clear,Used,31333
734,2019,2019-04-16,6,3,15,3,Bat,6,0,0,198,198,James Santana,Matthew Nelson,Aaron Williams,Cloudy,Fresh,37804
735,2018,2018-04-22,2,4,20,2,Field,2,0,5,157,132,Becky Chambers,Rachel Morgan,Trevor Stewart,Cloudy,Fresh,11661
736,2018,2018-04-12,1,9,16,1,Bat,1,8,0,186,178,Barry Hood,Jill Oconnor,Danny Guerrero,Clear,Used,30096
737,2012,2012-05-17,5,9,12,5,Field,9,0,0,140,140,Susan Hendricks MD,Austin Adkins,Christine Arias,Clear,Fresh,16412
738,2021,2021-04-03,7,1,7,7,Bat,1,0,0,167,167,Mrs. Patricia Smith,Charles Eaton,Jacob Anderson,Humid,Worn,10961
739,2019,2019-04-13,5,7,9,5,Bat,5,32,0,121,89,Jesse Reid,Kevin West,Anna Brown DVM,Clear,Used,30903
740,2017,2017-04-21,3,1,6,3,Bat,1,0,0,182,182,Christine Brewer,David Greene,William Wells,Cloudy,Worn,42886
741,2015,2015-04-03,8,3,19,3,Bat,3,89,0,143,54,Samantha Reed,Scott Alvarado,Dana Johnson,Cloudy,Dusty,18398
742,2020,2020-05-09,10,2,18,10,Bat,10,70,0,123,53,Michael Simpson,Tina Blanchard,Yvonne Campbell,Humid,Used,20946
743,2008,2008-05-14,5,1,19,1,Field,5,0,0,192,192,Timothy Johnson,William Montes,Michael Rivera,Humid,Fresh,17456
744,2010,2010-05-10,4,7,8,4,Field,7,0,0,134,134,Holly Russell,Makayla Rodriguez,Anna Blanchard,Cloudy,Used,19016
745,2013,2013-04-07,4,7,7,7,Field,7,0,7,162,127,Michael Clark,Crystal Johnson,Nicholas Krueger,Humid,Worn,19273
746,2018,2018-05-08,5,2,9,5,Field,5,0,6,197,143,Megan Carter,Joseph Ewing,Joseph Williams,Humid,Worn,25483
747,2020,2020-04-12,3,4,17,4,Bat,4,20,0,168,148,Colin Wilson,Andrew Lewis,Brittney Mason,Clear,Fresh,50410
748,2023,2023-05-26,6,4,7,4,Field,4,0,1,173,163,Tamara Johns,Ashley Jefferson,Penny Gonzalez,Cloudy,Dusty,18792
749,2023,2023-05-14,9,8,2,8,Bat,8,61,0,191,130,William Richardson,Yolanda Brown,David Davis,Clear,Worn,39965
750,2012,2012-05-23,5,3,16,3,Bat,5,0,0,134,134,Kevin Miller,Taylor Lloyd,Jennifer Haas,Humid,Worn,27924
751,2012,2012-04-19,7,8,18,7,Field,7,0,8,239,191,Susan Smith,Teresa Anthony,Jennifer Banks,Clear,Worn,18132
752,2014,2014-05-13,7,1,13,7,Field,7,0,8,231,167,Kimberly Trujillo,Jessica Carter,Mrs. Amy Jensen DDS,Rainy,Used,55373
753,2021,2021-05-28,6,9,18,6,Bat,6,7,0,152,145,Paul Gentry,Lisa King,Donald Ross,Rainy,Used,22562
754,2010,2010-04-03,7,8,1,8,Bat,7,0,0,135,135,Benjamin Buckley,Bailey Smith,Monica Simpson,Rainy,Dusty,50662
755,2014,2014-05-23,6,8,2,6,Field,8,0,0,185,185,Michael Thompson,Michelle Jordan,Ronald Henderson,Cloudy,Dusty,22255
756,2010,2010-05-04,10,1,18,1,Bat,10,0,0,144,144,Joe Scott,Nichole Kelly,Darren Mcguire,Rainy,Worn,16413
757,2013,2013-04-20,3,7,2,7,Field,7,0,4,167,127,Donna Martinez MD,Patricia Gibson,Amanda Thompson,Cloudy,Used,25034
758,2014,2014-04-15,8,7,13,7,Bat,8,0,0,130,130,Bryan Morris,Rhonda Garcia,Michael Wiggins,Rainy,Fresh,54779
759,2013,2013-04-13,7,8,17,8,Bat,8,53,0,175,122,Lauren White,Brett Henderson,Bobby White,Rainy,Dusty,31365
760,2010,2010-05-21,5,6,10,5,Field,6,0,0,135,135,Timothy Johnson,Debbie Young,Crystal Pearson,Humid,Fresh,12968
761,2019,2019-04-04,8,9,11,8,Bat,9,0,0,127,127,Casey Howard,Cory Bradford,Jacob Lloyd,Humid,Fresh,37263
762,2011,2011-04-27,5,10,9,5,Bat,10,0,0,160,160,Suzanne Ruiz,Brooke Wilson,Paula Thompson,Clear,Used,18696
763,2012,2012-05-31,9,6,10,9,Bat,9,35,0,193,158,Hayden Dixon,Jean Wiggins,Jason Rich,Clear,Used,63558
764,2009,2009-05-27,1,10,11,1,Field,1,0,9,241,160,Haley Jordan,Veronica Brooks,Steven Greer,Cloudy,Used,16660
765,2021,2021-05-28,8,7,13,7,Bat,7,1,0,137,136,Anthony Choi,Brittany Walker,Alexandria Patterson,Cloudy,Dusty,24494
766,2010,2010-05-11,9,3,16,9,Bat,9,15,0,202,187,Cody Hensley,Seth Ruiz,Veronica Kelley,Cloudy,Used,13799
767,2009,2009-05-08,6,5,13,5,Bat,5,9,0,198,189,Corey Kline,Angela Jones,Margaret Russell,Humid,Worn,23061
768,2016,2016-05-14,8,3,11,8,Bat,8,78,0,128,50,Kimberly Davidson,Tina Mack,Thomas Hoover,Rainy,Fresh,37932
769,2023,2023-05-27,7,4,17,4,Field,4,0,6,211,151,Julie Crawford,Donna Jennings,Marcus Fuller,Rainy,Fresh,26687
770,2020,2020-05-03,5,2,10,2,Bat,2,38,0,152,114,Whitney Hernandez,Dr. Lisa Sandoval DDS,John Pierce,Cloudy,Fresh,59313
771,2022,2022-04-01,2,8,14,2,Field,8,0,0,188,188,Steven Reed MD,Sarah Adams,Robert Schmidt,Humid,Worn,32003
772,2020,2020-04-07,6,9,1,6,Field,6,0,6,256,214,Dr. Jo King MD,Richard Bell,Frank Mclaughlin,Rainy,Used,18557
773,2015,2015-04-24,6,10,17,6,Field,6,0,4,175,151,Laura Mcbride,David Clark,Amanda Cooper,Cloudy,Used,54423
774,2013,2013-05-23,4,9,16,4,Bat,9,0,0,153,153,Mary Daniel,Nancy Mccarthy,Robert Robinson,Clear,Worn,32905
775,2020,2020-04-14,5,7,14,7,Bat,5,0,0,136,136,Christopher Woods,Thomas Obrien DDS,Michelle May,Rainy,Dusty,38340
776,2021,2021-04-19,9,3,19,9,Bat,9,92,0,148,56,Sue Strickland,Frederick Morgan,Justin Brown,Clear,Fresh,14428
777,2021,2021-04-21,7,10,5,10,Bat,10,34,0,209,175,David Rodriguez MD,Christopher Caldwell,Kristopher Rhodes,Cloudy,Fresh,16220
778,2016,2016-04-29,2,6,16,6,Field,2,0,0,172,172,Anthony Gaines,Sabrina Rhodes,Kathleen Edwards,Clear,Fresh,11047
779,2015,2015-05-26,3,9,5,3,Field,9,0,0,146,146,Brent Lawrence,Kevin Wilson,Vincent Hughes,Cloudy,Fresh,12966
780,2015,2015-04-15,4,9,3,4,Bat,9,0,0,220,220,Seth Davis,Jessica Parrish,Marisa Ortiz,Humid,Worn,12554
781,2013,2013-04-19,7,10,14,7,Field,7,0,6,151,121,Heather Graham DVM,Robert Bowman,Mary Sanchez,Rainy,Worn,13123
782,2021,2021-05-16,1,5,19,1,Field,5,0,0,197,197,Keith Phillips,Brenda Rhodes,Clifford Anderson,Humid,Dusty,11332
783,2009,2009-04-18,3,5,16,5,Field,3,0,0,148,148,Lisa Knight,John Guzman,Jon Shepard,Cloudy,Fresh,23865
784,2015,2015-05-06,9,8,3,9,Field,8,0,0,203,203,Matthew Wilson,Joshua House,Patricia Mcmillan,Humid,Fresh,13790
785,2016,2016-05-04,10,8,19,8,Bat,10,0,0,198,198,Calvin Rush,Tabitha Reyes,Jessica Reed,Humid,Used,17116
786,2010,2010-05-31,7,4,5,4,Field,4,0,2,198,176,David Martin,Lauren Poole,Cynthia Lawson,Cloudy,Dusty,10577
787,2013,2013-05-08,6,10,11,6,Field,6,0,8,280,192,Denise Torres,Faith Hughes,Ana Hamilton,Humid,Fresh,24088
788,2009,2009-05-05,9,5,5,5,Field,5,0,2,202,192,Tracey Cox,Jason Melton,Shirley Mcdonald,Clear,Worn,19115
789,2009,2009-04-21,5,3,4,5,Bat,3,0,0,179,179,Megan Joseph,Nicole Knight,Renee Acosta,Humid,Dusty,46228
790,2018,2018-05-24,2,6,1,2,Field,6,0,0,186,186,Taylor Foster,Shannon Burns,Scott Perez,Clear,Dusty,27944
791,2018,2018-04-02,2,9,20,9,Bat,2,0,0,196,196,Anthony Phillips,Kelly Peters,Jennifer Blackwell,Cloudy,Used,15741
792,2011,2011-05-29,10,6,4,6,Field,6,0,1,222,212,Jonathan Clark,John Smith,Kimberly Reyes,Humid,Dusty,43142
793,2020,2020-04-30,4,3,8,4,Field,3,0,0,189,189,Elaine Wright,Matthew Allison,Linda Harris,Rainy,Fresh,63708
794,2018,2018-05-21,8,3,12,8,Bat,8,47,0,191,144,Dr. Susan Jacobs,Victoria Martin,Sara Price,Rainy,Worn,39501
795,2019,2019-04-05,9,2,5,2,Field,9,0,0,133,133,Lynn Turner,Christine Blankenship,David Vega,Cloudy,Used,28403
796,2016,2016-05-07,8,10,4,8,Bat,8,90,0,208,118,Elizabeth Wilkins,Manuel Aguilar,Michael Jensen,Clear,Used,63025
797,2012,2012-05-05,7,3,18,3,Field,3,0,3,167,131,Tina Wilkinson,Linda Young,Sara Coffey,Humid,Worn,15547
798,2014,2014-05-31,2,8,15,2,Field,2,0,7,266,210,Leslie Martinez,David Martin,Sarah Green,Rainy,Dusty,19889
799,2013,2013-05-27,9,1,5,1,Bat,1,33,0,199,166,Diana Warren,Sabrina Williamson,Veronica Carson,Clear,Worn,13945
800,2008,2008-05-17,1,3,11,1,Bat,3,0,0,185,185,Ann Harris,Judy Serrano MD,Jared Herring,Humid,Dusty,31961
1,2016,2016-04-26,9,7,17,7,Field,9,0,0,179,179,Cheryl Torres,Gina Yoder,Brian Robinson,Rainy,Used,51256
2,2012,2012-04-12,1,5,20,5,Field,5,0,6,212,140,Brooke Sullivan,Wesley Collins,Karina Prince,Rainy,Used,25009
3,2021,2021-04-09,8,7,19,8,Bat,8,60,0,194,134,Kevin Garner,Tamara Boyd,Wendy Williams,Clear,Fresh,21084
4,2009,2009-05-20,8,3,5,3,Field,8,0,0,185,185,Alex Gonzalez,Sergio Vargas,Marilyn Quinn,Humid,Used,22724
5,2016,2016-04-09,1,6,2,6,Field,1,0,0,132,132,Jason Barr,Andrew Harris,Riley Collins,Humid,Worn,16572
6,2014,2014-05-04,3,5,4,5,Field,5,0,3,205,184,Danielle Owens,Mr. Jack Gray,James Ford,Rainy,Fresh,58036
7,2019,2019-05-11,2,5,16,2,Bat,5,0,0,136,136,Michelle Salazar,Deanna Wolfe,Karina Phillips,Rainy,Dusty,42654
8,2020,2020-05-17,2,4,6,4,Field,2,0,0,134,134,Jose Rose,Matthew Mcclure,Mrs. Chelsea Vega,Humid,Fresh,30248
9,2022,2022-04-21,6,9,16,9,Field,6,0,0,165,165,Rachel Wilson,Ryan Stevenson,Anna Fisher,Rainy,Worn,24117
10,2021,2021-04-17,9,6,12,6,Field,9,0,0,203,203,Cheryl Rangel,Miranda Harrison,Lucas Jenkins,Cloudy,Used,15098
11,2010,2010-05-27,2,4,15,2,Bat,4,0,0,152,152,Jill Watson,Keith Mora,Shannon Norris,Cloudy,Used,32425
12,2022,2022-05-24,4,5,3,5,Field,5,0,2,204,182,Chad Richardson,Mr. Timothy Bruce,John Ruiz,Cloudy,Worn,31949
13,2012,2012-04-08,3,8,8,3,Field,3,0,1,190,183,Curtis Townsend,Terry Cherry,Kimberly Perry,Cloudy,Fresh,47696
14,2021,2021-04-07,10,8,10,8,Bat,10,0,0,154,154,Jennifer Perez,Julie Nelson,Monica Watson MD,Rainy,Fresh,17811
15,2009,2009-05-17,3,1,19,1,Field,3,0,0,202,202,Patrick Reyes,Casey Mendoza,Mary Turner,Humid,Used,12137
16,2010,2010-04-13,1,3,16,3,Field,3,0,8,251,171,Erica Elliott,Caleb Walker,Todd Osborne,Cloudy,Worn,29566
17,2015,2015-05-10,1,9,6,9,Bat,1,0,0,128,128,Gregory Ross,Angela Navarro,Kathryn Mckay,Clear,Worn,22980
18,2010,2010-05-10,8,2,6,8,Bat,2,0,0,170,170,Lisa Holden,Brandon Edwards,Shirley Cox,Cloudy,Fresh,20799
19,2022,2022-04-02,7,6,19,6,Field,7,0,0,200,200,Christy Perez,Carolyn Price,Kevin Potter,Humid,Used,20604
20,2008,2008-05-14,8,4,16,4,Bat,8,0,0,171,171,Cody Khan,Mrs. Amanda Hanson,Sheila Mcguire,Clear,Fresh,33771
21,2010,2010-04-04,9,3,11,3,Bat,9,0,0,139,139,Caleb Stevens,Alyssa Baker,Zachary Reed,Cloudy,Worn,40275
22,2022,2022-04-09,5,8,3,5,Field,5,0,1,183,175,Michelle Smith,Natalie Townsend,Jeffrey Steele,Clear,Worn,25727
23,2016,2016-04-09,5,3,1,5,Field,5,0,1,167,160,Amanda Brown,David Jones,Gregory Jones,Rainy,Fresh,52104
24,2014,2014-04-07,6,2,12,6,Bat,2,0,0,164,164,Sheila Delacruz,Dana Phillips,Caroline Morrison,Humid,Used,29330
25,2023,2023-05-23,10,1,7,10,Bat,10,61,0,208,147,Jesse Navarro,Eric Warren,Ryan Jackson,Cloudy,Fresh,11112
26,2018,2018-04-25,7,2,6,7,Bat,7,56,0,141,85,Carly Jackson DDS,Ashley Thompson,Eric Gay,Humid,Used,29787
27,2016,2016-04-02,9,8,7,8,Field,9,0,0,147,147,Alyssa Bryant,Cynthia Vasquez,Vickie Fischer,Rainy,Fresh,22226
28,2022,2022-04-12,6,3,17,6,Bat,3,0,0,188,188,Kevin Carter,Daniel Ramirez,Vanessa Haynes,Rainy,Fresh,16545
29,2011,2011-04-03,5,8,16,8,Field,8,0,4,185,145,Alexander Hawkins,Katherine Rosario,Allison Gonzalez,Cloudy,Used,28524
30,2011,2011-04-23,5,3,2,3,Bat,5,0,0,147,147,Keith Quinn,Catherine Carter,Anne Cox,Humid,Fresh,18928
31,2018,2018-05-13,10,7,11,7,Bat,10,0,0,179,179,Joel Brown,Robyn Dunn,Antonio Smith,Clear,Used,15833
32,2013,2013-04-26,5,3,16,5,Bat,5,44,0,167,123,Fernando Maxwell,Cory Todd,Richard Garcia,Rainy,Fresh,36956
33,2015,2015-05-30,7,6,4,6,Field,7,0,0,162,162,Kristi Valdez,Kerri Martinez,Anthony Nelson,Rainy,Used,32824
34,2014,2014-05-24,5,10,14,10,Field,5,0,0,182,182,Justin Hartman,Cody Johnson,Brittany Miller,Humid,Dusty,38230
35,2017,2017-05-08,8,10,5,10,Bat,10,95,0,168,73,Kent Mendoza,Shawn Bonilla,Bobby Ochoa,Cloudy,Used,19866
36,2023,2023-04-28,8,9,10,9,Field,9,0,2,142,128,Thomas Adams,David Davis,Tiffany Castro,Rainy,Worn,71983
37,2011,2011-04-27,6,3,14,3,Field,6,0,0,188,188,Randy Vazquez,Karen Ray,Daniel Taylor,Cloudy,Used,49546
38,2011,2011-05-02,8,5,6,8,Bat,5,0,0,191,191,Charles Scott,Matthew Tucker,Angel Williams,Rainy,Fresh,51044
39,2019,2019-05-01,2,10,11,10,Bat,10,52,0,121,69,Dustin Stephenson,Jared Riley,Amanda Mason,Cloudy,Used,48376
40,2009,2009-05-08,4,9,4,4,Bat,9,0,0,214,214,Karen James,Paul Grant,Lindsey Wright,Humid,Dusty,41054
41,2011,2011-04-11,4,6,2,4,Bat,6,0,0,124,124,Spencer Romero,Curtis Williams,Gregory Crawford,Humid,Dusty,27853
42,2022,2022-04-22,2,6,10,2,Bat,2,66,0,151,85,Cathy Brown,Joe Rose,Richard Andersen,Humid,Dusty,49545
43,2016,2016-04-27,5,3,13,5,Field,5,0,6,180,144,William Snyder,Mrs. Susan Jimenez,Tiffany Hughes,Rainy,Fresh,28075
44,2014,2014-04-06,4,5,7,4,Bat,5,0,0,132,132,Daniel Schultz,Christine Smith,Nancy Pittman,Cloudy,Used,21564
45,2019,2019-05-26,10,8,10,8,Field,8,0,9,217,145,Sarah Collier,Deanna Farmer,Amber Barrett,Humid,Worn,50434
46,2016,2016-05-09,7,3,18,3,Bat,3,31,0,218,187,Ashley Hicks,Mark Evans,Matthew Bowen,Rainy,Worn,14658
47,2013,2013-04-28,3,8,12,3,Bat,3,84,0,206,122,Kimberly Delgado,Rachel Mcintosh,Kimberly Harris,Humid,Dusty,25616
48,2011,2011-05-18,7,2,14,7,Field,2,0,0,213,213,Catherine Miller,James Bennett DVM,Dawn Butler,Cloudy,Used,31121
49,2008,2008-05-20,4,5,6,5,Field,4,0,0,213,213,Peggy Cook,Bernard Herrera,Clayton Martinez,Rainy,Used,46276
50,2009,2009-05-04,6,9,12,6,Field,6,0,5,175,150,Joel Mccarthy,Michael Castillo,Christopher Cook,Rainy,Used,14157
51,2021,2021-04-16,1,10,8,1,Field,10,0,0,193,193,Steven Booth,Joseph Vargas,Joshua Nguyen,Rainy,Used,10793
52,2014,2014-04-09,2,7,3,7,Bat,2,0,0,139,139,Jessica Williamson,Christopher Francis,Alex Jacobson,Cloudy,Dusty,16337
53,2012,2012-04-15,1,6,15,1,Bat,6,0,0,154,154,Mrs. Sarah Davies,Bryan Watkins,Joshua Steele,Cloudy,Fresh,23486
54,2021,2021-04-03,9,4,1,9,Field,4,0,0,216,216,Henry Lynch,Michael Avila,Jose Martinez,Cloudy,Worn,32788
55,2008,2008-05-31,7,8,11,7,Field,7,0,2,210,192,Matthew Carpenter,Travis Richardson,Danny White,Humid,Fresh,11647
56,2018,2018-05-25,10,4,7,4,Bat,4,31,0,160,129,Jennifer Price,Alicia Bullock,Jennifer Cervantes,Clear,Fresh,23307
57,2009,2009-05-13,6,9,4,9,Field,6,0,0,186,186,Theresa Hicks,Eric Harris,Katherine Kennedy,Humid,Dusty,47615
58,2013,2013-05-05,1,10,16,10,Field,10,0,9,299,200,Brenda Hall,Rebecca Terry,Krystal Jenkins,Cloudy,Dusty,21095
59,2023,2023-05-11,6,9,14,6,Bat,9,0,0,191,191,Dustin Hester,Jill Maldonado,Tammy Blevins,Clear,Fresh,14535
60,2014,2014-05-28,4,6,20,6,Field,6,0,3,223,208,Katherine Stephens,Jessica Lopez,Pamela Romero,Cloudy,Dusty,15494
61,2021,2021-04-30,10,9,13,10,Field,10,0,1,140,134,James Watson,Edward Mooney,Andrew Oneill,Rainy,Dusty,61038
62,2022,2022-05-18,7,10,14,10,Field,10,0,6,201,153,Timothy Brown,Patrick George,Derek Thomas,Rainy,Dusty,10336
63,2013,2013-04-30,7,4,19,4,Field,4,0,8,259,195,Bryan Herring,Amanda Barrett,Michael Flynn,Cloudy,Used,15866
64,2020,2020-05-20,8,6,2,6,Bat,6,6,0,141,135,Miranda Miller,Mason Tran,Christopher Valentine,Humid,Worn,10095
65,2021,2021-04-11,3,6,9,3,Field,3,0,3,217,187,Matthew Edwards,Bryan Smith,Claudia Flores,Cloudy,Worn,34515
66,2014,2014-05-09,5,2,19,2,Bat,2,93,0,134,41,Richard Morris,Brandon Gibson,Kelly Potter,Humid,Dusty,14271
67,2009,2009-04-07,4,9,14,4,Field,4,0,8,228,172,Garrett Figueroa,Jennifer Steele,Brenda Meyer,Humid,Worn,35835
68,2009,2009-05-30,6,5,20,6,Field,5,0,0,186,186,Jessica Lewis,Michael Martin,Rose Gilmore,Cloudy,Dusty,13880
69,2017,2017-05-27,4,1,19,4,Bat,4,23,0,158,135,Sara Murray,James Casey,David Blackburn,Clear,Fresh,20280
70,2009,2009-04-22,9,3,3,3,Field,9,0,0,156,156,Ernest Williams,Brandi Rubio,Rebecca Moore,Cloudy,Used,12259
71,2023,2023-04-09,4,3,10,3,Field,4,0,0,193,193,Sarah Conley,Mary Meadows,Kristin Anderson,Clear,Dusty,18820
72,2008,2008-05-12,4,5,8,5,Bat,4,0,0,176,176,Ashley Lopez,Joseph Swanson,Douglas Smith,Rainy,Dusty,67767
73,2020,2020-05-08,8,9,14,9,Bat,8,0,0,138,138,Patricia Fisher,Albert Todd,Michael Martinez,Humid,Dusty,38475
74,2022,2022-04-06,4,10,7,4,Bat,4,57,0,210,153,Robin Perez,Shirley Black,Megan Greene,Rainy,Worn,18517
75,2020,2020-05-30,8,9,15,8,Bat,9,0,0,173,173,Kathleen Walker,Jose Jensen,Richard Martinez,Clear,Used,31526
76,2010,2010-05-10,7,8,10,7,Bat,7,62,0,137,75,Debbie Beasley,Tiffany Moreno,George Ashley,Rainy,Dusty,72914
77,2010,2010-04-13,4,7,3,7,Bat,7,16,0,170,154,Courtney Moore,John Hawkins,Kayla Alvarez,Clear,Worn,10052
78,2013,2013-04-04,5,3,15,3,Field,3,0,9,245,182,Melissa Smith,Samantha Nelson,Casey Carter,Clear,Used,23618
79,2012,2012-05-26,3,1,4,3,Field,3,0,3,159,144,Jessica Garcia,Barbara Flores,Raymond Medina,Cloudy,Used,41377
80,2019,2019-05-17,7,2,4,2,Field,7,0,0,126,126,Mary Cohen,Latoya Walker,Alice Pratt,Cloudy,Dusty,45729
81,2018,2018-05-05,9,8,13,8,Bat,9,0,0,154,154,David Smith,Christina Tucker,Anthony Sanchez,Clear,Used,25048
82,2020,2020-05-16,7,3,4,3,Bat,7,0,0,158,158,Wayne Price,Diana Frank,Russell Vazquez,Rainy,Fresh,65991
83,2014,2014-05-22,5,6,13,5,Bat,6,0,0,147,147,Dana Lozano,Ashley Perez,Kristina Rush,Clear,Fresh,63974
84,2023,2023-05-05,4,2,14,4,Bat,2,0,0,134,134,Tom Mcbride,Dwayne Hall,Kristina Jackson,Cloudy,Used,45135
85,2021,2021-05-08,9,10,18,9,Field,10,0,0,179,179,Joseph Martinez,Joel Wilson,Gabriel Smith,Cloudy,Dusty,10181
86,2020,2020-04-13,4,7,9,4,Field,4,0,4,266,218,Ashley Nolan,Kevin Carpenter,Robert Green,Humid,Used,18830
87,2015,2015-05-06,7,4,18,7,Field,4,0,0,132,132,Christina Baker,Tiffany Woodward,John Harrison,Humid,Worn,14188
88,2021,2021-05-20,7,2,17,7,Field,7,0,5,204,164,Cameron Little,Kathleen Reid,Ashlee Francis,Clear,Fresh,54811
89,2020,2020-05-17,4,2,10,4,Field,4,0,2,181,157,Ashley Thomas,Nicholas Taylor,Savannah Le,Cloudy,Worn,54989
90,2019,2019-04-14,10,3,16,10,Bat,10,73,0,143,70,William Powers,Erica Brown,Brenda Guerra,Humid,Used,36643
91,2021,2021-05-16,4,2,1,2,Field,4,0,0,153,153,Elizabeth Lyons,Shelby Gutierrez,John Maxwell,Clear,Dusty,21551
92,2017,2017-04-17,9,1,5,9,Bat,9,22,0,135,113,Joel Herrera,Sean Frazier,Michael Taylor,Humid,Worn,17211
93,2013,2013-05-14,6,10,11,10,Field,10,0,8,176,136,Cassandra Bailey,Nathaniel Noble,Robin Hebert,Rainy,Used,11418
94,2019,2019-04-25,8,10,20,10,Field,8,0,0,131,131,Christopher Baxter,Donald Barnes,Peggy Parrish,Cloudy,Fresh,26110
95,2008,2008-04-20,4,10,14,10,Field,10,0,5,240,195,Cameron Rodriguez,Dennis Brown,Katrina Kelley,Cloudy,Worn,48196
96,2014,2014-05-25,3,6,4,6,Bat,3,0,0,123,123,Jeffery Gutierrez,Amber Mann,Alex Gonzales DDS,Clear,Dusty,52414
97,2011,2011-04-04,2,8,4,8,Bat,2,0,0,128,128,Aimee Zhang,Jennifer Carson,Alexandra Kim,Clear,Fresh,23590
98,2008,2008-04-26,6,10,15,6,Field,6,0,4,242,202,Erica Hall,Stephanie Smith,Ann Marquez,Rainy,Used,36522
99,2018,2018-05-13,2,3,20,2,Field,3,0,0,177,177,William Rogers,Diana Adams,Brittany Morgan,Clear,Dusty,12319
100,2010,2010-04-29,6,10,12,6,Bat,6,82,0,157,75,Patrick Anderson,Timothy Mitchell,Jillian Hayes,Rainy,Dusty,15060
101,2010,2010-05-10,6,7,15,7,Bat,7,95,0,158,63,David Sullivan,Jason Simon,Max Lloyd,Clear,Dusty,11337
102,2019,2019-04-10,9,8,7,9,Field,8,0,0,177,177,Shannon Cruz,Derrick Clements,Chad Jones,Cloudy,Used,18888
103,2014,2014-04-15,8,10,8,8,Bat,10,0,0,154,154,Larry Nguyen,Logan Garcia,Patricia Cruz,Humid,Used,15340
104,2010,2010-05-08,7,8,3,8,Field,7,0,0,129,129,Andrea Adams,Megan Stewart,Joseph Schneider,Cloudy,Dusty,23321
105,2019,2019-04-05,5,1,18,5,Field,5,0,1,134,126,Lori Gregory,Maria Burke,Alexander Ruiz,Humid,Fresh,16284
106,2013,2013-04-02,3,5,10,5,Bat,3,0,0,172,172,Thomas Adams,Katrina Morrow,Dominique Clark,Clear,Used,15631
107,2010,2010-05-20,7,5,15,7,Bat,5,0,0,126,126,James Krueger,Anthony Ball,Wesley Schroeder,Clear,Fresh,31597
108,2014,2014-05-31,1,2,2,1,Bat,1,34,0,216,182,Jacqueline Chapman,Jennifer Clark,Paige Torres,Humid,Worn,30946
109,2023,2023-05-06,3,4,13,3,Field,3,0,5,193,143,Jessica Daniels,Monica Morgan,Jonathan Stephenson,Clear,Fresh,41096
110,2011,2011-04-09,4,2,7,2,Field,2,0,1,142,136,Dan Franklin,Joshua Rhodes,Melissa Gordon,Clear,Used,13592
111,2012,2012-04-02,4,9,1,9,Bat,4,0,0,209,209,Leslie Coleman,Tyler Jones,Robert Torres,Humid,Fresh,10603
112,2011,2011-04-24,10,6,19,6,Field,10,0,0,147,147,William Taylor,Leslie Ellis,Dennis Brown,Humid,Dusty,19160
113,2017,2017-04-17,8,3,2,3,Field,3,0,2,148,132,Joyce Rose,Douglas Guzman,John Hamilton,Rainy,Dusty,28933
114,2008,2008-04-28,2,1,5,2,Bat,1,0,0,146,146,Barbara Richardson,Maria Harrington,Daniel Frazier,Humid,Worn,22658
115,2010,2010-05-31,10,5,2,10,Bat,10,72,0,151,79,Cheryl Downs,Brandy Greene DDS,Victoria Hobbs,Rainy,Worn,31428
116,2009,2009-04-01,3,2,6,3,Field,2,0,0,189,189,Pamela Hernandez,Katie Hartman,Donald Cunningham,Rainy,Used,21141
117,2017,2017-05-13,9,6,2,6,Bat,6,27,0,150,123,April Sims,Alicia Farley,Ashlee Ward,Rainy,Fresh,39078
118,2010,2010-04-01,3,2,5,2,Bat,2,37,0,192,155,David Johnson,Brenda Mckee,Caitlyn Williams,Rainy,Dusty,16252
119,2018,2018-05-14,10,5,8,10,Bat,10,1,0,129,128,Dr. Justin Mclean II,Catherine Johnson,Randall Mosley,Rainy,Used,26774
120,2019,2019-04-20,6,5,12,5,Field,5,0,5,237,207,Nancy Wright,Lisa Lowery,Lisa Miles,Clear,Fresh,30512
121,2014,2014-05-12,8,4,9,4,Field,8,0,0,132,132,Benjamin Alvarado,Alexander Zamora,Scott Barajas,Rainy,Used,35328
122,2021,2021-04-21,2,8,4,2,Bat,2,75,0,210,135,Jocelyn Allen,Amanda Weber,Justin Russell,Cloudy,Dusty,30720
123,2015,2015-04-21,10,9,16,9,Bat,10,0,0,204,204,Amanda Powell,Joseph Dunn,Madison James MD,Rainy,Used,38087
124,2016,2016-04-22,6,3,3,6,Field,6,0,4,165,145,Craig Hatfield,Kelly Stevenson,Joseph Jones,Humid,Used,18291
125,2014,2014-05-15,5,6,12,6,Bat,5,0,0,180,180,Nicole Brown,Sarah Ramsey,James Contreras,Cloudy,Dusty,27840
126,2018,2018-04-23,10,5,2,5,Field,10,0,0,191,191,Fernando Estes,Carlos Miller,James Mahoney,Clear,Dusty,33545
127,2019,2019-05-24,7,1,18,1,Bat,1,54,0,160,106,Kevin Mccall,Joe Morris MD,Sara Freeman,Clear,Fresh,14337
128,2016,2016-04-08,5,9,4,9,Field,9,0,8,231,143,James Riggs,Elizabeth Garcia,Brian Perkins,Clear,Dusty,26951
129,2015,2015-05-26,3,7,5,3,Bat,7,0,0,179,179,Sarah Parsons,Richard Woodard,Patricia Christensen,Clear,Fresh,11439
130,2010,2010-04-06,3,7,1,3,Field,7,0,0,138,138,Robin Bradshaw,Samantha Black,Jeffrey Lee,Clear,Worn,19849
131,2010,2010-05-23,3,8,5,3,Field,8,0,0,188,188,Anna Cruz,Deborah Wheeler,Wendy Holt,Humid,Fresh,20828
132,2021,2021-05-24,6,10,4,10,Field,10,0,8,224,184,Christopher Finley,Matthew English,Alyssa Hamilton,Humid,Dusty,16441
133,2016,2016-04-13,1,6,15,6,Bat,6,27,0,120,93,Matthew Farrell,Caleb Nguyen,Joshua Larsen,Humid,Dusty,14762
134,2008,2008-05-22,5,9,17,5,Bat,5,48,0,121,73,Joseph Gray,Amanda Harrington,Richard Parker,Clear,Fresh,30881
135,2008,2008-04-24,9,4,10,9,Bat,4,0,0,183,183,Sean Wright,Jennifer Moore,Steven Wilson,Cloudy,Dusty,12167
136,2008,2008-04-05,5,10,16,10,Bat,5,0,0,194,194,Sharon Jackson,Brittany Perez,Mr. Richard Roberts,Humid,Dusty,29504
137,2013,2013-05-31,5,8,5,8,Bat,5,0,0,203,203,Lori Delacruz,Mary Hill,Richard Reyes,Humid,Fresh,28386
138,2018,2018-05-20,9,7,4,9,Bat,7,0,0,154,154,Mr. Michael Scott DDS,Diane Larson,Anthony Bell,Clear,Dusty,12002
139,2016,2016-05-15,4,1,18,4,Field,1,0,0,153,153,Nathan Acevedo,William Watson,John Garrett,Rainy,Fresh,23891
140,2017,2017-04-03,5,9,8,5,Field,5,0,8,289,209,Nicholas Vaughn,Charles Simpson,Adam Gregory,Cloudy,Used,36947
141,2019,2019-05-16,5,2,4,5,Field,5,0,1,173,161,Mr. Jeffrey Bowen,Kari Graham,Benjamin Pratt,Rainy,Used,60535
142,2017,2017-05-18,10,2,4,2,Field,2,0,5,270,220,Brian Hernandez,Shannon Bailey,Warren Dunn,Humid,Dusty,31543
143,2010,2010-04-05,7,3,1,3,Bat,7,0,0,166,166,Latoya Davis,Raymond Leonard,Lisa Farmer,Cloudy,Used,21110
144,2009,2009-05-25,1,5,11,1,Bat,5,0,0,142,142,Sarah Jefferson,Tara Tyler,David Wise,Rainy,Worn,43462
145,2015,2015-04-09,4,8,12,8,Field,4,0,0,173,173,Thomas Butler,Miranda Sparks,Ronnie Johnson,Humid,Worn,40349
146,2018,2018-05-01,3,9,6,9,Bat,9,8,0,137,129,Michael Dean,Kathy Whitaker,Wesley Glass,Cloudy,Dusty,54041
147,2019,2019-04-10,2,8,5,8,Field,8,0,4,173,141,Nicholas Ramirez,Paula Jones,Victoria Dickson,Humid,Used,23313
148,2019,2019-04-30,5,8,16,8,Field,5,0,0,219,219,Sarah Cunningham,Joshua Johnson,Melissa Gates,Clear,Dusty,35855
149,2013,2013-05-13,4,3,10,3,Field,3,0,8,206,166,Christian Robinson,Andrew Hernandez,Manuel Brown,Humid,Used,22987
150,2008,2008-05-16,7,2,9,7,Field,2,0,0,151,151,Tina Kline,Mike Griffith,Matthew Chang,Humid,Fresh,25427
151,2017,2017-04-16,5,6,15,5,Bat,5,100,0,156,56,John Coleman,Gregory Bowman,Stephen White,Humid,Fresh,28335
152,2016,2016-04-12,8,10,13,8,Bat,8,82,0,166,84,Brianna Guerrero,Rhonda Mason,Ruben Hall,Cloudy,Fresh,54305
153,2023,2023-04-26,7,9,7,9,Field,7,0,0,168,168,Jessica Larsen,Melanie Marshall,Michael Duncan,Clear,Fresh,16507
154,2017,2017-05-18,3,7,18,7,Bat,7,36,0,202,166,Cindy Coleman,Alicia Spencer,Katelyn Li,Clear,Fresh,21461
155,2012,2012-04-17,2,10,4,2,Field,10,0,0,163,163,Jessica Hunt,Alexis Perez,Jeffrey Rivas,Cloudy,Used,55339
156,2013,2013-04-12,5,1,14,1,Field,1,0,6,172,124,Jonathan Johnston,Denise Spence,Joan Munoz,Rainy,Used,25437
157,2020,2020-04-12,8,6,18,6,Field,6,0,7,219,135,Chelsea Anderson,Samantha Mueller,Jeremy Rivers,Rainy,Fresh,22811
158,2012,2012-04-20,3,2,17,2,Bat,3,0,0,141,141,Julia Christian,David Hopkins,Chris Shaw,Rainy,Dusty,16237
159,2016,2016-04-22,9,7,15,7,Field,7,0,7,251,209,Jodi Smith,Ashley Cohen,Shannon Massey,Rainy,Dusty,37673
160,2014,2014-05-03,5,7,4,7,Field,7,0,4,179,155,Matthew Richardson,Julia Sanchez,Peter Mendoza,Clear,Dusty,18937
161,2009,2009-05-02,3,9,13,3,Field,9,0,0,138,138,Raymond Garcia,Daniel Wallace,Nancy Ellis,Cloudy,Worn,15834
162,2015,2015-05-15,9,6,3,9,Field,9,0,4,182,158,Danny Lewis,Mr. Paul Donaldson,Brian Gonzales,Humid,Dusty,26022
163,2018,2018-05-29,7,2,19,7,Field,7,0,9,247,184,John Collins,Lauren Daniels,Courtney Thomas,Humid,Fresh,18190
164,2010,2010-04-07,5,1,2,1,Bat,1,54,0,185,131,Michael Martinez,James Reed,Sharon Bell,Humid,Dusty,36534
165,2011,2011-04-10,1,6,16,6,Field,1,0,0,147,147,Julia Lowery,Kaitlyn Schaefer,Stephanie Riley,Rainy,Fresh,30823
166,2011,2011-05-11,1,8,17,8,Field,8,0,5,194,139,Mark Pearson,Michael Schneider,Vanessa Everett,Rainy,Dusty,43505
167,2013,2013-05-15,1,10,14,10,Field,1,0,0,188,188,Mindy Cox,Richard Bradford,Janet Ferguson,Rainy,Worn,41832
168,2013,2013-05-22,3,5,9,3,Bat,5,0,0,199,199,Matthew Gonzales,John Lewis,Terri Mclaughlin,Rainy,Fresh,26847
169,2015,2015-05-09,1,5,18,5,Field,1,0,0,195,195,Sarah Griffith,Samuel Keith,Emily Roberts,Humid,Worn,22316
170,2015,2015-05-07,5,9,5,9,Field,9,0,6,224,158,Eileen Mckenzie,Lauren Strickland,Jessica Davis,Clear,Fresh,25250
171,2016,2016-04-15,8,6,16,8,Field,8,0,7,236,173,Bradley Beard,Stephen Holmes,Chelsea Lopez,Cloudy,Fresh,13042
172,2014,2014-05-01,9,8,11,8,Field,9,0,0,123,123,Julie Foster,James Torres,Justin Johnson,Rainy,Fresh,45591
173,2019,2019-04-23,3,8,10,8,Field,3,0,0,219,219,Kenneth Hogan,Jim Wolf,Jack Larsen,Humid,Used,14033
174,2013,2013-04-29,9,2,5,9,Bat,9,90,0,131,41,Danny Warren,Susan Simpson,Desiree Harrington,Rainy,Fresh,23152
175,2016,2016-04-16,8,5,7,8,Bat,8,11,0,141,130,Matthew Smith,Anthony Mccarthy,Charles Castro,Clear,Used,17297
176,2009,2009-04-19,10,1,7,10,Bat,10,41,0,194,153,Debra Sutton,Alex Young,Lindsay Clements,Rainy,Dusty,14955
177,2022,2022-05-08,6,1,15,1,Field,1,0,8,196,132,Denise Smith,Kristina Rodriguez,Joshua Clarke,Clear,Fresh,24233
178,2015,2015-04-19,10,5,12,5,Bat,10,0,0,141,141,Eileen Moran,Darlene Walker,Michael Santos,Cloudy,Dusty,41463
179,2017,2017-05-19,8,7,14,8,Field,7,0,0,155,155,Matthew Diaz,Shelly Hamilton,Michelle Yang,Clear,Used,45736
180,2014,2014-04-06,6,4,14,6,Field,6,0,4,162,138,Virginia Nelson,Rachel Phillips,Tonya Anderson,Rainy,Dusty,45458
181,2020,2020-04-20,6,5,17,6,Field,6,0,8,196,148,Kristy Williams,Robert Gallagher,Sarah Baldwin,Cloudy,Used,37777
182,2015,2015-04-14,6,3,4,3,Field,3,0,8,291,195,Kenneth Schmidt,Thomas Oconnor,Charles Taylor,Rainy,Worn,64164
183,2021,2021-05-14,9,7,18,9,Bat,9,69,0,144,75,Daniel Byrd,Amy Wolfe,Megan Davis,Clear,Worn,14933
184,2008,2008-05-06,3,9,16,9,Bat,9,31,0,137,106,Gerald Welch,John Allen,Maria Goodwin,Clear,Fresh,37606
185,2010,2010-05-19,1,3,6,1,Field,1,0,7,205,128,Kristy Sutton,Eric Orozco,Ruben Scott,Cloudy,Worn,39392
186,2014,2014-05-21,6,1,16,6,Field,6,0,3,192,174,Brenda Brown,Brian Fisher,Samuel Finley,Clear,Fresh,25375
187,2015,2015-04-19,10,7,12,10,Bat,10,53,0,202,149,Jeffrey Mccoy,Aaron Casey,Marisa Fischer,Cloudy,Worn,38718
188,2018,2018-04-21,4,2,16,4,Field,4,0,1,185,177,Joshua Stephenson,Danny Bass,Kathleen Ramirez,Rainy,Used,15638
189,2009,2009-04-12,2,8,7,2,Field,2,0,2,178,156,Mallory Patterson,Renee Daniels,Joseph Montgomery,Cloudy,Fresh,13748
190,2020,2020-05-04,1,5,4,5,Bat,1,0,0,196,196,Kyle Spears,Melissa Howard,Tonya Jackson,Clear,Used,59325
191,2014,2014-04-08,1,5,2,1,Bat,5,0,0,195,195,Travis Lang,Erica Thompson,Maureen Harris,Cloudy,Fresh,25446
192,2009,2009-04-07,3,7,8,3,Field,7,0,0,162,162,Judy Bailey,Gregory Hudson,Luis Russell,Rainy,Used,50310
193,2022,2022-04-27,9,8,1,9,Bat,8,0,0,127,127,Steven Harmon,Gabriella Griffin MD,Emily Brown,Rainy,Used,51332
194,2022,2022-04-15,2,5,7,5,Bat,5,27,0,200,173,Ivan Cooper,Samuel Reed,David Solomon MD,Rainy,Fresh,17768
195,2017,2017-04-12,3,6,2,6,Field,3,0,0,125,125,Kimberly Wallace,Elizabeth Wood,Elizabeth Butler,Rainy,Worn,42558
196,2008,2008-04-18,7,10,19,10,Bat,10,72,0,182,110,Peggy Johnson,Adam Russell,Jeffery Edwards,Rainy,Fresh,20330
197,2016,2016-04-12,1,4,20,1,Field,1,0,6,176,134,Michael Cole,Luis Trujillo,Courtney Wong,Cloudy,Worn,15247
198,2008,2008-05-16,5,4,11,4,Field,5,0,0,133,133,Terry Carter,Sydney Hull,Ryan Bennett,Humid,Worn,11885
199,2022,2022-05-11,7,3,11,3,Field,7,0,0,141,141,Courtney Moore,Joseph Freeman,Richard Clay,Rainy,Worn,21654
200,2022,2022-05-11,1,9,18,9,Bat,9,74,0,202,128,Michele Williams,Colleen Arnold,Lisa King,Rainy,Worn,23687
201,2020,2020-04-19,10,4,11,4,Field,10,0,0,130,130,Stacy Novak,Eduardo Willis,James Marks,Clear,Fresh,22856
202,2008,2008-05-10,7,2,18,7,Bat,2,0,0,210,210,William Wilcox,Megan Wyatt,Jose Garcia,Humid,Worn,16818
203,2014,2014-04-23,10,6,17,10,Field,6,0,0,174,174,Rachel Smith,Christopher Watts,Mark Potter,Clear,Worn,44282
204,2017,2017-05-13,3,10,15,3,Field,10,0,0,163,163,Dylan Haney,Jacob Stein,Justin Butler,Rainy,Fresh,13928
205,2022,2022-04-08,7,2,5,7,Bat,7,66,0,132,66,Peter Hammond,Scott Fischer,Erin Morales,Humid,Dusty,22560
206,2018,2018-05-13,2,3,5,3,Field,3,0,7,249,165,Gerald Martin,Tiffany Nelson,Jacob Rose,Humid,Worn,27910
207,2023,2023-04-04,6,4,9,6,Field,4,0,0,124,124,Michelle Lyons,Judith Hodges,Lori Scott,Rainy,Used,14167
208,2019,2019-05-05,8,10,13,10,Field,8,0,0,136,136,Christopher Buck,Amy Simon,Jasmine Mendoza,Clear,Used,14054
209,2017,2017-05-30,7,10,13,7,Bat,7,44,0,181,137,Dana Sullivan,James Williams,Matthew Cummings,Rainy,Fresh,69120
210,2023,2023-04-01,2,3,3,3,Bat,2,0,0,151,151,Debbie Hinton,Christina Rasmussen,Edward Schwartz,Humid,Dusty,30710
211,2018,2018-05-23,7,5,9,5,Bat,7,0,0,129,129,Rebecca Hall,Jerry Higgins,Sandra White,Humid,Dusty,18825
212,2013,2013-04-15,3,9,2,9,Field,3,0,0,151,151,Rodney Wallace,Robert Adams,Alexandria Clark,Rainy,Dusty,10416
213,2022,2022-05-22,3,6,4,3,Bat,6,0,0,139,139,John Scott,Mr. Gary Andrade,Daniel Shaw,Cloudy,Used,67033
214,2010,2010-05-12,2,1,9,2,Bat,2,88,0,141,53,Theodore Sanchez,Sherry Jones,Jessica Chang,Humid,Dusty,17442
215,2012,2012-05-21,7,9,12,9,Field,9,0,3,181,166,Darren Perez,Jason Collins,Amanda Davis,Rainy,Dusty,23542
216,2016,2016-05-04,9,7,5,7,Field,9,0,0,184,184,Jeffrey Martinez,Dawn Miller,Dave Salazar,Rainy,Dusty,10885
217,2021,2021-04-28,2,1,11,2,Bat,2,80,0,219,139,Ryan Butler,Jennifer Phillips,Johnathan Fisher,Clear,Used,38058
218,2018,2018-05-20,2,1,9,1,Bat,1,10,0,207,197,Angel Clark,Stephanie Welch,Christy Reid,Rainy,Dusty,25215
219,2014,2014-05-07,1,2,17,2,Field,2,0,2,159,137,Jeremy Pearson,Crystal Gordon,Kathryn Gordon,Clear,Fresh,58535
220,2015,2015-05-14,6,2,4,2,Field,2,0,4,224,176,Morgan Mann,Justin Greene,Jessica Macdonald,Rainy,Fresh,32168
221,2013,2013-05-10,4,10,13,10,Field,4,0,0,165,165,Christina Berry,Alyssa Mack,Amanda Strong,Clear,Dusty,62171
222,2021,2021-05-19,10,1,2,1,Field,1,0,7,202,139,Kristi Lee,Janet Wood,Victor Aguilar,Rainy,Fresh,15183
223,2011,2011-04-04,5,3,5,5,Field,5,0,4,163,127,Kevin Owens,Mark Clark,Manuel Wright,Humid,Worn,26632
224,2010,2010-05-14,4,1,11,1,Field,1,0,2,143,125,Melinda Hurst,Ian Horn,Steve Cooper,Clear,Dusty,33398
225,2021,2021-05-31,3,4,17,4,Bat,3,0,0,199,199,Louis Casey,Jennifer Palmer,Stephen Lowery,Rainy,Fresh,15025
226,2010,2010-04-26,6,4,19,6,Field,6,0,6,204,132,Michelle Long MD,Mr. Zachary Hanson,Patrick Johnson,Rainy,Used,10863
227,2016,2016-05-25,3,5,7,5,Bat,5,49,0,140,91,Jennifer Miller,Kristopher Browning,David Pearson,Humid,Dusty,11732
228,2011,2011-04-13,2,8,11,2,Field,2,0,1,180,171,Pam Hamilton,Nicholas Murphy,Jeremy Miller,Humid,Dusty,33696
229,2021,2021-05-18,4,7,8,7,Field,7,0,4,198,154,Brian Rogers,Paula Hughes,Kevin Patterson,Humid,Worn,22441
230,2009,2009-04-04,7,9,11,7,Bat,7,82,0,138,56,Brian Reynolds,Patrick Robinson,Barbara Wilkins,Humid,Worn,34938
231,2012,2012-05-06,2,7,10,7,Field,7,0,6,229,187,Aaron Clarke,Theresa Wright,Alexandra Shelton,Rainy,Dusty,52035
232,2012,2012-04-05,1,2,16,2,Bat,1,0,0,145,145,Mrs. Destiny Allen,Laura Blanchard,Melissa Taylor,Cloudy,Fresh,24132
233,2021,2021-04-28,1,4,20,1,Bat,4,0,0,144,144,Lindsey Watkins,Carol Jenkins,Amanda Jones,Clear,Dusty,17080
234,2009,2009-05-31,3,9,14,3,Bat,9,0,0,201,201,Yolanda Miller,Gabrielle Murphy,Alex Blackwell,Rainy,Used,12771
235,2009,2009-04-21,4,5,3,4,Field,5,0,0,199,199,Alex Barton,Robert Reed,Taylor Robbins,Cloudy,Dusty,16486
236,2014,2014-05-30,8,9,10,8,Field,9,0,0,199,199,Beth Carter,Jeff Cervantes,Dawn Coleman,Clear,Dusty,70643
237,2010,2010-05-28,8,3,4,3,Bat,3,32,0,143,111,Thomas Walls,Edwin Brown,Robyn Fleming,Rainy,Used,26859
238,2017,2017-04-13,7,8,13,7,Field,7,0,7,243,201,Erik Mccoy,Joshua Davis,Dr. Brenda Chan DDS,Clear,Worn,16661
239,2015,2015-05-18,2,4,19,4,Field,4,0,7,194,152,Sean White,Richard Park,John Russell,Humid,Worn,12082
240,2011,2011-04-12,4,9,9,4,Bat,4,4,0,196,192,Jenna Bryant,Michael Bowen III,Mark Rowe,Cloudy,Used,32817
241,2021,2021-05-13,10,7,19,10,Bat,7,0,0,206,206,Jamie Gonzales DDS,Leah Gonzalez,Patrick Daniels,Rainy,Dusty,18962
242,2019,2019-05-18,4,6,19,6,Field,4,0,0,140,140,Lauren Cain,Cindy Bennett,Jaime Cummings,Humid,Worn,17285
243,2022,2022-05-14,8,6,13,8,Bat,8,1,0,144,143,Sandra Mendoza,Elizabeth Klein,Gregory Porter,Rainy,Dusty,31185
244,2012,2012-04-13,2,4,10,2,Field,2,0,4,167,135,David Berry,Christopher West,Steven Reed,Cloudy,Used,40736
245,2013,2013-05-19,7,9,5,9,Bat,7,0,0,212,212,Lisa Davis,Benjamin Boyer,Dorothy Wright,Clear,Worn,20357
246,2010,2010-05-06,6,8,15,8,Field,6,0,0,204,204,Natasha Lyons,Eric Russell,Gabrielle Carson,Cloudy,Dusty,36028
247,2009,2009-05-18,8,7,18,8,Field,8,0,7,253,169,Christopher Warren,Melissa Farrell,Richard Reyes PhD,Humid,Fresh,14860
248,2015,2015-05-15,2,1,12,1,Bat,1,86,0,122,36,Sabrina Diaz,Dana Anderson,Kevin White,Cloudy,Used,12511
249,2009,2009-05-11,8,7,12,7,Bat,7,31,0,154,123,Henry Gross,John Obrien,Patricia Mills,Cloudy,Fresh,31226
250,2012,2012-04-01,4,5,19,4,Bat,4,59,0,140,81,Jeremy Hudson,Lacey Johnson,Michael Smith,Clear,Dusty,18006
251,2008,2008-04-02,4,8,8,8,Bat,4,0,0,144,144,Michael Robinson,Frederick Andersen DVM,Tyler Bartlett,Humid,Dusty,22872
252,2022,2022-04-13,4,9,17,9,Field,4,0,0,132,132,Cody Parker,Latoya Kerr,Kristin Alvarez,Humid,Fresh,41977
253,2010,2010-05-30,3,5,13,5,Bat,5,34,0,202,168,Philip Neal,Jessica Ray,Andrew Johnson,Clear,Used,47058
254,2009,2009-04-22,2,8,20,8,Bat,8,58,0,166,108,Jerry Dougherty,Thomas Reid,Cathy Maxwell,Clear,Dusty,14185
255,2012,2012-04-08,4,6,18,6,Field,6,0,3,222,186,Rachel Hill,Kimberly Scott,Yolanda Rice,Humid,Fresh,20217
256,2023,2023-04-17,2,10,1,10,Field,10,0,1,144,138,Mark Parsons,Jeffrey Rios,Robin Evans,Humid,Worn,39388
257,2010,2010-05-26,6,7,14,6,Bat,7,0,0,193,193,Tyler Brady,Tara Summers,Kyle Decker,Rainy,Worn,47591
258,2011,2011-04-16,5,7,9,7,Field,5,0,0,197,197,Dennis Horn,Chelsea Cruz,Tyler Herrera,Clear,Dusty,19161
259,2014,2014-04-14,6,7,9,7,Bat,6,0,0,197,197,Tracy Cardenas,Aaron Adams,Sharon Zavala,Cloudy,Worn,15024
260,2015,2015-04-29,7,5,4,7,Field,7,0,5,192,162,Sierra Chambers,Kyle Garcia,Mrs. Heidi Acevedo,Humid,Used,17824
261,2019,2019-05-10,1,4,17,1,Field,4,0,0,135,135,Michelle Roberts,Russell Anderson,Sylvia Green,Clear,Dusty,52567
262,2015,2015-04-22,3,6,10,3,Field,6,0,0,170,170,Arthur Jones,Austin James,Karen Davis,Rainy,Worn,43044
263,2011,2011-05-27,2,10,11,10,Bat,2,0,0,157,157,John Warren,Michele Richardson,Julie Baker,Cloudy,Worn,14109
264,2014,2014-05-19,10,1,2,1,Field,10,0,0,133,133,Gina Vance,David Robbins,Paul Buckley,Rainy,Dusty,23216
265,2016,2016-05-24,5,3,2,3,Field,3,0,4,212,192,Jacob Anderson,Richard Hicks,Matthew Garcia,Rainy,Used,22542
266,2009,2009-04-18,7,2,7,7,Bat,2,0,0,219,219,Joshua Williams,Frank Branch,Vanessa Myers,Humid,Used,14225
267,2011,2011-04-17,5,7,3,5,Field,7,0,0,123,123,John Johnson,Steven Harris,Scott Williams,Humid,Worn,33371
268,2020,2020-04-24,2,8,10,8,Field,8,0,9,296,197,Douglas Barnett,Jessica Morales,Jared Clark,Humid,Worn,72761
269,2023,2023-05-29,5,2,11,2,Field,2,0,8,208,168,Michael Watts,Jose Castillo,Penny Pacheco,Rainy,Fresh,48187
270,2016,2016-05-20,1,7,18,7,Field,7,0,1,206,198,Lacey Ward,Michael Miller,Daniel Bennett,Cloudy,Worn,22844
271,2014,2014-04-04,1,7,17,7,Bat,7,67,0,130,63,Ashley Mitchell,Brian Anderson,Angela Mejia,Cloudy,Used,18979
272,2012,2012-04-13,4,2,9,2,Bat,2,41,0,206,165,Justin Thomas,Dana Green,Tyler Roberts,Rainy,Worn,13696
273,2013,2013-05-17,1,4,19,1,Bat,4,0,0,160,160,Jeffrey Rivera,Zoe Miller,Diane Clark,Cloudy,Worn,20419
274,2012,2012-05-04,7,9,11,7,Field,9,0,0,143,143,Alexis Huang,Ronald Rice,Joshua Hanson,Cloudy,Fresh,19658
275,2009,2009-04-18,7,8,16,7,Field,7,0,5,251,196,Gregory Brown,Mario Gonzales,Misty Armstrong,Humid,Fresh,13958
276,2022,2022-04-06,9,3,4,9,Bat,3,0,0,146,146,Aaron Mcdonald,Karen Garcia,Bradley Joyce,Rainy,Worn,50968
277,2015,2015-04-15,5,4,15,4,Bat,4,34,0,129,95,Colleen Knapp,Eric Stevens,Jason Fisher,Humid,Dusty,23685
278,2019,2019-05-16,4,3,18,4,Field,3,0,0,185,185,Bruce Adams,Kyle Bryant,Elizabeth Martinez,Clear,Worn,21470
279,2008,2008-04-11,9,7,20,7,Bat,7,18,0,217,199,Ryan White,Taylor Chavez,Sierra Vang,Rainy,Used,14945
280,2015,2015-05-15,1,10,20,10,Bat,10,3,0,178,175,Jennifer Black,Raymond Mcdowell,Robert Russell,Cloudy,Fresh,17305
281,2014,2014-04-27,7,5,10,5,Field,7,0,0,128,128,Teresa Jones,Miss Jodi Vaughn,Bailey Ellis,Humid,Dusty,65271
282,2008,2008-05-12,1,10,18,1,Field,1,0,8,235,171,Michael Nguyen,Jeffrey Davis,Charles Bell,Cloudy,Dusty,19488
283,2017,2017-04-04,6,5,10,5,Bat,5,14,0,174,160,Shelby Dickerson,Angelica Hancock,Jonathan Castro,Rainy,Worn,16450
284,2016,2016-04-12,9,7,17,7,Field,7,0,1,182,174,Johnny Ware,Kenneth Hutchinson,Jamie Rollins,Cloudy,Dusty,41520
285,2012,2012-04-16,2,5,16,2,Field,5,0,0,173,173,Gina Zuniga,Jonathan Beltran,Jennifer Stanton,Cloudy,Dusty,37558
286,2009,2009-04-29,5,4,17,4,Field,4,0,7,269,192,Adam Castro,Joseph Jennings,Tiffany Boyle,Cloudy,Worn,17792
287,2010,2010-05-03,2,7,20,7,Bat,2,0,0,131,131,Laura Santiago,Marc Zimmerman,Janet Stone,Rainy,Worn,17327
288,2016,2016-04-24,2,8,19,8,Field,2,0,0,123,123,Luke Houston,Christina Cline,Victor Bright,Rainy,Worn,19351
289,2008,2008-05-29,2,7,11,2,Field,2,0,3,162,141,Nicole Davidson,Richard Caldwell,Christine Medina,Rainy,Dusty,36785
290,2019,2019-04-28,5,2,6,2,Field,2,0,5,189,164,Terry Moore,Matthew Shaw,Austin Morris,Cloudy,Worn,39526
291,2021,2021-04-16,8,1,13,8,Bat,8,71,0,132,61,James Villa,William Hall,Stephen Mendez,Cloudy,Used,42501
292,2021,2021-04-15,9,7,5,7,Bat,7,96,0,200,104,Holly Howard,Michael Chan,Maria Mcgrath,Humid,Fresh,21586
293,2020,2020-05-18,8,6,5,6,Field,8,0,0,158,158,Eric English,John Taylor,Kayla Armstrong,Cloudy,Dusty,12242
294,2009,2009-05-23,5,10,6,5,Field,10,0,0,140,140,Kimberly Hernandez,Hannah Vega,Barbara Daniel,Clear,Fresh,41502
295,2021,2021-05-10,6,10,17,6,Field,6,0,9,168,123,Blake Lopez,Julie Dennis,Joseph Gaines,Humid,Worn,10984
296,2012,2012-05-01,4,3,7,3,Bat,3,8,0,159,151,Alicia Evans,Jeremy Williams,Hannah Mills,Clear,Used,20742
297,2019,2019-05-31,3,5,14,3,Bat,3,62,0,125,63,Samuel Oneill,Samantha Dixon,Jessica Cordova,Cloudy,Used,20225
298,2018,2018-04-06,7,3,6,3,Bat,7,0,0,153,153,Ryan Graves,Mr. Jesus Young,Cameron Coleman,Cloudy,Worn,26800
299,2011,2011-04-22,8,10,10,10,Field,10,0,8,221,141,Richard Lewis,Scott Freeman,Karen Griffith,Clear,Worn,37643
300,2019,2019-04-10,3,1,1,1,Field,1,0,2,173,151,Mary Dorsey,William Kelly,Kelsey Simmons,Humid,Fresh,41020
301,2014,2014-04-24,6,1,16,6,Field,6,0,4,241,193,Ashley Patel,Reginald Mckenzie,Danielle Rodriguez,Humid,Fresh,35198
302,2008,2008-05-20,4,5,16,5,Field,4,0,0,137,137,Amber Martinez,Cheryl Brown,Tara Coleman,Cloudy,Dusty,17002
303,2012,2012-04-20,8,7,2,7,Field,7,0,7,251,188,Patrick Mayer,Shelley Davidson,Cristina Jenkins,Humid,Dusty,38275
304,2016,2016-05-13,10,1,6,10,Bat,1,0,0,181,181,Todd Stephens,Jason Swanson,Ruben Mccoy,Rainy,Used,14711
305,2011,2011-05-22,3,6,10,3,Field,6,0,0,183,183,Brian Ramirez,David Gill,Eric White,Rainy,Fresh,46845
306,2018,2018-05-29,3,9,20,9,Bat,9,20,0,135,115,Joseph Williams,Sara Reynolds,Amber Chen,Cloudy,Dusty,20756
307,2023,2023-04-29,7,9,3,7,Field,9,0,0,126,126,Kyle Alvarez,Andrea Hunt,Jerry Webb,Humid,Dusty,19710
308,2019,2019-05-29,9,2,18,9,Bat,2,0,0,160,160,Stephanie Wilson,Elizabeth Taylor,Bradley Gibson MD,Clear,Used,13399
309,2017,2017-04-05,5,8,10,5,Bat,8,0,0,211,211,Jesse Robertson,Miss Christine Smith MD,Kenneth Payne,Cloudy,Fresh,70480
310,2012,2012-04-10,10,8,2,8,Bat,10,0,0,121,121,John Blevins,Miranda Dean,Chris Guzman,Humid,Worn,29617
311,2008,2008-05-13,2,4,4,2,Bat,4,0,0,216,216,Mr. Richard Davis,Julie Burke,Anthony Frazier,Cloudy,Worn,30706
312,2012,2012-04-21,6,4,16,6,Bat,6,14,0,216,202,Kelly White,Cole Boyd,Kenneth Miller,Humid,Worn,30359
313,2009,2009-04-20,9,6,19,6,Bat,9,0,0,193,193,Dave Butler,Katrina Hubbard,Terry Mckenzie,Rainy,Worn,18094
314,2021,2021-05-07,6,2,4,6,Bat,6,50,0,160,110,Sherry Nelson,Amy Wilson,Scott Scott,Humid,Fresh,38850
315,2011,2011-04-18,3,1,4,1,Field,3,0,0,189,189,Courtney Shepherd,Mary Clements,Joseph Miller,Clear,Fresh,63888
316,2017,2017-05-09,8,3,10,3,Field,3,0,3,153,126,Angel Wilkerson,Frank Johnson,John Patterson,Rainy,Fresh,42936
317,2017,2017-05-26,9,5,7,5,Bat,5,49,0,126,77,Christopher Scott,Mary Turner,Robert Maddox,Cloudy,Fresh,19127
318,2009,2009-04-27,9,10,5,9,Field,9,0,9,249,186,William Wilkins,Travis Mcclure,Dr. Denise Wilson,Clear,Dusty,13612
319,2022,2022-05-09,3,8,9,8,Bat,8,75,0,135,60,Kristen Perez,Kathryn Brown,Nicholas Hardy,Clear,Used,10106
320,2020,2020-05-19,8,4,7,4,Field,8,0,0,154,154,Dr. Christopher Perry PhD,Mr. Justin Gill,Virginia Jones,Clear,Fresh,23772
321,2012,2012-04-01,10,1,20,1,Bat,1,4,0,147,143,Raymond Gonzalez,Michael Wheeler,Ashley Wilson,Clear,Used,25077
322,2013,2013-04-28,2,8,1,2,Field,8,0,0,207,207,David Green,Phillip Becker,Tara Walsh,Humid,Dusty,20384
323,2017,2017-04-30,8,5,11,8,Bat,8,65,0,164,99,Douglas Donovan,Samantha Wise,Jonathan Chambers,Rainy,Worn,34361
324,2011,2011-05-29,6,5,4,6,Field,5,0,0,126,126,Melissa Moyer,James Stephens Jr.,Nancy Holland,Humid,Worn,10505
325,2011,2011-05-26,8,9,11,9,Field,9,0,3,150,120,Amanda Wilson,John Hale,Joe Todd,Cloudy,Used,32864
326,2009,2009-04-22,10,1,5,10,Bat,10,40,0,174,134,Deanna Arias,Darrell Smith,Brandon Miller,Rainy,Used,27028
327,2022,2022-05-25,3,9,6,3,Bat,9,0,0,210,210,Eric Werner,Brian Adams,Susan Bennett,Clear,Dusty,32325
328,2021,2021-04-24,1,10,15,1,Bat,10,0,0,120,120,Monica Williams,Cameron Martinez,Anna Roberts,Clear,Worn,33489
329,2014,2014-04-09,1,6,20,1,Bat,1,17,0,158,141,Steven Gray,Bradley Johnson,Daniel Burton,Humid,Worn,20898
330,2023,2023-04-27,9,1,9,1,Bat,1,88,0,123,35,Amber Patel,Maria Thompson,Daniel Hicks,Clear,Fresh,14759
331,2019,2019-04-03,3,1,15,3,Field,1,0,0,173,173,Jason Martin,Brian Jones,Maurice Young,Rainy,Fresh,32057
332,2014,2014-04-15,9,10,15,9,Bat,9,89,0,134,45,Amy Gallagher,Edwin Klein,Paul Nelson,Humid,Dusty,27662
333,2010,2010-04-14,10,6,9,6,Field,6,0,9,284,203,Carla Hughes,Mr. Bradley Davis,Matthew Brown,Rainy,Dusty,14176
334,2010,2010-05-27,9,2,1,2,Field,2,0,3,172,148,Yolanda Park,Lisa Singh,Austin Cruz,Clear,Dusty,16201
335,2015,2015-04-12,5,10,15,5,Field,5,0,6,268,220,Susan Gibson,James Rowland,Dr. Heather Holloway MD,Clear,Dusty,31842
336,2019,2019-04-14,10,2,5,2,Field,2,0,3,156,138,Michael Jackson,Lisa Liu,Sara Casey,Humid,Fresh,10342
337,2013,2013-05-13,9,8,8,9,Field,9,0,7,192,136,Adam Barajas,David Kemp,Mary Reid,Cloudy,Dusty,67346
338,2014,2014-04-13,1,7,11,7,Field,1,0,0,210,210,Charles Nolan,Mrs. Kristin Richards,Geoffrey Walker,Cloudy,Worn,14480
339,2015,2015-04-04,9,1,14,1,Field,9,0,0,197,197,Joshua Warren,Steve Gonzales,Alexa Miller,Humid,Used,30130
340,2016,2016-05-10,4,5,6,4,Bat,5,0,0,189,189,William Baird,Vanessa Sharp,Justin Juarez,Cloudy,Fresh,50290
341,2013,2013-04-21,6,7,1,7,Field,7,0,8,213,165,Eric Ray,Brandy Butler,Robert Peck,Clear,Worn,31558
342,2020,2020-04-28,5,4,16,4,Bat,4,63,0,178,115,Allen Smith,Crystal Neal,Sydney Pierce,Humid,Used,36148
343,2009,2009-05-01,9,3,13,3,Bat,3,53,0,220,167,Jay Allison,Melody Caldwell,Jasmine Sherman,Humid,Worn,23283
344,2010,2010-05-09,10,2,7,2,Bat,10,0,0,204,204,Andrew Roberts,Bradley White,Leroy Thomas,Clear,Fresh,22738
345,2008,2008-05-08,4,9,1,4,Field,4,0,6,203,173,Lauren Solomon,Johnny Williams,Nancy Blair,Cloudy,Dusty,49321
346,2021,2021-04-21,4,10,17,10,Field,4,0,0,177,177,Emily Zamora,Jo Atkinson,Michelle Brewer,Clear,Worn,43777
347,2021,2021-05-20,4,5,1,5,Bat,5,69,0,183,114,Leah Wang,Jean Mcdonald,Matthew Johns,Clear,Used,35876
348,2011,2011-04-29,3,6,7,3,Bat,3,84,0,164,80,Candace Hunter,Julie Jones,James Elliott,Humid,Fresh,11940
349,2017,2017-04-27,1,8,14,8,Field,8,0,5,155,125,Robert Wilson,Christopher Downs,Beverly Scott,Cloudy,Worn,55622
350,2018,2018-05-23,6,3,13,3,Field,3,0,8,189,133,Veronica Brown,Jocelyn Bullock,Alison Bruce,Humid,Fresh,21565
351,2012,2012-05-09,8,7,7,8,Field,7,0,0,192,192,Michelle Smith,Joanna Roberson,Raymond Jenkins,Humid,Worn,14639
352,2022,2022-04-11,1,7,5,1,Field,1,0,6,212,164,Kristen Martinez,Carrie Blackburn,Christine Rose,Humid,Dusty,23499
353,2023,2023-05-25,6,7,9,6,Bat,7,0,0,146,146,Susan Anderson,Brandon Jordan,Dawn Levy,Cloudy,Fresh,10725
354,2014,2014-05-31,5,8,10,5,Bat,8,0,0,170,170,Loretta Rodriguez,Rachel Wright,Mrs. Cindy Miller,Humid,Fresh,24225
355,2010,2010-04-17,6,3,12,3,Field,3,0,7,221,186,Brett Adams,Erica Martinez,Jeffery Lewis,Rainy,Dusty,17398
356,2019,2019-05-11,4,2,12,4,Bat,4,72,0,188,116,Annette Payne,Cheryl Moran,Ashley Brooks,Clear,Used,10077
357,2015,2015-04-22,8,7,7,8,Bat,7,0,0,123,123,Michelle Myers,Derrick Kelly,Randy Stewart,Clear,Dusty,21870
358,2023,2023-05-10,7,1,7,7,Field,7,0,8,180,132,Miranda Stephens,Tony Baldwin,Jeffrey Mclean,Rainy,Fresh,14029
359,2014,2014-05-30,5,7,6,5,Bat,5,12,0,129,117,Christopher Thompson,Bryan Austin,Katherine Robinson,Rainy,Used,57633
360,2023,2023-05-11,6,9,7,6,Field,9,0,0,217,217,Jeremy Campos,Timothy Mercer,Emma Bryant,Clear,Worn,21616
361,2015,2015-05-16,8,5,3,8,Field,5,0,0,151,151,Joshua Mendez,Marie Jimenez,Amber Conner,Cloudy,Worn,24477
362,2021,2021-04-16,6,1,9,1,Bat,1,99,0,128,29,Guy Joyce,Christopher Hubbard,James Lopez,Cloudy,Used,15333
363,2019,2019-05-04,8,3,7,8,Bat,3,0,0,171,171,Elizabeth Johnson,Jessica English,Brian Miller,Cloudy,Used,23556
364,2013,2013-05-16,5,2,19,5,Field,2,0,0,145,145,Ronald Green,Thomas Crawford,Ashley Perez,Humid,Fresh,19672
365,2009,2009-05-11,1,4,5,1,Field,4,0,0,210,210,Kimberly Johnson,Matthew Flores,Nancy Beltran,Humid,Dusty,22385
366,2017,2017-05-26,1,10,1,10,Bat,10,72,0,164,92,Linda Whitaker,Levi Carter,Craig Patrick,Rainy,Used,21180
367,2023,2023-04-20,7,10,8,10,Bat,10,49,0,165,116,Kathleen Martinez,Jeffrey Thomas,George Jones,Cloudy,Worn,60914
368,2019,2019-04-22,7,8,20,7,Bat,7,81,0,132,51,Jeremy Ryan,Brandon Collins,Christopher Acosta,Cloudy,Dusty,26795
369,2014,2014-05-03,10,3,19,3,Field,3,0,3,181,151,Trevor Johnson,Richard Griffin,Evelyn Allen,Cloudy,Fresh,18637
370,2019,2019-05-01,8,4,5,8,Field,8,0,9,221,149,Brittany Jones,Shane Koch,Kimberly Phillips,Clear,Dusty,26977
371,2012,2012-05-23,1,3,12,3,Bat,3,17,0,181,164,Sarah Mccormick MD,Tina Abbott,Deanna Singh,Humid,Used,24655
372,2023,2023-05-08,8,1,17,8,Field,8,0,1,219,213,Katherine Lewis,Benjamin Thomas,Amy Miller,Cloudy,Dusty,24110
373,2011,2011-04-06,6,1,13,1,Bat,1,21,0,177,156,Eric Hebert,Jesse Banks,Marissa Lewis,Rainy,Dusty,26131
374,2011,2011-05-02,1,8,6,8,Field,1,0,0,138,138,Nicole Sparks,Diane Wells,Bryan Mullen MD,Clear,Fresh,66315
375,2015,2015-04-02,2,4,17,4,Field,4,0,4,168,140,Adam Harrison,Jason Sanders,Mitchell Ruiz,Rainy,Dusty,37016
376,2013,2013-05-23,5,9,10,9,Bat,9,100,0,191,91,Katherine Graham,Melissa Shaw,Janice Burke,Cloudy,Used,73396
377,2019,2019-04-28,3,7,7,3,Field,3,0,4,190,146,Terrence Williams,Christine Hunt,Andrew Parker,Rainy,Used,14125
378,2014,2014-05-19,9,5,19,5,Bat,5,29,0,161,132,Jessica Bell,Adam Ellison,Jessica Wolf,Rainy,Used,10402
379,2019,2019-05-08,4,3,10,3,Field,3,0,8,163,123,Jack Bryant,Teresa Sandoval,Ronald Sanchez,Humid,Worn,36180
380,2010,2010-05-05,9,10,5,9,Field,9,0,8,232,136,Victoria Wilkinson,Cindy Wallace,David Ford,Clear,Worn,19593
381,2016,2016-05-31,4,3,12,4,Bat,3,0,0,182,182,April Lewis,Taylor Smith,Carmen Cole,Rainy,Fresh,16162
382,2023,2023-04-17,2,9,10,9,Bat,9,18,0,219,201,Steven Carter,Maria Oliver,Erin Ruiz,Clear,Worn,47595
383,2020,2020-05-12,2,7,1,2,Bat,2,14,0,195,181,Sandra Mayer,Daniel Nelson,Willie Santiago,Rainy,Used,19817
384,2021,2021-04-23,4,5,8,4,Bat,4,4,0,185,181,Daniel Wheeler,Joel Petersen,Erik Levy,Humid,Used,27754
385,2023,2023-04-16,3,2,20,2,Field,3,0,0,141,141,Kenneth Martinez,Michael Houston,Veronica Vargas,Clear,Dusty,27834
386,2011,2011-04-18,5,10,3,10,Field,10,0,1,184,178,Travis Archer,Amanda Olson,Crystal Beard,Humid,Fresh,11645
387,2013,2013-05-10,10,2,20,2,Field,2,0,6,221,173,Tracy Nicholson,Lisa Rosales,Kimberly Beard,Cloudy,Fresh,15273
388,2009,2009-04-02,7,6,19,7,Bat,7,80,0,149,69,Debra Moss,Lisa Herrera,Colleen Matthews,Cloudy,Worn,17499
389,2021,2021-05-01,6,10,12,10,Bat,6,0,0,148,148,James Jenkins,Bailey Douglas,Jordan Hill,Humid,Worn,28575
390,2022,2022-05-25,8,7,20,7,Field,8,0,0,194,194,Melissa Perry,James Davis,Sara Ramirez,Clear,Worn,26747
391,2009,2009-05-07,2,10,14,2,Field,10,0,0,142,142,Richard Cannon,Dr. Cheryl Long,Michael Olson,Clear,Used,31787
392,2016,2016-04-05,4,9,15,4,Field,9,0,0,175,175,Diane Fuller,Gregory Reeves,Andrew Eaton,Cloudy,Dusty,33988
393,2022,2022-05-16,5,2,3,2,Bat,2,97,0,194,97,Dr. Shannon Norman MD,Jeffrey Collins,Julie Webb,Cloudy,Dusty,18080
394,2015,2015-05-17,5,2,18,5,Bat,2,0,0,129,129,Angela Bailey MD,Olivia Fowler,Jacqueline Taylor,Rainy,Fresh,15874
395,2019,2019-05-22,6,8,10,6,Bat,6,84,0,195,111,Christopher Hall,April Tanner,George Ross,Humid,Used,25821
396,2023,2023-05-24,9,6,1,6,Bat,9,0,0,130,130,Dalton Huber,Kevin Ryan,Tommy Mendoza,Rainy,Used,11812
397,2021,2021-05-27,8,9,13,8,Bat,9,0,0,137,137,Kevin Lopez,Miss Deborah Green,John Donovan,Rainy,Dusty,54533
398,2017,2017-04-09,6,2,7,2,Bat,2,30,0,121,91,Joseph Baker,Jenny Richardson,Christina Foster,Humid,Fresh,11679
399,2017,2017-05-04,4,10,1,10,Bat,4,0,0,160,160,Steve Wallace,Karen Murray,Ronald Murillo,Humid,Used,13560
400,2011,2011-05-29,5,8,12,5,Field,8,0,0,137,137,Justin Wilkerson,Christopher Downs,Tracie Reyes,Clear,Fresh,10414
401,2012,2012-05-02,7,3,18,3,Bat,3,40,0,129,89,Aimee Frazier,Amanda Moreno,Bonnie Palmer,Humid,Worn,12527
402,2016,2016-04-19,9,4,1,4,Field,9,0,0,159,159,Monica Moreno,Diana Hood,Leslie Ware,Rainy,Worn,17897
403,2022,2022-05-15,2,8,5,2,Bat,8,0,0,151,151,Angela Hart,Nicole Ramirez,Jeremiah Harris,Humid,Worn,27783
404,2020,2020-05-27,6,10,15,10,Bat,6,0,0,120,120,Jay Jones,Aaron Marshall,Ashley Taylor,Rainy,Used,13194
405,2023,2023-05-13,8,10,3,8,Field,10,0,0,185,185,Jason Forbes,Heather Randolph,Brianna Fuller,Cloudy,Worn,33402
406,2009,2009-05-02,8,2,1,8,Bat,8,77,0,210,133,James Ramirez,Deborah Young,Shawn Peterson,Cloudy,Worn,13044
407,2021,2021-05-29,5,8,18,5,Field,8,0,0,152,152,Mrs. Colleen Williams,Christopher Smith,Peter Miller,Clear,Worn,21606
408,2011,2011-05-27,6,3,12,3,Field,6,0,0,214,214,Alyssa Reyes,John Thomas,Dennis Boyer,Clear,Worn,23454
409,2009,2009-05-30,5,8,16,8,Bat,5,0,0,164,164,David Rivas,Lori Lowe,Meghan Arellano,Rainy,Dusty,24463
410,2008,2008-04-04,1,3,10,3,Bat,1,0,0,123,123,Connor Herring,Kimberly Nash,Jason Ward,Cloudy,Dusty,41737
411,2023,2023-05-15,9,7,15,7,Field,9,0,0,145,145,Aaron Gay,Ryan Garza,Wendy Ramirez,Humid,Fresh,16418
412,2010,2010-05-23,2,6,2,6,Field,6,0,5,230,180,Daniel Roberts,Leslie Curtis,Madeline Jacobs,Humid,Worn,12574
413,2017,2017-05-17,5,10,16,5,Field,5,0,5,172,142,Sabrina Matthews,Kristopher Baker,Cameron Miller,Clear,Dusty,40289
414,2018,2018-04-11,2,8,18,8,Field,8,0,4,208,180,Robert Contreras,Benjamin Thornton MD,Victoria Rangel,Cloudy,Used,21045
415,2021,2021-05-29,3,6,8,3,Bat,6,0,0,160,160,Barbara Johnson,Paul Gutierrez,Sherri Johnson,Humid,Fresh,47427
416,2010,2010-04-29,5,4,4,5,Bat,5,53,0,176,123,John Day,Mary Chandler,Heather Parks,Humid,Dusty,56566
417,2021,2021-05-06,7,8,12,7,Field,7,0,3,157,127,Mary Martinez,Lisa Watson,Carl Collins,Humid,Worn,26691
418,2015,2015-04-18,4,3,1,3,Field,4,0,0,202,202,Luke Cooley,Kendra Hunt,Mary Bean,Clear,Used,46354
419,2010,2010-05-07,6,3,17,3,Field,3,0,8,275,219,Julie Morris,Luke Huff,Emily Thomas,Cloudy,Fresh,58452
420,2014,2014-04-08,6,4,8,4,Field,6,0,0,212,212,Stephanie Flynn,Robert Ramsey,Isaac Lam,Cloudy,Worn,38634
421,2013,2013-04-16,5,4,19,5,Field,4,0,0,134,134,Scott Wagner,Becky Crosby,Christopher Cuevas,Humid,Used,10252
422,2014,2014-05-19,4,3,11,4,Field,4,0,9,213,132,Patricia Edwards,Melissa Roberts,Kimberly Rodriguez,Cloudy,Dusty,20344
423,2014,2014-04-15,10,4,12,10,Field,4,0,0,187,187,Kendra Lindsey,Gregory Larson,Christopher Hurley,Clear,Fresh,40465
424,2018,2018-04-01,7,10,9,7,Field,10,0,0,135,135,Nathan Kelley,Nathaniel Ochoa,Roberto Jordan,Humid,Worn,34209
425,2008,2008-04-16,10,6,13,10,Field,10,0,7,237,174,Patricia Allen,Samantha Williams,Marilyn Clark,Clear,Worn,50686
426,2022,2022-05-04,6,9,15,6,Bat,9,0,0,179,179,Joshua Carter,Kenneth Patton,Alexis Romero,Rainy,Fresh,12426
427,2020,2020-05-09,5,3,11,5,Bat,3,0,0,170,170,Kaitlyn Leon,Victoria Daniel,Donna Smith,Cloudy,Dusty,14427
428,2011,2011-05-05,3,1,8,3,Bat,3,43,0,217,174,Heather Padilla,Denise Rich,John Mcdaniel,Clear,Used,26159
429,2012,2012-04-01,7,1,9,1,Field,1,0,5,242,182,Robert Sloan,Theresa Rosales,Suzanne Vargas,Clear,Fresh,10668
430,2014,2014-04-13,3,4,6,4,Bat,4,47,0,125,78,Marcus Watts,Molly Scott,Alex Richardson,Humid,Fresh,19216
431,2019,2019-04-28,9,6,12,6,Field,6,0,8,172,124,Wendy Smith DDS,Tristan Williams,Julie Hughes,Humid,Fresh,42103
432,2017,2017-04-29,9,7,5,7,Field,9,0,0,217,217,Christopher Soto,George Rhodes,Eric Carlson,Humid,Dusty,22804
433,2017,2017-05-21,1,9,5,9,Field,1,0,0,148,148,Amy Nguyen,Abigail Roberts,Shane Lynch,Cloudy,Fresh,16108
434,2019,2019-04-12,5,2,15,2,Bat,2,28,0,172,144,Kimberly Rios,Annette Stephenson,Andrew Murphy,Cloudy,Fresh,32183
435,2011,2011-05-21,8,2,18,2,Field,2,0,1,196,184,Shane Phillips,Jonathan Espinoza,Allison Rodriguez,Humid,Fresh,15831
436,2015,2015-04-21,9,6,13,9,Field,6,0,0,162,162,Joshua Collins,Geoffrey Beck,Robert Sweeney,Cloudy,Used,31361
437,2013,2013-05-10,8,2,18,2,Field,2,0,7,296,212,Maria Miller,Catherine Wright,Leslie Scott,Humid,Fresh,22265
438,2023,2023-04-20,8,4,17,4,Field,4,0,4,233,185,Patty Pena,Terry Anderson,Jennifer Brown,Rainy,Dusty,42804
439,2012,2012-04-03,1,3,14,1,Bat,3,0,0,138,138,Molly Gay,Michael Hernandez,Emily Brandt,Cloudy,Used,33649
440,2016,2016-04-18,5,3,10,3,Bat,5,0,0,211,211,Jason Allen,Denise Miller,Laura Barnes,Cloudy,Used,22097
441,2011,2011-04-21,10,3,5,3,Bat,3,29,0,176,147,Juan Powell,Brittany Greene,Kent Fuentes,Clear,Worn,24074
442,2016,2016-04-29,4,2,9,2,Field,4,0,0,183,183,Courtney Price,Hannah Pena,Alexandra Shaw,Cloudy,Worn,17346
443,2014,2014-05-02,3,2,18,2,Bat,3,0,0,159,159,Jared Cervantes,Casey Brown,Matthew Martinez,Cloudy,Used,20444
444,2022,2022-04-09,10,1,12,10,Bat,1,0,0,142,142,Stephanie Atkinson,Tracy Aguilar,Curtis Evans,Rainy,Dusty,11681
445,2018,2018-05-27,10,6,18,10,Field,6,0,0,130,130,Ashlee Hayes MD,Suzanne Moyer,Stephen Burns,Cloudy,Fresh,10574
446,2011,2011-04-13,4,2,12,4,Bat,4,64,0,172,108,Christina Rivera,Jessica Clark,Brian Lynch,Rainy,Used,10535
447,2023,2023-05-05,1,7,12,1,Bat,7,0,0,135,135,Miss Joy Sanchez,Miguel Fleming,Jeff Campbell,Rainy,Used,13099
448,2012,2012-05-05,2,5,15,2,Bat,5,0,0,162,162,Felicia Hardy,Melissa Bennett,Jonathan Nguyen,Rainy,Dusty,34596
449,2017,2017-04-15,8,7,7,7,Bat,8,0,0,124,124,Gail Young,Daisy Baker,Jessica Johnson,Humid,Dusty,12963
450,2020,2020-05-03,3,4,14,3,Field,4,0,0,142,142,Nancy Pruitt,Doris Glover,Micheal Hernandez,Clear,Used,13593
451,2013,2013-05-14,3,1,15,3,Field,1,0,0,128,128,Brian Hopkins,Pamela Morris,Jessica Morris,Cloudy,Fresh,16790
452,2008,2008-04-24,10,5,10,10,Bat,5,0,0,169,169,Samantha Gutierrez,Carl Morse,John Walker,Humid,Worn,60031
453,2022,2022-05-30,8,1,18,1,Field,8,0,0,138,138,Ryan Anderson,Antonio Wilson,Jennifer Romero,Clear,Used,15198
454,2010,2010-05-26,1,7,6,7,Field,7,0,6,255,183,Stephen Wilson,Bryan Carpenter,Samuel Andrade,Clear,Worn,15487
455,2008,2008-05-21,10,8,4,8,Field,10,0,0,188,188,Justin Smith,Chelsea Davis,Edward Henderson,Humid,Fresh,25684
456,2021,2021-04-21,1,8,4,1,Bat,8,0,0,132,132,Brianna Leonard,Stephanie Thomas,Michael Ward,Rainy,Used,13802
457,2020,2020-04-05,4,6,3,6,Bat,6,89,0,161,72,Cheryl Mccann,William Goodwin,Monica Horne,Humid,Dusty,32538
458,2014,2014-04-24,4,1,1,4,Bat,4,57,0,131,74,Sean Haas,Audrey Singleton,Christine Trujillo,Humid,Worn,29331
459,2017,2017-04-04,3,10,3,10,Bat,3,0,0,164,164,John Taylor,Marilyn Rasmussen,Louis Donaldson,Humid,Dusty,11129
460,2016,2016-05-26,10,3,4,10,Bat,10,52,0,166,114,Kimberly Clayton,Michelle Hill,Cynthia Briggs,Clear,Dusty,12183
461,2009,2009-05-06,8,6,6,6,Bat,8,0,0,128,128,Nicole Stewart,Aaron Davidson,Melissa Beard,Humid,Dusty,55777
462,2021,2021-04-01,3,8,14,8,Field,3,0,0,133,133,Jason Mcgrath,Sharon Davis MD,Jennifer Jackson,Clear,Dusty,26055
463,2014,2014-05-31,1,5,17,5,Field,5,0,5,262,202,Justin Ochoa,Betty Murphy,Jeanne Dennis,Rainy,Worn,38096
464,2010,2010-04-19,2,9,18,2,Bat,2,83,0,177,94,Lisa Ellison,Charles Gonzalez,Douglas Erickson,Rainy,Worn,24837
465,2023,2023-04-02,9,2,16,9,Field,2,0,0,169,169,Kelly Kelly,Bryan Romero,Elizabeth Petersen,Cloudy,Worn,22197
466,2023,2023-04-12,2,3,14,3,Field,3,0,9,211,121,Andrew Smith,Virginia Jackson,Melissa Cohen,Cloudy,Used,20099
467,2015,2015-05-09,5,4,4,4,Bat,4,75,0,129,54,George Henderson,Sarah Lawrence,Heather Chan,Clear,Dusty,20662
468,2018,2018-05-18,5,9,8,5,Bat,5,9,0,168,159,Keith Jackson,Erin Marshall,Sarah Barton,Humid,Used,34710
469,2020,2020-05-12,4,7,3,4,Field,4,0,9,288,180,Michele Vasquez,Jenny Lee,Timothy Tucker,Cloudy,Worn,17885
470,2014,2014-04-09,9,4,17,9,Bat,9,51,0,166,115,Jenny Kennedy,Marie Miller,Erica Ward,Humid,Used,47001
471,2017,2017-04-10,8,2,17,2,Field,8,0,0,195,195,Melvin Chambers,Douglas Cortez,Justin Walter,Cloudy,Worn,38394
472,2019,2019-05-16,5,10,4,5,Field,10,0,0,220,220,Emily King,Chad Kidd,Mary Decker,Rainy,Fresh,13227
473,2014,2014-05-14,5,4,2,4,Bat,5,0,0,120,120,Terri Cervantes DVM,Gregory Newton,Beverly Morales,Rainy,Fresh,25103
474,2022,2022-05-07,9,10,19,9,Field,9,0,2,230,212,Catherine Potts,Jonathan Blake,Mrs. Robin Reese,Humid,Dusty,21784
475,2023,2023-05-26,4,8,15,4,Bat,8,0,0,175,175,William Peters,Peter Ramirez,Raymond Simpson,Humid,Dusty,10117
476,2013,2013-05-25,4,6,6,4,Field,6,0,0,154,154,Matthew Terrell,Emily Rios,Samantha Moore,Rainy,Dusty,23671
477,2023,2023-04-27,1,3,17,3,Bat,1,0,0,175,175,Katelyn Henderson,Tristan Davis,Breanna White,Humid,Fresh,34237
478,2018,2018-04-20,9,1,11,9,Bat,9,61,0,174,113,Brenda Herrera,Shane Bryant,Anna Jones,Clear,Used,43596
479,2013,2013-04-25,6,3,18,3,Bat,6,0,0,206,206,Lauren Collins,Mary Williams,Pamela Ramirez,Clear,Fresh,21078
480,2022,2022-04-07,10,8,11,10,Bat,8,0,0,211,211,Kelly Hunter,Felicia Miller,Justin Ross,Humid,Used,17096
481,2022,2022-05-31,10,3,4,3,Bat,10,0,0,155,155,Jennifer Weber,Allison Davis,John Roberts,Clear,Dusty,62246
482,2018,2018-04-07,5,9,1,5,Bat,9,0,0,173,173,Michelle Turner,Jessica Miller,Jeffery Vance,Rainy,Fresh,28924
483,2015,2015-04-03,9,4,16,4,Field,4,0,9,255,201,Joseph Barker Jr.,Jonathan Allen,Kimberly Todd,Cloudy,Worn,24439
484,2013,2013-05-02,4,5,16,5,Bat,5,24,0,196,172,Sabrina Smith,Jared Hodge,Erica Carter,Cloudy,Worn,25176
485,2018,2018-05-08,5,2,8,5,Field,2,0,0,182,182,Darren Young,Mr. Connor Silva,David Stewart,Humid,Worn,45859
486,2009,2009-04-01,7,5,19,7,Bat,5,0,0,145,145,Denise Walker,Christopher Brown,Colleen Walker,Rainy,Worn,21776
487,2023,2023-04-17,1,9,4,1,Field,1,0,1,165,160,Kevin Romero,Matthew Barnett,Rodney Anderson,Humid,Worn,13731
488,2013,2013-04-09,5,6,16,6,Bat,6,22,0,121,99,Christopher King,Megan Anderson,Jasmine James,Cloudy,Dusty,13911
489,2014,2014-05-22,7,2,13,7,Bat,7,39,0,197,158,William Browning,Kevin Blake,Laurie Brown,Humid,Worn,12948
490,2011,2011-05-14,5,3,4,5,Field,3,0,0,180,180,Brandy Mcintyre,Clifford Haney,Sarah Wiley,Humid,Used,19953
491,2018,2018-04-15,6,4,13,6,Field,4,0,0,141,141,Joshua Murray,Nathan Lee,Jessica Walton,Humid,Fresh,27583
492,2022,2022-05-13,7,5,12,5,Field,5,0,5,210,160,Cody Galloway,Jerry Cooley,Joseph Bowers,Clear,Worn,26453
493,2020,2020-05-02,6,2,16,2,Bat,2,83,0,194,111,Jenna Bradley,Nathan Taylor,James Williams,Rainy,Fresh,24275
494,2013,2013-05-11,7,2,20,2,Field,2,0,7,190,120,Pamela Wade,Angelica Williamson,Dominic Malone,Humid,Worn,23652
495,2014,2014-04-24,10,1,16,10,Field,1,0,0,183,183,James Edwards,David Taylor,Dillon Hall,Cloudy,Dusty,29067
496,2015,2015-04-17,5,8,12,5,Field,8,0,0,173,173,Frances Wilson,Abigail Bell,Mrs. Jacqueline Wang MD,Humid,Dusty,21494
497,2009,2009-04-22,6,8,8,6,Field,6,0,3,222,198,Jessica Pruitt,Bryan Huynh,Beverly Williams,Cloudy,Worn,39039
498,2016,2016-04-02,10,3,17,10,Bat,10,41,0,132,91,Sharon Kemp,Amanda Wilkins,Nathan Gonzalez,Humid,Worn,49636
499,2019,2019-04-09,1,4,13,1,Bat,4,0,0,138,138,Mr. John Cuevas,Christopher Johnson,Jonathan Bailey,Cloudy,Worn,48677
500,2019,2019-04-20,5,6,17,6,Field,6,0,2,209,195,Zachary Hull,Brittany Mccullough,John Little,Rainy,Used,13906
501,2013,2013-05-26,4,1,2,1,Bat,4,0,0,130,130,Kenneth Ramsey,Zachary Clay,Nancy Ayala,Humid,Fresh,18750
502,2022,2022-04-07,4,3,2,3,Field,3,0,1,174,164,Stephen Ford,Julie Barker,Mrs. Susan Anderson,Clear,Fresh,34268
503,2013,2013-04-24,8,1,3,8,Field,1,0,0,167,167,Tracy Thomas DDS,Julie Wood,Annette Robinson,Cloudy,Used,16156
504,2017,2017-05-10,10,9,4,10,Field,9,0,0,219,219,Lauren Tate,Sean Walker,Roger Garrett,Humid,Dusty,65414
505,2010,2010-05-30,6,4,16,6,Field,6,0,6,170,140,Robert Castillo,Tonya Mitchell,Sally Smith,Clear,Dusty,28506
506,2009,2009-05-11,6,1,4,1,Field,1,0,5,181,141,Douglas Gutierrez,Michael Bradley,Matthew Mills,Humid,Dusty,22322
507,2017,2017-04-01,4,6,8,4,Bat,6,0,0,121,121,Susan Lucas,Ashley Moore,Eric Roberson,Humid,Worn,27898
508,2010,2010-04-16,8,6,19,6,Field,6,0,1,180,170,Jackie Collins,Melissa Combs,Christopher Thomas,Rainy,Dusty,14130
509,2022,2022-05-15,3,1,12,1,Bat,1,91,0,156,65,Douglas Watson,Rebecca Davis,Claudia Smith,Cloudy,Used,33591
510,2008,2008-05-23,1,6,13,6,Bat,1,0,0,120,120,Jerry Navarro,Donna Parker,Caleb Sheppard,Cloudy,Fresh,22225
511,2012,2012-04-04,1,4,6,4,Bat,4,86,0,190,104,Rebekah Castillo,Michelle Hayes,Julia Rich,Clear,Fresh,33742
512,2013,2013-04-07,9,8,19,9,Bat,9,18,0,171,153,Brian Hernandez,Andrew Turner,Mary Fry,Clear,Used,19475
513,2021,2021-05-26,5,10,7,5,Field,5,0,6,186,132,Todd Burgess,Brittany Black,Hailey Sanders,Rainy,Fresh,21564
514,2012,2012-05-22,5,7,8,5,Field,7,0,0,143,143,Jacob Walters,Jamie Kent,Jordan Salazar,Rainy,Worn,30703
515,2019,2019-04-01,5,10,2,5,Field,10,0,0,133,133,Nathan Schultz,Brianna Jackson,Rhonda Acevedo,Rainy,Dusty,35554
516,2010,2010-04-26,5,2,1,5,Field,5,0,3,191,170,Maria Nelson,Brandon Hooper,Tammy Wright,Clear,Worn,46886
517,2010,2010-05-06,2,7,10,7,Field,2,0,0,150,150,Andrew Johnson,Johnny Brown,Katherine Morales MD,Cloudy,Fresh,37652
518,2013,2013-05-18,10,5,16,10,Field,5,0,0,209,209,Daniel Stevens,Katherine Lee,Cindy Phillips MD,Cloudy,Dusty,14831
519,2023,2023-05-31,5,4,2,5,Bat,5,64,0,208,144,Katherine Chandler,Heather Miles,Bonnie Martin,Rainy,Worn,33020
520,2010,2010-04-10,5,9,6,5,Field,5,0,7,235,172,Rickey Patton,Jeremiah Ramos,Wendy Underwood,Rainy,Worn,45569
521,2016,2016-05-31,4,10,4,4,Field,4,0,4,188,152,Michelle Johnson,Sean Cox,Matthew Payne,Rainy,Fresh,46439
522,2020,2020-05-08,5,1,8,5,Field,5,0,6,233,167,Matthew Martinez,Mr. Michael Shields,Jeffrey Clark,Rainy,Fresh,51489
523,2021,2021-05-25,9,5,9,9,Field,9,0,1,144,136,Denise Brown,Christopher Hall,Kathleen Ferrell,Humid,Used,14725
524,2018,2018-05-11,4,3,19,4,Field,3,0,0,216,216,Michael Mitchell,Travis Duncan,Stephanie Williams,Clear,Fresh,21020
525,2023,2023-05-06,6,3,6,3,Field,3,0,3,209,182,Chase Miller,Ariel King,Kiara Moody,Cloudy,Fresh,52912
526,2011,2011-04-11,8,5,17,5,Field,8,0,0,184,184,Teresa Jenkins,Kevin Hardy,Douglas Mclaughlin,Clear,Worn,36368
527,2010,2010-04-20,5,4,10,5,Bat,4,0,0,205,205,William Ford,Ryan Hoover,Anna Nguyen,Humid,Worn,34712
528,2022,2022-04-08,4,5,9,5,Field,4,0,0,183,183,Jacob Nelson,Brian Cooper,Adrian Brown,Rainy,Fresh,34692
529,2009,2009-05-03,8,1,14,8,Field,1,0,0,175,175,Alexis Hill,Erica Davis,Victor Espinoza,Cloudy,Fresh,12256
530,2013,2013-05-10,1,7,20,7,Bat,1,0,0,157,157,Johnathan Williamson,Katelyn Harrington,Lisa Morrison,Clear,Fresh,18976
531,2016,2016-04-12,1,9,20,1,Field,9,0,0,120,120,Karen Dunn,Brian Barnett,Tammy Meza,Clear,Dusty,18174
532,2014,2014-04-06,8,6,5,8,Bat,6,0,0,167,167,Kimberly Lopez,Susan Hodge,Frances Golden,Clear,Used,24425
533,2018,2018-04-06,7,4,7,4,Bat,7,0,0,152,152,Benjamin Wade,Mark Perez,Ann Cervantes,Humid,Dusty,13999
534,2018,2018-05-06,5,9,14,9,Field,5,0,0,144,144,Charles Nguyen,Ryan Davenport,Johnny Scott,Rainy,Used,41275
535,2009,2009-04-28,10,3,18,3,Field,3,0,8,229,157,Maria Johnson,Christopher Thomas,Kelly Irwin,Rainy,Worn,16834
536,2016,2016-04-08,3,7,6,7,Bat,7,23,0,173,150,Lori Wright,Zachary Kelly,John Chung,Clear,Dusty,70524
537,2009,2009-04-30,10,7,12,7,Bat,7,40,0,144,104,Charles Murphy,John Pitts,Mrs. Amanda Estrada,Rainy,Fresh,32966
538,2015,2015-04-16,1,10,5,10,Bat,10,21,0,183,162,Robert Johnson,Jason Simpson,Aaron Robinson,Rainy,Worn,13415
539,2021,2021-05-10,2,10,9,10,Field,2,0,0,200,200,Michael Walker,Gabriel Ross,Jasmine Davis,Clear,Used,26197
540,2008,2008-05-23,8,7,2,7,Bat,8,0,0,176,176,Monique Gray,Patrick Joyce,Savannah Lutz,Humid,Worn,24932
541,2019,2019-04-27,7,1,1,1,Bat,1,96,0,131,35,Jacqueline Miller,Maria Jefferson,Katie Sanders,Cloudy,Used,36212
542,2013,2013-05-20,4,2,19,4,Bat,4,76,0,167,91,Laurie Vang,Cynthia Bailey,Gabriela Cruz,Cloudy,Worn,17191
543,2010,2010-04-02,3,1,5,1,Field,3,0,0,167,167,James Meyer,Christina White,Shane Johnston,Rainy,Used,20611
544,2017,2017-05-04,1,7,11,1,Field,7,0,0,129,129,Shannon Patel,Roberto Kramer,Lisa Little,Rainy,Fresh,30849
545,2012,2012-04-07,2,7,1,2,Field,2,0,9,224,179,Heather Lucas,Kimberly Bailey,Robyn Taylor,Rainy,Dusty,50877
546,2022,2022-04-06,6,10,5,10,Field,10,0,5,171,146,April Harrell,Susan Martinez,Brandon Pearson,Clear,Fresh,25629
547,2015,2015-05-15,10,4,12,10,Bat,4,0,0,173,173,Ashley Shelton,Kyle Armstrong,Mr. Jesus Kim,Cloudy,Used,19403
548,2015,2015-04-24,8,5,10,5,Field,8,0,0,129,129,Katherine Thomas,Terrance Perry,Jodi Martin,Clear,Used,53276
549,2015,2015-05-28,5,3,3,5,Bat,3,0,0,131,131,Ronald Hayes,Emily Jones,Gene Pugh,Rainy,Worn,36404
550,2022,2022-04-28,7,1,18,7,Field,1,0,0,122,122,Jeffery Crawford,Phillip Allen,Rachel Caldwell,Clear,Worn,23140
551,2019,2019-04-14,5,9,8,9,Field,9,0,8,222,150,William Carpenter,Michael Simpson,Cody Burke,Humid,Used,57723
552,2021,2021-04-27,7,8,11,7,Field,7,0,5,192,152,Regina Jones,Lynn Reid,Michael Lawrence,Cloudy,Fresh,23877
553,2018,2018-05-19,9,3,11,3,Field,3,0,3,229,202,Jeremy Cunningham,Amy Larson,Eduardo Torres,Rainy,Dusty,40470
554,2020,2020-05-08,3,10,18,3,Bat,10,0,0,135,135,Robert Ortiz,James Murray,Margaret Bauer,Cloudy,Worn,18757
555,2009,2009-04-23,3,7,17,7,Bat,7,3,0,124,121,Mark Gould,Robert Marshall,Anthony Giles,Rainy,Worn,20136
556,2022,2022-04-05,4,5,3,5,Field,4,0,0,151,151,John Hughes,Andrew Carroll,Laura Patterson,Rainy,Worn,11621
557,2019,2019-05-14,8,2,7,2,Bat,8,0,0,172,172,Lauren Roberts,Brandi Peters,Wesley Bradford,Cloudy,Worn,23375
558,2016,2016-05-31,6,5,14,6,Field,5,0,0,187,187,Abigail Williams,Haley Hughes,Antonio Smith,Clear,Worn,53889
559,2013,2013-04-14,10,6,9,6,Field,10,0,0,175,175,John Mills,Lisa Mitchell,Dakota Lee,Clear,Used,30822
560,2022,2022-05-07,9,5,6,5,Bat,5,98,0,209,111,Mandy Simmons,Douglas West,John Boyer,Humid,Dusty,28779
561,2021,2021-04-16,5,9,13,9,Bat,9,78,0,154,76,Dawn Gardner,Jordan Cunningham,Jeffrey Taylor,Clear,Used,55790
562,2009,2009-05-26,8,1,8,8,Field,1,0,0,216,216,Shelby Mitchell,Donna Henderson,Michael Rogers,Humid,Used,42333
563,2012,2012-05-11,1,10,19,10,Field,10,0,9,202,157,Benjamin Griffith,Suzanne Barrera,Johnny Lawrence,Cloudy,Dusty,13675
564,2009,2009-05-11,1,2,4,2,Bat,1,0,0,141,141,Michael Thompson,Christopher Rojas,Ronald Browning,Rainy,Worn,45240
565,2020,2020-04-13,10,9,8,9,Field,9,0,4,224,204,Elaine Shaw,Dawn Davidson,Paul Prince,Rainy,Used,75699
566,2012,2012-05-15,9,4,12,4,Field,4,0,9,231,168,Michelle Hood,John Franklin,Donna Martinez,Humid,Used,18854
567,2011,2011-04-28,8,9,3,8,Bat,9,0,0,129,129,Heather Riggs,Mark Stevens,Emily Cross,Cloudy,Fresh,24171
568,2015,2015-04-30,4,5,8,4,Field,5,0,0,141,141,Michael Russell,Christopher Chase,Aaron James,Clear,Used,48726
569,2019,2019-05-31,8,5,15,8,Bat,5,0,0,123,123,Victoria Gordon,Barry Terry,Nancy Reynolds,Humid,Worn,35351
570,2023,2023-04-02,3,1,15,1,Bat,3,0,0,180,180,Susan Montgomery,Matthew Nelson,Tara Cook,Rainy,Fresh,28389
571,2010,2010-04-30,1,3,3,1,Field,3,0,0,220,220,Tracy Stanley,Kendra Fry,Michael Saunders,Clear,Fresh,22360
572,2016,2016-05-04,7,9,5,9,Field,7,0,0,168,168,Brad Moore,Christine Keith,Paul Daniels,Humid,Fresh,10678
573,2023,2023-05-03,9,7,1,7,Field,9,0,0,188,188,Joshua Diaz,Scott Arnold,Andrew Walls,Humid,Dusty,12792
574,2015,2015-05-12,8,1,9,8,Field,8,0,8,252,164,Judy Mcdonald,Sara Cowan,George Ortega,Rainy,Dusty,28106
575,2018,2018-04-12,2,1,16,1,Bat,1,49,0,210,161,Veronica Green,Brittany Smith,David Johnson,Cloudy,Dusty,32307
576,2023,2023-04-02,6,3,19,6,Bat,6,1,0,176,175,William Yates,Samuel Henderson,Courtney Boyd,Cloudy,Worn,15766
577,2015,2015-05-22,6,4,15,6,Bat,4,0,0,130,130,Misty Smith,John Kim,Sharon Edwards,Cloudy,Used,17370
578,2010,2010-05-13,7,8,20,7,Bat,7,85,0,183,98,Dustin Luna,John Griffin DDS,Amy Mason,Clear,Dusty,17551
579,2014,2014-05-24,5,8,11,5,Bat,8,0,0,199,199,Jonathan Johnson,Colleen Lee,Nicholas Clark,Humid,Fresh,10793
580,2012,2012-05-19,1,9,18,9,Field,9,0,6,175,121,Melissa Brown,Erica Matthews,Ralph Ruiz,Rainy,Worn,11227
581,2017,2017-04-30,10,4,10,4,Bat,4,39,0,220,181,Scott Meyers,Jason Rodriguez DVM,Kimberly Alvarado,Cloudy,Worn,59380
582,2019,2019-05-20,7,8,17,7,Bat,8,0,0,162,162,Jason Brown,Kristy Stephens,Andrew Simpson,Humid,Fresh,41106
583,2010,2010-04-19,6,4,12,6,Bat,4,0,0,177,177,Mr. Brian Norris,Allison Robertson,Lisa Adams,Clear,Worn,20594
584,2022,2022-05-29,4,8,8,8,Bat,4,0,0,182,182,Nancy Hays,Alexandria Ryan,Samuel Martinez,Cloudy,Dusty,54266
585,2018,2018-05-20,1,4,18,1,Field,1,0,7,212,149,Gabriel Carlson,Jerry Donaldson,Ricky Guerrero,Cloudy,Worn,23063
586,2023,2023-04-12,7,1,12,1,Bat,7,0,0,215,215,Kristen Anderson,Jon Douglas,Brian Hall,Clear,Worn,13754
587,2009,2009-05-18,5,8,9,5,Field,5,0,7,223,146,Nancy Carter,Jennifer Carson,Lindsey Soto,Cloudy,Worn,25138
588,2009,2009-04-29,3,8,2,3,Bat,3,18,0,177,159,Maria White,Amy Webb,Matthew Hall,Clear,Worn,27658
589,2018,2018-05-20,9,8,10,9,Bat,9,93,0,141,48,Anne Barton,Gregory White,Bethany Cook,Rainy,Worn,74041
590,2009,2009-05-30,1,4,19,1,Bat,4,0,0,168,168,Kimberly Smith,Oscar Silva,Danielle Collins,Clear,Dusty,12165
591,2018,2018-05-04,6,2,15,2,Field,2,0,6,232,178,Kelly Kennedy,Mr. Michael Cruz Jr.,Nicole Baker,Humid,Dusty,39417
592,2023,2023-05-10,6,1,12,6,Field,6,0,5,153,128,Veronica Hernandez,Peter Jones,Stacy Klein,Cloudy,Used,21852
593,2023,2023-05-05,8,6,5,8,Bat,6,0,0,189,189,Sarah Le,Ronald Ramirez,Isaac Hodges,Rainy,Used,23558
594,2009,2009-05-25,2,10,1,2,Field,2,0,9,197,152,Scott Shelton,William Mercado,James Park,Clear,Used,27897
595,2021,2021-04-19,10,3,13,10,Field,3,0,0,133,133,Tina Dean,Michelle Williams,Jerry Hess,Clear,Dusty,67566
596,2019,2019-04-01,4,6,3,4,Bat,4,23,0,137,114,Morgan Castro,Brandon Morrison,Adam Holmes,Rainy,Worn,26196
597,2011,2011-04-10,8,7,19,8,Field,7,0,0,160,160,Maria Cross,Jessica Rosario,James Santos,Rainy,Worn,20968
598,2013,2013-05-31,6,2,12,2,Field,6,0,0,197,197,Nicole Johnson,Robin Lewis,Megan Douglas,Rainy,Fresh,18458
599,2023,2023-05-23,5,2,9,2,Bat,2,98,0,154,56,Andrea Welch,Eric Wood,Anthony Cain,Rainy,Worn,21103
600,2013,2013-04-13,6,10,1,10,Field,10,0,3,218,197,Susan Holmes,Erik Reed,Craig Green,Cloudy,Used,49693
601,2016,2016-05-11,5,3,17,3,Bat,3,69,0,182,113,David Briggs MD,Larry Smith,Casey Mcgee,Rainy,Fresh,18742
602,2020,2020-05-08,3,5,7,3,Bat,3,59,0,128,69,Mr. Jordan Davis,Jacqueline Brooks,Carl Hahn,Clear,Dusty,11428
603,2013,2013-04-27,10,5,18,5,Bat,5,9,0,174,165,Robert Alvarado,Charles Ramos,Pamela Richardson,Rainy,Fresh,15872
604,2012,2012-04-09,2,4,13,4,Bat,2,0,0,130,130,Lori Conrad,Stephanie Peterson,Matthew Mitchell,Humid,Used,64630
605,2019,2019-04-19,2,10,20,2,Field,10,0,0,154,154,Daniel Marsh,Carlos Ruiz,Samantha Carpenter,Cloudy,Dusty,14043
606,2020,2020-05-15,7,4,8,4,Field,4,0,2,194,172,Mark Silva,Brandon Hodges,James Daniels,Clear,Fresh,55024
607,2022,2022-04-04,9,3,16,3,Bat,9,0,0,156,156,Travis Olson,Lori Erickson,Matthew Kim,Rainy,Fresh,40528
608,2021,2021-04-12,1,4,4,4,Field,1,0,0,154,154,Christy Ruiz,Misty Gibson,Sara Atkins,Humid,Used,35683
609,2008,2008-05-15,3,1,16,1,Field,1,0,8,238,166,James Johnson,Antonio Henry,Jennifer Beck,Clear,Fresh,42083
610,2011,2011-05-15,7,6,3,6,Field,6,0,6,253,211,Charles Williams,Peter Myers,Marissa Frey,Humid,Dusty,20464
611,2016,2016-05-19,3,6,18,6,Bat,3,0,0,159,159,Walter Kelly,Dana Jones,Cody Villarreal,Humid,Worn,14838
612,2010,2010-05-06,9,4,2,9,Bat,9,23,0,196,173,Kimberly Mcdonald,John Winters,Joshua Wilson,Humid,Used,23836
613,2016,2016-04-02,8,9,13,9,Field,9,0,7,161,126,Michelle Wood,Krystal Wilson,Lisa Smith,Clear,Fresh,10106
614,2008,2008-04-19,4,2,6,2,Field,2,0,8,232,160,Christine Kane,Laura Higgins,David Carpenter,Clear,Dusty,10070
615,2019,2019-04-22,3,10,17,3,Field,3,0,6,205,145,Amy French,Brittany Molina,Kerry Beasley,Humid,Worn,12747
616,2022,2022-05-21,1,10,18,1,Bat,1,23,0,176,153,Courtney Cervantes,Matthew Barrett PhD,Elizabeth Johnson,Clear,Fresh,21066
617,2017,2017-05-27,1,3,7,3,Field,3,0,4,235,195,Tina Walters,Morgan Beck,Stephanie Reese,Rainy,Dusty,13363
618,2015,2015-04-18,10,8,9,8,Bat,10,0,0,135,135,Brian Acosta,Ricky Jarvis,Jessica Swanson,Cloudy,Dusty,23897
619,2008,2008-05-08,2,10,11,2,Field,10,0,0,162,162,Anthony Delgado,Angela Jones,Jennifer Taylor,Cloudy,Dusty,19909
620,2011,2011-04-27,4,2,12,4,Field,4,0,9,259,160,Gwendolyn Velazquez,Russell Johnson,Mrs. Melissa Nguyen,Humid,Used,22552
621,2022,2022-04-01,7,2,12,2,Bat,7,0,0,164,164,Sarah Robinson,Michael Camacho,Joseph King,Cloudy,Dusty,29846
622,2013,2013-05-29,7,5,19,5,Bat,5,99,0,148,49,Vanessa Davies,Kristy Weiss,Kelly Robinson,Humid,Worn,20278
623,2020,2020-04-10,3,10,4,3,Field,10,0,0,146,146,Roger Kelly,Stephanie Harris,Emily Ruiz,Clear,Used,28433
624,2015,2015-04-10,8,7,2,7,Bat,7,57,0,161,104,Heather Peterson,Mark Fernandez,Susan Bautista,Humid,Worn,15392
625,2019,2019-04-29,1,9,14,1,Bat,1,45,0,184,139,Joy Robinson,George Ochoa,Jessica Dunlap,Clear,Dusty,18390
626,2017,2017-05-15,9,4,3,4,Field,4,0,7,263,200,Laura Newton,Kyle Hubbard,Steven Copeland,Clear,Fresh,16108
627,2020,2020-04-12,6,8,16,8,Field,6,0,0,176,176,Christopher Dominguez,Lawrence Hernandez,Melinda Vasquez,Rainy,Dusty,23351
628,2011,2011-04-13,4,6,7,4,Bat,4,27,0,124,97,Shane Munoz,Taylor Morgan,Joshua Gibbs,Clear,Fresh,11100
629,2018,2018-05-26,2,6,6,2,Field,6,0,0,127,127,Amanda Hardy,Rebecca Bruce,Michele Contreras,Cloudy,Worn,19998
630,2020,2020-05-15,2,7,1,2,Bat,7,0,0,146,146,Michael Miller,Eric Rodriguez,Jamie Brown,Humid,Used,27794
631,2009,2009-05-05,1,9,14,9,Bat,1,0,0,207,207,Jessica Wong,Bethany Acosta,Donna Campbell,Rainy,Worn,37171
632,2011,2011-05-21,4,9,5,4,Bat,4,88,0,172,84,Wendy Lee,Connie Simpson,Jared Strickland,Rainy,Worn,23618
633,2013,2013-04-24,3,9,15,3,Bat,3,44,0,215,171,Jamie Fernandez,Nancy Ballard,Beth Martin,Humid,Dusty,28638
634,2015,2015-04-18,4,3,11,3,Field,3,0,6,230,176,Samantha Wilson,Jackie Garcia,Joseph Hughes,Clear,Dusty,24791
635,2011,2011-04-04,9,10,6,9,Field,9,0,2,137,127,Paul Bell,Michael Knight,Kimberly Jackson,Clear,Worn,12709
636,2015,2015-05-08,3,1,3,1,Bat,3,0,0,194,194,Jodi Bowman,Jennifer Medina,Taylor Buck,Humid,Worn,31156
637,2019,2019-05-23,1,9,6,9,Bat,1,0,0,133,133,Joseph Hines,Timothy Nguyen,Anita White,Cloudy,Worn,28445
638,2017,2017-05-12,2,5,5,5,Field,2,0,0,159,159,Jonathan Mitchell,Paul Silva,Kimberly Clark,Cloudy,Dusty,10674
639,2022,2022-04-14,2,6,8,6,Bat,6,39,0,144,105,Diane Clark MD,Selena Bradford,Keith Lopez,Humid,Worn,60806
640,2016,2016-04-19,7,2,7,2,Bat,2,32,0,217,185,Jason Gilbert,Luke Guerrero,Marcus Sanchez,Humid,Worn,11018
641,2022,2022-05-03,6,10,17,10,Field,6,0,0,215,215,Amber Douglas,Brian Oneal,Marisa Schwartz,Cloudy,Used,24792
642,2023,2023-05-02,6,7,9,7,Bat,6,0,0,131,131,Kara Bautista,Rebecca Bridges,Marcus Ayala,Humid,Worn,25737
643,2016,2016-04-03,8,7,15,8,Field,7,0,0,205,205,Lindsay Escobar,Karen Jackson,David Page,Rainy,Dusty,26040
644,2017,2017-04-07,9,4,11,4,Bat,4,66,0,201,135,David Carney,Daniel Hendrix,Andrea Ross,Humid,Worn,22747
645,2012,2012-04-24,6,9,3,9,Field,9,0,4,178,130,Jeremy Dominguez,Claudia Reyes,Trevor Campbell,Humid,Worn,12030
646,2009,2009-04-23,7,4,10,7,Field,7,0,7,239,176,Amanda Valdez,Brian Herrera,Carrie Williams,Rainy,Worn,28409
647,2015,2015-04-27,7,1,17,1,Bat,1,86,0,125,39,Michael Hanson,Chase Wilson,David Foster,Clear,Worn,26597
648,2015,2015-04-08,7,5,5,5,Field,5,0,5,249,189,Katie Schultz,Jamie Novak,Connie Stafford,Rainy,Used,17472
649,2010,2010-04-14,4,9,9,4,Field,4,0,9,266,212,John Diaz Jr.,Tami Bauer,Harry Guerrero,Clear,Used,24866
650,2021,2021-04-12,8,4,12,4,Bat,4,97,0,181,84,Scott Young,Mandy Burns,Joanna Robertson,Humid,Used,38294
651,2008,2008-04-12,3,2,6,3,Field,3,0,5,260,220,Helen Wiley,Charles Bell,Mary Barrera,Rainy,Used,56844
652,2018,2018-04-18,9,8,2,9,Bat,9,84,0,134,50,Evelyn Evans,David Adams,Alexandria Gillespie,Rainy,Worn,43478
653,2018,2018-04-30,9,5,7,9,Field,9,0,9,218,155,Christine Long,Adam Cook,Donald Cisneros,Clear,Fresh,14218
654,2011,2011-04-29,1,8,20,8,Bat,8,72,0,139,67,Megan Johnson,Alicia Chase,Aaron King,Rainy,Fresh,22964
655,2015,2015-04-29,3,8,1,3,Bat,3,85,0,203,118,Vincent Thornton MD,Austin Martinez,Kristin Williams,Cloudy,Fresh,10658
656,2020,2020-05-03,6,8,4,8,Bat,8,32,0,193,161,Richard Cox,Mason Ray,David Stafford,Rainy,Fresh,49877
657,2010,2010-05-18,7,4,10,7,Bat,4,0,0,143,143,Kenneth Williams,Martha Brown,Melissa Willis,Cloudy,Fresh,65829
658,2013,2013-05-22,6,8,11,6,Bat,8,0,0,124,124,Mr. Robert Smith MD,James Juarez,Ashley Olsen,Humid,Worn,12826
659,2012,2012-04-23,6,2,4,6,Bat,6,32,0,137,105,Jeffrey Sandoval,Morgan Davis,Chase Smith,Rainy,Worn,57920
660,2008,2008-05-27,9,2,16,2,Bat,9,0,0,135,135,Robin West,Tina Liu,Ralph Ibarra,Humid,Dusty,33536
661,2016,2016-05-24,4,5,17,4,Field,5,0,0,163,163,Timothy Jones,Justin Hughes,Brent Smith,Rainy,Worn,11419
662,2019,2019-04-13,10,9,11,9,Field,9,0,2,149,127,Wanda Ruiz,Kayla Cortez,Carl Medina,Rainy,Dusty,40277
663,2018,2018-04-28,4,1,14,1,Field,1,0,1,160,151,Tara Mendez,Michelle Owen,Christine Berg,Humid,Used,35237
664,2008,2008-04-20,9,6,11,9,Field,9,0,4,242,194,Michael Boyd,Mrs. Karen White,Lori Jones,Cloudy,Fresh,29409
665,2023,2023-05-15,3,6,9,6,Bat,3,0,0,122,122,Kenneth Leonard,Alicia Franklin,Adam Carson,Humid,Used,19660
666,2013,2013-04-19,9,10,8,10,Bat,9,0,0,214,214,Shane Grant,Brian Thomas,Heather Lin,Rainy,Dusty,33435
667,2020,2020-05-12,6,1,20,1,Bat,1,89,0,197,108,Elizabeth Harrison,Katherine Stewart,Terrence Gallegos,Cloudy,Worn,13044
668,2012,2012-04-07,10,1,16,1,Bat,10,0,0,189,189,Frank Rios,Douglas Kelley,Emily Hunter,Clear,Fresh,16103
669,2022,2022-05-24,6,10,20,6,Bat,6,42,0,219,177,Molly Ho,Brian Adams,Gregory Rojas,Cloudy,Used,22161
670,2021,2021-04-27,4,10,12,4,Bat,4,2,0,204,202,Jaime Villegas,Bailey Dennis,Andrew Cole,Humid,Fresh,20029
671,2009,2009-05-18,1,8,3,8,Field,1,0,0,148,148,Lisa Gonzalez,Mrs. Tiffany Johnson,Michelle Hartman,Humid,Fresh,25477
672,2011,2011-05-21,3,7,18,7,Bat,7,45,0,124,79,Christopher Thompson,Henry Neal DVM,Robert Allen,Clear,Fresh,10697
673,2014,2014-04-06,8,10,12,10,Field,8,0,0,210,210,Caitlin Hodge,Anna Moore,Lisa Camacho,Humid,Used,31793
674,2021,2021-04-30,1,4,2,1,Bat,1,47,0,213,166,Ronald Williams,Anna Davis,Kyle Lewis,Humid,Worn,16828
675,2019,2019-05-27,8,4,19,4,Bat,4,76,0,175,99,Brian Warren,Jeffrey Short,Katherine Garcia,Clear,Worn,20810
676,2010,2010-04-26,1,9,17,1,Bat,1,27,0,216,189,Jennifer Anderson,Holly Washington,Zachary Le,Cloudy,Worn,18255
677,2023,2023-05-29,2,8,4,2,Bat,8,0,0,140,140,Paul Hines,Anthony Orr,Donna Mullins,Clear,Worn,21000
678,2012,2012-04-18,7,10,6,7,Bat,7,99,0,158,59,Brian Rodgers,Larry Thomas,Mikayla Adams,Humid,Dusty,70554
679,2011,2011-04-09,6,7,16,6,Bat,7,0,0,121,121,Gerald Williams,Vanessa Levine,Mary Davis,Cloudy,Used,20556
680,2019,2019-04-11,4,3,1,4,Field,3,0,0,198,198,Linda Rogers,Laura Cantrell,Katherine Miller,Humid,Dusty,21573
681,2021,2021-04-02,1,6,10,1,Field,1,0,6,187,127,Christina Lee,Pam Mcdonald,Connie Macdonald,Humid,Worn,57071
682,2016,2016-04-09,3,1,6,1,Bat,1,98,0,194,96,Melissa Boyd DDS,Kimberly Maxwell,Roy Carter,Humid,Fresh,59539
683,2020,2020-04-17,9,3,7,3,Bat,9,0,0,144,144,Bianca Mack,Joshua Rose,Laura Williams,Cloudy,Fresh,18810
684,2011,2011-05-04,5,1,12,5,Field,5,0,2,177,163,Shawn Fisher,Heather Brown,Carrie Thomas,Rainy,Dusty,13560
685,2017,2017-05-13,6,2,1,6,Bat,6,20,0,163,143,Michael Kelley,Julie George,Oscar Gillespie,Rainy,Dusty,20505
686,2020,2020-05-07,1,9,20,1,Bat,1,76,0,160,84,Laurie Sanchez,Nicole Frost,Dr. Emily Barrett,Clear,Fresh,26532
687,2022,2022-04-27,4,6,18,4,Bat,4,72,0,154,82,Jamie Barton,Michelle Williams,Monique Glenn,Humid,Worn,18538
688,2021,2021-04-07,9,5,4,9,Bat,9,92,0,134,42,Mr. Jordan Molina MD,Nicole Johnson,Michael Campbell,Humid,Used,62076
689,2016,2016-04-29,2,7,3,7,Field,7,0,5,239,184,Ronald Hopkins,Christopher Mendoza,Crystal Good,Humid,Worn,16869
690,2009,2009-05-18,1,3,7,3,Field,1,0,0,179,179,Jacqueline Carrillo,Melissa Newman,Michael Montgomery,Clear,Dusty,23892
691,2022,2022-04-08,3,1,1,1,Field,1,0,2,187,171,Charlotte Mckenzie,Jared Reed,Christopher Thomas,Rainy,Fresh,20653
692,2008,2008-05-18,7,2,19,7,Field,7,0,4,229,205,Marcus Ayers,David Edwards,Stephanie Ferguson,Cloudy,Worn,20814
693,2010,2010-05-19,7,5,19,5,Field,7,0,0,136,136,Timothy Smith,Christopher Fry,Alan Bradley,Clear,Used,14008
694,2014,2014-04-16,6,1,1,6,Field,1,0,0,168,168,Daniel Jones,Nicole Mcneil,Sarah Davis,Clear,Used,51755
695,2023,2023-04-27,3,10,14,10,Field,10,0,1,184,174,Nicholas Thompson,Kenneth Moore,Virginia Smith,Rainy,Used,33957
696,2014,2014-05-10,1,8,10,1,Bat,1,13,0,124,111,Luis Nelson,Debra Sawyer,Victor Pham,Humid,Fresh,27612
697,2015,2015-05-26,10,8,7,8,Bat,10,0,0,169,169,Aaron Bryant,Mr. Gregory Robbins,Kathryn Peters,Rainy,Fresh,12740
698,2020,2020-04-18,1,2,4,2,Bat,1,0,0,194,194,Terry Roberts,Jodi Thompson,Paula Decker,Humid,Dusty,64450
699,2017,2017-05-03,10,6,20,6,Bat,6,57,0,133,76,Adam Chen,Michele Edwards,Sara Hawkins,Rainy,Dusty,23224
700,2021,2021-05-06,9,3,10,9,Field,9,0,9,255,147,Victoria Lindsey,Jennifer Koch,Pamela Marsh,Clear,Fresh,24318
701,2014,2014-05-15,3,6,13,6,Bat,3,0,0,171,171,Jeffrey Davis,James Elliott,Daniel Leonard,Clear,Fresh,34704
702,2008,2008-05-23,6,10,20,10,Field,6,0,0,213,213,Katherine Jones,John Nielsen,Julie Wilson,Clear,Used,17371
703,2015,2015-05-16,7,5,11,7,Field,5,0,0,158,158,Kevin Brennan,Rodney Russell,Corey Diaz,Rainy,Fresh,42481
704,2009,2009-04-28,7,4,4,4,Field,7,0,0,167,167,Stephen Grant,Samuel Colon,Nancy Little,Clear,Dusty,19270
705,2014,2014-05-24,1,3,9,1,Field,1,0,1,148,136,Tricia Cole,Jessica Cummings,Mrs. Breanna Pace,Rainy,Worn,12675
706,2022,2022-05-08,8,5,18,5,Bat,8,0,0,175,175,Sherry Williams,Gail Powell,Jessica Harmon,Cloudy,Fresh,12615
707,2017,2017-05-12,8,9,1,9,Bat,8,0,0,155,155,Wesley Mills,Dr. Timothy Brooks DDS,Catherine Haynes,Cloudy,Dusty,38248
708,2014,2014-05-01,7,6,3,6,Field,6,0,5,177,147,Jeremy Walker,Alexander Bauer,Mitchell Lopez,Clear,Used,36125
709,2017,2017-04-27,2,7,19,2,Field,2,0,4,248,200,Joseph Hernandez,Andrew Huang,Lindsey Stanley,Rainy,Worn,21847
710,2019,2019-04-15,9,4,8,9,Bat,4,0,0,138,138,Johnny Walker,Ashley Douglas,Ryan Jones,Humid,Worn,55599
711,2008,2008-05-13,3,10,19,10,Bat,3,0,0,142,142,Michael Farrell,Angela Thompson,Paul Wang,Clear,Worn,21880
712,2022,2022-04-25,7,2,12,2,Bat,2,67,0,160,93,Brandon Fletcher,Jennifer Wilson,Kevin Garcia,Rainy,Worn,21825
713,2010,2010-04-27,5,3,5,5,Bat,5,95,0,185,90,Kathryn Edwards,Kelly Woods,Scott Lewis,Humid,Worn,19240
714,2018,2018-05-25,6,4,10,4,Bat,4,28,0,203,175,Teresa Tucker,Jeremy Brown,Jessica Walter,Humid,Fresh,20820
715,2014,2014-05-28,8,1,8,1,Bat,8,0,0,186,186,Bruce Cain,Charles Reilly,Brian Duran,Clear,Used,18168
716,2023,2023-04-29,9,3,10,9,Field,9,0,3,174,153,Stephanie Stevens,Tyler Jones,Amy Sims,Clear,Used,17401
717,2016,2016-04-26,9,8,17,8,Field,9,0,0,130,130,Daniel Castillo,David Williamson,Patricia Hanna,Clear,Dusty,31829
718,2011,2011-05-05,4,9,4,9,Field,9,0,9,220,130,Stephen Martin,Lori Moran,Donald Smith,Clear,Dusty,62820
719,2017,2017-04-16,2,7,18,2,Bat,7,0,0,133,133,Emily Reese,James Holder,Kylie Bell,Clear,Fresh,13261
720,2013,2013-05-03,3,6,18,6,Bat,6,64,0,181,117,Kaylee Clayton,James Potter,Tiffany Dougherty,Humid,Worn,15868
721,2009,2009-04-15,7,9,19,7,Field,9,0,0,125,125,Mr. Christopher Gilbert,Julie Carroll,Stacy Hill,Rainy,Used,13249
722,2023,2023-05-28,10,7,17,7,Bat,7,80,0,179,99,Jonathan Petersen,Rachel Maxwell,Miguel Cox,Rainy,Used,19866
723,2009,2009-04-16,7,9,7,9,Bat,7,0,0,136,136,Tony Hernandez,Annette Watson,Wanda Rubio,Cloudy,Dusty,15095
724,2012,2012-05-06,9,2,6,9,Bat,9,54,0,203,149,Jacqueline Ellis,William Carter,John Cooper,Clear,Dusty,37553
725,2010,2010-05-10,4,6,11,6,Bat,6,93,0,147,54,Kathy Lynch,Sarah Wilson,Kristin Cox,Cloudy,Dusty,14056
726,2009,2009-04-05,4,1,15,4,Bat,1,0,0,148,148,Chris Cisneros,Hannah Brown,Nicole Perez,Rainy,Dusty,19801
727,2012,2012-04-09,2,7,12,7,Bat,2,0,0,139,139,Joshua Sawyer,Brandon Cantrell,Patricia Pierce,Humid,Dusty,40327
728,2021,2021-04-13,2,10,14,10,Bat,2,0,0,120,120,Jonathan Rodriguez,Lori Brown,Matthew Adams,Clear,Used,17111
729,2018,2018-05-28,3,4,12,3,Bat,3,37,0,212,175,Richard Rosales,Jennifer Kelly,Jodi Miller,Clear,Worn,33448
730,2014,2014-05-30,4,9,10,9,Bat,9,60,0,165,105,Jonathan Cook,Jennifer Padilla,Christine Marsh,Cloudy,Fresh,10713
731,2021,2021-04-03,1,3,8,3,Bat,1,0,0,130,130,Megan Russell,Doris Peck,Douglas Montgomery,Clear,Worn,74334
732,2013,2013-05-23,3,7,6,3,Field,3,0,6,222,156,Jessica Drake,Melissa Nolan,Ricardo Cox,Rainy,Dusty,19034
733,2008,2008-04-13,10,5,9,10,Bat,10,72,0,201,129,Amy Summers,Barbara Underwood,Charles Taylor,Clear,Dusty,12318
734,2016,2016-04-12,5,1,15,5,Field,1,0,0,217,217,Jennifer Tate,Samantha Bowers,Paula Brown,Rainy,Worn,10457
735,2011,2011-05-26,5,1,4,1,Bat,5,0,0,212,212,Michael Hubbard,Olivia Sheppard,Andrea Villanueva,Humid,Dusty,10239
736,2009,2009-04-24,6,9,18,6,Field,6,0,9,193,121,Michael Hurst,Frances Perry,Kimberly Bennett,Cloudy,Worn,22870
737,2009,2009-04-26,10,7,2,7,Field,10,0,0,132,132,Zachary Hernandez,Matthew Logan,Patricia Watson,Humid,Worn,18823
738,2021,2021-04-02,3,9,7,3,Bat,9,0,0,130,130,Daniel Miller,Bailey Silva,Matthew Morgan,Cloudy,Dusty,14051
739,2017,2017-05-08,7,9,8,7,Field,9,0,0,120,120,Aaron Guzman,Donald Powers,Amy Mcintyre MD,Cloudy,Used,48211
740,2017,2017-04-23,2,7,11,7,Bat,2,0,0,156,156,Kevin Moore,Ricky Rios,Riley Day,Cloudy,Dusty,14460
741,2022,2022-04-10,1,10,2,1,Field,10,0,0,215,215,Melissa Sims,Brian Patrick,Angel Mccoy,Cloudy,Fresh,22170
742,2022,2022-05-24,2,9,3,2,Bat,2,53,0,185,132,Jamie Edwards,Warren Walters,Kathleen Chen,Humid,Dusty,28738
743,2008,2008-05-16,8,1,20,8,Bat,1,0,0,124,124,Joshua Peterson,Makayla Gonzales,David Wall,Clear,Used,19060
744,2018,2018-05-31,4,3,16,3,Field,3,0,4,185,141,Joseph Cortez,Jamie Mcgrath,Jason Walker,Clear,Used,22341
745,2015,2015-04-10,6,3,18,3,Field,3,0,7,192,143,Daniel Wilson,Teresa Miller,Jennifer Ramirez,Cloudy,Used,10777
746,2017,2017-04-11,5,9,17,5,Bat,5,75,0,134,59,Joshua Johnson,Eric Williams,Abigail Thompson,Cloudy,Worn,36767
747,2022,2022-04-11,2,7,16,7,Field,2,0,0,163,163,Wayne Williams,Robert Cortez,Jeffrey Walker,Clear,Dusty,18786
748,2021,2021-05-10,2,4,1,4,Field,2,0,0,186,186,James Hernandez,David Robinson,Rhonda Blevins,Cloudy,Dusty,16532
749,2016,2016-04-28,9,3,17,3,Field,3,0,4,173,149,Shannon York,Alexandra Pace,Carol Carney,Cloudy,Dusty,33569
750,2015,2015-04-02,8,1,1,8,Field,8,0,3,221,203,Ryan Berry MD,Sean Pierce,Martin Fuentes,Rainy,Fresh,18343
751,2014,2014-05-17,5,4,4,4,Bat,4,18,0,192,174,Kevin Jensen,Kimberly Brown,Alyssa Lopez,Clear,Fresh,61296
752,2021,2021-04-27,6,10,19,6,Field,10,0,0,187,187,John Johnson,Patrick Mills,Joel Vang,Cloudy,Worn,11869
753,2023,2023-05-27,7,2,4,7,Bat,7,82,0,200,118,Jason Michael,Carol Calderon,George Evans,Cloudy,Dusty,33548
754,2020,2020-05-11,4,6,9,6,Bat,6,6,0,137,131,Brian Dean,Jason Price,Mrs. Cassidy Thomas,Humid,Worn,26055
755,2020,2020-04-25,2,8,18,8,Field,2,0,0,175,175,John Brown,Erin Kelly,Angie Mcknight,Rainy,Used,14608
756,2017,2017-04-28,5,7,8,5,Bat,7,0,0,132,132,Nicole Gallegos,Cynthia Fox,Ryan Stuart,Clear,Used,31845
757,2011,2011-05-11,10,1,1,10,Bat,10,31,0,217,186,Matthew Steele,Sarah Crawford,Lisa Crawford,Rainy,Used,23665
758,2010,2010-05-04,4,7,3,4,Bat,7,0,0,190,190,Robert Brown,Valerie Carrillo,Alyssa Perry,Clear,Worn,29889
759,2008,2008-04-24,10,2,6,2,Bat,2,3,0,199,196,Paul Sherman,Danny Mueller,Jane Perkins,Rainy,Dusty,46578
760,2022,2022-05-29,2,5,3,2,Bat,2,80,0,211,131,Jesus Matthews,Barbara Wheeler,Kathleen Price,Rainy,Used,27119
761,2016,2016-05-08,10,7,16,7,Bat,10,0,0,188,188,Ashley Douglas,Jacqueline Williams,Theresa Boone,Humid,Used,29246
762,2018,2018-04-22,1,8,9,8,Bat,8,17,0,184,167,Jessica Lopez,Katie Stevens,Teresa Garcia,Cloudy,Worn,17686
763,2020,2020-05-05,2,6,6,2,Bat,2,82,0,133,51,Jennifer Campbell,William Wilson,James Boyd,Rainy,Used,50035
764,2011,2011-04-27,8,2,6,2,Bat,2,85,0,139,54,Latasha Gonzales,Daniel Greene,Joseph Martinez,Cloudy,Dusty,67065
765,2009,2009-05-04,7,8,20,7,Field,8,0,0,146,146,Jasmine Diaz,William Henderson,Jonathan Daugherty,Clear,Used,20316
766,2021,2021-04-29,7,4,9,7,Bat,7,11,0,211,200,Deborah Barnett,Sarah Kelley,Gabrielle Schmidt,Humid,Used,17921
767,2021,2021-05-18,3,8,9,3,Field,3,0,8,223,143,Ashley Rogers,Joyce Murphy,Teresa Taylor,Rainy,Dusty,17310
768,2012,2012-05-19,4,6,18,6,Field,4,0,0,191,191,Rebecca Washington,Olivia Rice,Jeremy Collins,Cloudy,Used,24399
769,2021,2021-04-07,3,9,14,9,Bat,9,66,0,170,104,Brian Snyder,Angela Oconnor,Candice Martin,Humid,Used,16136
770,2008,2008-04-29,9,7,15,9,Bat,9,26,0,178,152,Frank Stewart,John Graham,Kimberly Johnston,Humid,Fresh,27842
771,2009,2009-04-20,6,1,16,1,Field,1,0,4,201,177,Heather White,Joseph Rich,Jonathan Bell,Cloudy,Fresh,41508
772,2008,2008-05-02,1,5,5,1,Field,1,0,1,143,138,Karina Green,Rachel Shea,Ashley White MD,Cloudy,Fresh,25877
773,2009,2009-05-22,6,7,13,6,Field,6,0,4,149,121,Elizabeth Allen,Lisa Martinez,Keith Butler,Humid,Dusty,24083
774,2019,2019-05-08,9,3,1,9,Field,9,0,1,129,124,Courtney Clements,Ralph Gonzalez,Johnny Thomas DDS,Humid,Worn,44081
775,2020,2020-05-24,4,7,2,4,Field,7,0,0,147,147,Miranda Martinez,Mike Edwards,Shawn Medina,Clear,Dusty,39158
776,2015,2015-05-28,2,1,20,2,Field,1,0,0,173,173,Charles Turner,Chelsea Chapman,Matthew Skinner,Rainy,Used,11318
777,2017,2017-04-17,8,7,2,8,Field,7,0,0,198,198,Laura Jimenez,Whitney Valdez,Austin Burns,Cloudy,Used,37993
778,2017,2017-05-01,5,9,18,9,Bat,5,0,0,167,167,Philip Combs,Melissa Oliver,Carolyn Flores,Clear,Worn,14382
779,2011,2011-04-07,3,4,14,3,Bat,3,22,0,144,122,Scott Owens DDS,Robin Mann,Nicholas Johnson,Clear,Fresh,29146
780,2023,2023-05-03,4,5,9,4,Field,5,0,0,141,141,Danny Gregory,Nicole Cook,Lisa Reese,Cloudy,Used,30886
781,2015,2015-05-25,7,6,3,6,Field,7,0,0,140,140,Brian Barrera,Brett Parrish,Renee Craig,Humid,Dusty,33353
782,2022,2022-05-11,2,1,2,1,Field,1,0,1,143,131,Robert Anthony,Brandon Bean,Felicia Smith,Clear,Worn,33556
783,2019,2019-04-24,9,3,20,3,Field,3,0,5,165,135,Jillian Garcia,Tracie Davis,Terry Carrillo,Rainy,Used,12605
784,2023,2023-04-10,4,1,17,1,Field,1,0,9,254,155,Kurt Carlson,Anthony Moreno,Stephen Williams,Humid,Dusty,51202
785,2012,2012-04-30,6,2,3,6,Field,6,0,4,213,181,Ronald Montgomery,Mercedes Watson,Jessica Douglas,Rainy,Dusty,35095
786,2022,2022-05-09,6,2,6,6,Bat,6,61,0,185,124,Mary Martin,Rita Watson,Victoria Mcdonald,Cloudy,Worn,39377
787,2021,2021-05-01,10,6,9,6,Bat,6,40,0,170,130,Sherry Davis,Jennifer Miranda,Rebecca Newman,Humid,Fresh,32304
788,2020,2020-04-25,5,7,5,7,Bat,5,0,0,189,189,Lisa Booker,Dale Cook,Cody Fleming,Clear,Dusty,16684
789,2016,2016-05-03,2,4,14,2,Bat,4,0,0,153,153,Rebecca Moyer,Katie Gonzalez,Beth Johnson,Cloudy,Fresh,42947
790,2017,2017-05-08,10,7,17,10,Bat,10,71,0,133,62,Christopher Christian MD,David Klein,Haley Marshall,Clear,Dusty,57249
791,2017,2017-05-23,10,4,3,10,Field,10,0,5,204,149,Michael Glass,Brenda Wise,Donald Garza,Rainy,Fresh,16781
792,2012,2012-05-11,4,3,12,3,Bat,4,0,0,132,132,Lauren Mckee,Anna Floyd,Kyle Campos,Clear,Dusty,37111
793,2013,2013-04-10,1,4,5,1,Field,1,0,4,233,201,Ebony Jensen,Teresa Bonilla,Natasha Brown,Clear,Fresh,16187
794,2011,2011-05-01,1,6,7,1,Bat,1,24,0,128,104,Justin Middleton,Timothy Anderson,Michelle Mcdonald,Clear,Fresh,22903
795,2009,2009-05-24,1,10,18,10,Bat,10,84,0,206,122,Kevin Price,Mrs. Alyssa Gonzalez,Miss Dana Cohen,Rainy,Worn,16806
796,2015,2015-05-24,5,4,8,4,Bat,5,0,0,197,197,William Simpson,Aaron Ball,Patricia White,Humid,Worn,72425
797,2021,2021-04-23,8,1,1,1,Bat,1,33,0,138,105,Kylie Ferguson,Kristen Moore,Paul Moran,Humid,Dusty,31269
798,2017,2017-05-09,1,3,2,1,Field,1,0,2,141,131,Charles Clark,Michael Fisher,Jamie Alvarado,Humid,Used,24653
799,2023,2023-04-11,6,5,1,5,Bat,6,0,0,154,154,Anne Gonzalez,Roger Barry,Melissa Morrison,Clear,Dusty,21193
800,2015,2015-05-10,1,3,2,3,Bat,1,0,0,155,155,James Steele,Jerry Ramirez,Timothy Schneider,Cloudy,Worn,21279
1,2017,2017-04-06,9,2,12,9,Field,9,0,6,250,178,Shannon Smith,Dylan Harris,Kristine Campbell,Cloudy,Worn,27256
2,2008,2008-04-24,8,3,8,8,Field,3,0,0,151,151,Kristy Bright,Geoffrey Brown,Jessica Taylor,Clear,Dusty,26162
3,2012,2012-04-03,7,1,19,1,Field,1,0,9,269,170,Catherine Carpenter,Francis Brown,Anne Little,Clear,Dusty,13491
4,2008,2008-05-01,5,6,2,5,Bat,6,0,0,185,185,Elizabeth Lucas,Angela Peterson,Megan Andrade,Humid,Dusty,28733
5,2012,2012-04-16,3,2,16,3,Field,3,0,5,193,143,Jennifer Nicholson,Elizabeth Shannon,Robert Wagner,Humid,Used,37934
6,2015,2015-05-02,9,7,5,7,Field,7,0,8,258,162,Jordan Bolton,Natalie Reeves,Ruben Mitchell,Clear,Dusty,19125
7,2016,2016-05-22,4,2,12,4,Field,2,0,0,142,142,Christopher Davidson,Bradley Walker,Kiara Hartman,Humid,Worn,12362
8,2022,2022-05-01,8,7,5,8,Bat,8,25,0,184,159,Clayton Newton,Chad Green,Ryan Blanchard,Humid,Fresh,16728
9,2009,2009-05-17,7,1,17,1,Field,1,0,7,262,220,Nicole Oneill,Melissa Smith,Mark Martin,Rainy,Fresh,14169
10,2011,2011-04-09,7,2,16,2,Field,2,0,9,235,181,Brandy Mccoy,Carl Garza,Charles Burnett,Rainy,Dusty,42143
11,2022,2022-05-05,4,10,3,10,Field,10,0,5,217,167,Michael Hernandez,Christina Hill,Devin Garcia,Cloudy,Used,20953
12,2023,2023-04-13,7,1,1,7,Bat,1,0,0,170,170,William Paul,Pamela Hughes,Austin Williams,Humid,Dusty,53006
13,2008,2008-05-02,8,1,1,8,Field,8,0,6,223,181,Russell Garcia,Donald Clark MD,Julie Perry,Rainy,Fresh,16245
14,2022,2022-04-12,8,9,7,9,Field,8,0,0,209,209,Morgan Moore,Todd Freeman,Caitlin James,Humid,Used,20804
15,2021,2021-04-28,7,6,1,6,Field,6,0,8,248,200,Shawn Armstrong,Jeffrey Griffith,Linda Kane,Clear,Dusty,29293
16,2023,2023-04-12,2,5,4,5,Bat,5,47,0,169,122,James Sanders,Annette Morales,Tammy Morgan,Humid,Dusty,60027
17,2008,2008-04-03,7,3,13,7,Bat,3,0,0,173,173,Mr. Mark Smith MD,Gregory Anderson,Erica Collins,Rainy,Used,42654
18,2008,2008-05-20,7,10,14,10,Bat,7,0,0,159,159,Nicholas Spencer,Megan Mckinney,Luis Carey,Clear,Dusty,10073
19,2008,2008-04-20,4,5,10,4,Field,5,0,0,151,151,Catherine Taylor,Kyle Murphy,Suzanne King,Clear,Fresh,65514
20,2012,2012-04-17,3,10,6,10,Bat,10,45,0,162,117,Robert Smith,Jared Brown,Matthew Rodriguez,Rainy,Used,67003
21,2016,2016-04-21,2,10,2,10,Bat,10,70,0,125,55,Meagan Davis,Daniel Fitzpatrick,Ashley Cameron,Rainy,Used,25203
22,2021,2021-04-21,9,5,12,9,Bat,5,0,0,130,130,Lisa Hooper,Edward Jones,Laura Leon,Clear,Worn,13117
23,2019,2019-04-07,8,5,2,8,Field,8,0,8,272,176,Lisa Wilson,James Burns,Steven Anthony,Cloudy,Used,16531
24,2012,2012-04-14,6,4,1,6,Field,6,0,9,258,177,Michael Barnes,Christina Gonzalez,Sarah Graham,Humid,Worn,12854
25,2010,2010-04-13,1,3,1,1,Bat,3,0,0,185,185,Yvette Carey,Brittany Martinez DDS,Heather Rivera,Cloudy,Worn,47239
26,2017,2017-05-20,10,9,9,10,Bat,9,0,0,199,199,Christine Olson PhD,Ashley Evans,Justin Curry,Clear,Used,36122
27,2020,2020-05-23,10,8,2,8,Field,8,0,6,221,191,Terri Smith,Amy Warren,Mark Peters,Rainy,Dusty,23972
28,2018,2018-05-21,4,5,11,5,Bat,5,15,0,217,202,Russell Bryant,Marissa Rodriguez,Charles Green,Clear,Used,35232
29,2013,2013-05-20,3,8,11,3,Bat,3,60,0,207,147,Brittany Cox,Lisa Allen,Jimmy Harrison,Rainy,Used,29661
30,2008,2008-05-06,9,5,19,5,Bat,5,39,0,204,165,Janet Reid,William Smith,Michelle Norman,Cloudy,Worn,11381
31,2020,2020-04-07,6,3,3,3,Bat,3,85,0,138,53,Angela Ware,Jeffrey Hendrix,Tammy Curtis,Clear,Dusty,32446
32,2019,2019-05-16,8,1,8,8,Field,8,0,9,257,212,Joshua Hoffman,Erin Smith,Manuel Hernandez,Cloudy,Worn,42234
33,2018,2018-05-31,2,7,8,2,Bat,7,0,0,187,187,Amber Burgess,Ashley Scott,Gina Sawyer,Cloudy,Fresh,73219
34,2018,2018-05-01,6,4,13,6,Bat,6,48,0,139,91,Tiffany Barnes,Heather Young,Charles Floyd,Humid,Worn,35046
35,2020,2020-05-22,4,3,9,3,Field,3,0,7,223,139,Amanda Herman,Chad Fields,Justin May,Clear,Worn,16840
36,2022,2022-04-24,4,10,20,4,Field,10,0,0,188,188,Ashley Martin,Tiffany Jones,Janice Galloway,Humid,Fresh,24720
37,2017,2017-05-07,10,6,10,6,Field,6,0,4,234,214,Joseph Mcmillan,Cheryl Palmer,Teresa Kemp,Rainy,Worn,11865
38,2022,2022-04-19,7,1,10,7,Field,1,0,0,220,220,Keith Joyce,Daniel Thomas,Jacob Patrick,Clear,Used,52342
39,2016,2016-04-16,6,10,6,10,Bat,6,0,0,150,150,Mark Welch,Tracey Barker,Kathleen Gonzalez,Cloudy,Used,24786
40,2021,2021-04-29,10,4,13,4,Bat,4,75,0,143,68,Michael Smith,Jamie Phillips PhD,Kimberly Wilson,Humid,Worn,35069
41,2011,2011-04-23,1,7,4,7,Field,7,0,4,161,137,Sara Sanchez,Ashley Flores,Kyle Freeman,Humid,Used,23644
42,2018,2018-05-30,5,6,4,6,Field,6,0,9,225,153,Lee Brown,Edward White,Robert Shepherd,Cloudy,Fresh,26620
43,2009,2009-04-21,10,7,16,7,Bat,10,0,0,131,131,Jordan Quinn,Anthony Cox,Paula Taylor,Cloudy,Dusty,34064
44,2023,2023-04-26,3,4,11,3,Field,3,0,3,228,192,Derrick Martin,Jillian Simmons,Jason Fowler,Rainy,Used,47208
45,2022,2022-05-25,7,8,12,8,Bat,7,0,0,120,120,Ashley Jones,Rebecca Nelson,Christina Simon,Clear,Fresh,14480
46,2011,2011-05-03,7,2,15,7,Field,7,0,3,195,168,Emily Ferguson DDS,Peter Owens,Angela Flores,Clear,Worn,37501
47,2008,2008-04-14,10,2,5,2,Bat,10,0,0,130,130,Maria West,Benjamin Buchanan,Francisco Lyons,Humid,Used,26944
48,2009,2009-04-23,8,7,17,7,Field,7,0,9,235,127,Wendy Jenkins,Brian Ross,Valerie Taylor,Humid,Used,45124
49,2015,2015-04-26,6,2,2,6,Field,2,0,0,186,186,Jaime Martin,David Garcia,Erin Tran,Humid,Used,19013
50,2008,2008-05-16,4,7,5,7,Bat,7,62,0,138,76,Gabrielle Hoffman,Kelly Fitzgerald,Peter Griffith,Rainy,Dusty,18765
51,2012,2012-05-10,4,6,7,6,Bat,4,0,0,173,173,Tammy Reed,James Koch,John Harris,Rainy,Used,14234
52,2008,2008-04-16,5,9,19,5,Bat,5,39,0,176,137,Timothy Williams,James Hicks,Carla Smith,Cloudy,Used,13954
53,2010,2010-05-13,10,9,12,10,Field,10,0,2,178,156,Albert Patterson,Leslie Williams,Sheila Curry,Cloudy,Worn,39539
54,2018,2018-04-05,4,5,4,5,Field,4,0,0,185,185,James Young,Kaylee Torres,Tristan Leonard,Humid,Worn,26094
55,2012,2012-05-22,4,1,10,1,Field,4,0,0,138,138,Lisa Cruz,Thomas Estes,Robert Kennedy,Clear,Dusty,41599
56,2010,2010-04-06,6,3,18,6,Bat,6,59,0,156,97,Justin Serrano,Catherine Morrison,Ashley Carroll,Humid,Used,23110
57,2014,2014-05-04,7,2,7,7,Bat,7,67,0,128,61,Melinda Heath,Chelsea Thornton,Lisa Butler,Humid,Fresh,20984
58,2013,2013-04-18,1,7,16,7,Bat,1,0,0,124,124,Leah Thomas,Roger Rodriguez,Cindy White,Rainy,Worn,18047
59,2012,2012-05-16,9,2,8,2,Bat,2,71,0,170,99,Teresa Foley,Amy Wilson,Kelly Williams,Rainy,Worn,63814
60,2013,2013-04-13,10,1,6,10,Bat,1,0,0,164,164,Darlene Reid,Brian Murphy,Robin Davidson,Rainy,Used,65661
61,2011,2011-04-17,7,9,13,9,Bat,9,72,0,146,74,Derek Curry,Jeremy Martinez,Sherry Peters,Cloudy,Dusty,18256
62,2023,2023-04-11,1,5,6,1,Bat,5,0,0,214,214,Jennifer Tucker,Tyler Barr,Blake Acevedo,Clear,Fresh,39274
63,2022,2022-04-21,8,7,17,8,Bat,7,0,0,134,134,Edward Velez,Alexander Miller,Phillip Mccormick,Humid,Used,39760
64,2010,2010-04-01,2,6,15,6,Bat,6,62,0,157,95,Chad Roy,Kiara Anderson,Daniel Glover,Clear,Used,23090
65,2021,2021-05-13,9,1,13,1,Field,1,0,6,189,159,Louis Ryan,Zachary Johnson,Sara Mccoy,Rainy,Used,50564
66,2019,2019-05-28,2,10,12,2,Field,10,0,0,160,160,Jason Herring,Jordan Mathis,Christopher Patterson,Cloudy,Worn,34866
67,2014,2014-04-30,10,2,9,10,Bat,2,0,0,154,154,Nancy Sampson,Aaron Doyle,Shannon Taylor,Cloudy,Dusty,23821
68,2018,2018-04-27,10,5,2,5,Field,10,0,0,219,219,Angelica Clark,Alexa Williams,John Green,Clear,Fresh,30907
69,2014,2014-05-19,2,7,15,2,Bat,7,0,0,158,158,Angela Orr,Nicole Cervantes DDS,Rebecca Washington,Cloudy,Dusty,32562
70,2014,2014-04-13,9,8,3,9,Bat,9,97,0,139,42,Kenneth Phillips,Albert Rosales,Stephen Yang,Cloudy,Used,29715
71,2010,2010-05-13,6,10,10,10,Field,10,0,9,251,188,Jesse Smith,Mr. Melvin Blevins,Whitney Perez,Humid,Dusty,71134
72,2023,2023-04-25,9,7,5,9,Bat,9,59,0,170,111,Brandon Cooper,Stephanie Curtis,Paula Lara,Cloudy,Dusty,17149
73,2012,2012-05-09,5,4,18,4,Field,5,0,0,133,133,Adrian James,Shirley Mata,Alyssa James,Clear,Dusty,20565
74,2009,2009-04-25,4,10,4,10,Field,4,0,0,192,192,Luke Daniel,Randy Lara,Derek Callahan,Cloudy,Dusty,35385
75,2014,2014-05-22,8,9,3,8,Field,8,0,5,194,149,Carl Ramirez,Sarah Chapman,Kelly King,Rainy,Worn,30126
76,2012,2012-04-03,8,10,2,10,Bat,8,0,0,137,137,Michael Kim,Matthew Ochoa,Lisa Perry,Humid,Dusty,44238
77,2022,2022-05-18,9,7,1,7,Bat,7,60,0,120,60,Pam Tanner,Christopher Allen,Jeffrey Robinson,Rainy,Used,26475
78,2015,2015-05-13,3,4,7,4,Field,4,0,2,175,151,Christopher Casey,Greg Farmer,Joanna Tate,Cloudy,Dusty,19932
79,2010,2010-05-27,6,1,11,6,Bat,1,0,0,211,211,Robert Johnson,Julie Mullen,Laura Rodriguez,Cloudy,Used,15147
80,2013,2013-05-07,5,6,11,5,Bat,6,0,0,135,135,Jose Johnson,Frank Farmer,Cassandra Estrada,Humid,Used,17918
81,2014,2014-05-28,9,2,1,2,Field,2,0,8,207,127,Tracy Montgomery,Brent Ramos,Jane Allen,Rainy,Worn,33724
82,2013,2013-05-25,6,1,9,1,Bat,6,0,0,184,184,Tonya Coleman,Nicholas Cohen,Laura Marshall,Rainy,Used,24183
83,2019,2019-05-17,6,2,20,2,Field,6,0,0,198,198,Elizabeth Stewart,John Black,Tammy Martin,Cloudy,Fresh,26761
84,2017,2017-05-01,10,1,1,1,Field,10,0,0,143,143,Sarah Thompson,Robert Adams,Jennifer Snyder,Humid,Worn,24022
85,2014,2014-04-08,1,9,12,9,Bat,9,77,0,219,142,Matthew Aguilar,Felicia Galloway,Dana Beck,Clear,Used,21012
86,2023,2023-04-07,1,7,16,7,Bat,7,37,0,196,159,Joshua Edwards,Julia Hayden,David Mercado,Clear,Dusty,27228
87,2013,2013-04-18,4,6,4,6,Field,6,0,3,198,183,James Smith DDS,Cameron Harvey,Jennifer Jenkins,Humid,Fresh,56302
88,2012,2012-05-26,8,9,17,8,Field,9,0,0,179,179,Kimberly Jacobs,Donna Kirby,Samuel Petersen,Humid,Fresh,10423
89,2017,2017-04-03,1,10,9,10,Field,1,0,0,146,146,Scott Barker,Joshua Martin,Lindsey Fitzgerald DDS,Rainy,Dusty,29537
90,2022,2022-04-16,1,4,2,1,Field,1,0,2,230,210,Shawna Fletcher,Bradley Lopez,Amber Rhodes,Clear,Fresh,20105
91,2011,2011-04-26,8,4,14,4,Bat,8,0,0,202,202,Kimberly Graham DVM,Wanda Evans,Dillon Hall,Clear,Worn,24629
92,2022,2022-04-19,7,8,12,7,Field,8,0,0,153,153,Carl Smith,Samantha Rollins,Lauren Daniels,Cloudy,Used,36586
93,2021,2021-05-21,7,3,15,7,Bat,3,0,0,123,123,Scott Green,William Young,Troy Hurst,Humid,Worn,28237
94,2020,2020-05-17,1,2,13,2,Bat,1,0,0,207,207,Desiree Preston,Alexander Gonzalez,Stephen Carey,Rainy,Worn,33129
95,2020,2020-04-07,3,2,17,3,Field,2,0,0,150,150,Cynthia George,Brent Rivera,Karen King,Rainy,Worn,11511
96,2012,2012-05-01,7,10,10,10,Bat,10,67,0,196,129,Lisa Mitchell,Tina Charles,Adam Gonzalez,Rainy,Worn,50478
97,2011,2011-04-26,8,3,14,8,Bat,3,0,0,132,132,Jennifer Hurley,Brian Vasquez,Jason Hunt,Cloudy,Dusty,22537
98,2015,2015-05-26,10,2,16,10,Field,2,0,0,168,168,Elizabeth Anderson,Joel Berg,Michael Jones,Clear,Worn,38275
99,2015,2015-05-10,7,10,2,10,Field,10,0,6,183,135,Cindy Wilkinson,Lauren Haney,Elizabeth Miller,Cloudy,Fresh,37580
100,2019,2019-04-23,5,8,4,5,Field,5,0,1,154,148,Tonya Carey,Jonathon Ross,Danielle White,Clear,Fresh,65121
101,2021,2021-05-17,9,10,14,10,Field,10,0,2,216,196,Gregory Bray,Jasmine Washington,Michelle English,Clear,Worn,29233
102,2011,2011-04-10,7,3,14,7,Field,3,0,0,191,191,Nicole Browning,Anthony Henderson,Amber Patterson,Cloudy,Used,39916
103,2010,2010-04-18,10,2,15,2,Field,2,0,4,221,173,Paul Solomon,James Mcintosh,Tyrone Sanchez,Clear,Fresh,34331
104,2015,2015-05-18,9,7,14,7,Field,7,0,4,201,169,Doris Erickson,Tiffany Miller,Charles Klein,Cloudy,Fresh,36245
105,2008,2008-05-25,4,9,5,9,Field,9,0,9,211,130,Jeremy Taylor,Thomas Conley,Carolyn Weaver,Rainy,Fresh,13056
106,2011,2011-05-03,9,3,15,9,Field,9,0,6,245,191,James Grant,Gail Gibbs,Kevin Ross,Rainy,Used,29837
107,2008,2008-04-14,5,4,10,4,Field,4,0,1,182,174,Morgan Atkins,Betty Mullen,Kayla Jefferson,Cloudy,Fresh,59093
108,2011,2011-05-14,4,9,4,9,Bat,4,0,0,128,128,Mrs. Desiree Bowman,Kenneth Alexander,Jessica Robinson,Humid,Used,22268
109,2019,2019-05-08,7,10,3,7,Field,7,0,9,289,199,Christopher Hopkins,Kathryn Davies,Debra Morrison,Humid,Dusty,23784
110,2010,2010-05-29,6,7,10,6,Bat,6,16,0,130,114,Ronnie Moses,Cindy Strong,Melissa Barron,Humid,Worn,25743
111,2019,2019-05-16,6,1,14,1,Bat,6,0,0,153,153,Joseph Adams,Tracy Lawson MD,Brian Taylor,Humid,Worn,18003
112,2020,2020-04-04,5,1,1,1,Field,5,0,0,132,132,John Ryan,Dwayne Smith,Dana Gross,Rainy,Worn,20540
113,2023,2023-05-15,1,6,1,6,Field,6,0,9,287,215,Timothy Price,Brian Miles,Anthony Rodriguez,Clear,Used,46356
114,2015,2015-05-26,6,2,10,2,Bat,6,0,0,166,166,Calvin Costa,Marissa Murphy,Nicole Reid,Cloudy,Dusty,64814
115,2017,2017-05-26,2,10,7,2,Bat,10,0,0,169,169,David Vaughan,Anthony Casey,Jacob Rivera,Humid,Used,12135
116,2009,2009-04-30,8,5,1,5,Field,5,0,2,194,184,Robert Thomas,Aaron Harris,Joseph Garcia,Rainy,Worn,51955
117,2008,2008-04-30,9,7,1,9,Bat,7,0,0,121,121,Kristy Harrell,Miss Lisa Marshall,Brandon King,Humid,Fresh,43505
118,2010,2010-05-15,7,3,4,7,Bat,3,0,0,166,166,Brian Davies,Tammy Peterson,Melinda May,Cloudy,Fresh,43835
119,2017,2017-05-23,1,7,8,7,Field,1,0,0,191,191,Katie Diaz,Kimberly Hawkins,Stephen Johnson,Humid,Worn,50659
120,2013,2013-04-10,4,6,8,4,Field,4,0,1,181,175,Dustin Rivera,Julia Barrett,Charles Mendoza,Clear,Fresh,16625
121,2020,2020-05-17,8,1,14,1,Field,1,0,3,178,142,Timothy Flores,Brandon Brown,Vanessa Erickson,Clear,Dusty,21051
122,2018,2018-04-30,6,10,18,10,Field,10,0,5,233,178,Lisa Spears,Alice Hendricks,Carlos Freeman,Rainy,Worn,11976
123,2010,2010-04-20,8,4,9,4,Bat,8,0,0,161,161,Dr. Dustin Scott,Andrew Jones,Nicole Ortiz,Rainy,Dusty,32651
124,2011,2011-05-26,5,1,4,1,Field,5,0,0,214,214,Matthew Maxwell,Shirley Clark,Felicia Johnson,Rainy,Fresh,55839
125,2019,2019-04-12,2,3,9,3,Field,2,0,0,141,141,Sarah Pena,Maria Garrett,Emily Carter,Clear,Fresh,28742
126,2011,2011-04-23,2,6,10,6,Field,6,0,5,173,133,Renee Perry,William Johnson,Gregory Johnson,Humid,Used,41992
127,2015,2015-04-14,9,4,5,4,Bat,4,22,0,178,156,Michael Reyes,Jared Combs,Robert Drake,Cloudy,Used,15418
128,2017,2017-05-14,5,3,4,5,Bat,3,0,0,177,177,Tammy Leonard,Kevin Reilly,Jack Jones,Rainy,Worn,46316
129,2011,2011-05-02,9,6,3,9,Field,6,0,0,184,184,Brittany Small,Sara Mcgee,Michael Johnson,Clear,Worn,25649
130,2008,2008-05-17,8,4,4,8,Bat,4,0,0,134,134,Henry Bryant,Elizabeth Soto,Connor Valenzuela,Cloudy,Dusty,61122
131,2019,2019-05-28,1,3,17,3,Field,3,0,1,180,175,Joshua Torres,Jeffery Ferguson,Rachel Butler,Clear,Worn,57165
132,2017,2017-05-04,1,5,18,5,Bat,5,16,0,211,195,Margaret Myers,Steve Young,Nicole Brown,Clear,Dusty,12887
133,2008,2008-05-01,8,2,5,2,Field,2,0,3,174,153,Kenneth Banks,Joshua Sims DDS,Daniel Yates,Humid,Dusty,10671
134,2020,2020-05-24,2,6,16,6,Bat,6,87,0,140,53,Kyle Sandoval,Dr. Kaylee Holmes DVM,Destiny Perez,Cloudy,Dusty,16078
135,2011,2011-05-15,2,5,3,2,Bat,5,0,0,129,129,James Hancock,Martin Moore,Joe Murphy,Clear,Used,35556
136,2014,2014-04-05,10,2,16,2,Bat,2,96,0,120,24,Kevin Clark,Jessica Mcmillan,Kristen Chavez,Humid,Used,31458
137,2021,2021-04-14,7,1,18,7,Field,1,0,0,151,151,Jillian Arnold,Austin Thomas,Anthony Barker,Clear,Fresh,20937
138,2019,2019-04-22,3,5,6,3,Field,5,0,0,135,135,Raymond Dixon,Michael Wolfe,Sandra Barrera,Cloudy,Used,65331
139,2012,2012-04-16,2,1,10,1,Bat,1,21,0,167,146,Charles Snyder,Caleb Webb,Tonya Moon,Humid,Used,11986
140,2020,2020-04-22,8,4,19,4,Field,8,0,0,133,133,Christopher Flores,Christine Bell,Adam Phillips,Rainy,Worn,20420
141,2008,2008-04-25,9,6,11,9,Field,6,0,0,164,164,Claudia Baird,Jennifer Donaldson,Zachary Delacruz,Humid,Used,44309
142,2022,2022-04-07,1,6,8,6,Bat,6,10,0,205,195,Michael Lane,Morgan Hubbard,Joseph Alvarez,Humid,Used,56853
143,2014,2014-05-07,7,4,11,7,Bat,7,70,0,202,132,Joseph Li,Jonathan Garrison,Diane Harris,Humid,Worn,29514
144,2020,2020-05-27,8,2,19,8,Bat,2,0,0,155,155,Scott Sanchez,Kari Anderson,Marissa Chang,Rainy,Worn,15802
145,2017,2017-04-21,1,10,9,1,Field,10,0,0,178,178,Tara Brandt,Todd Terrell,Joshua Guzman,Rainy,Used,17422
146,2016,2016-04-29,10,5,20,5,Bat,5,72,0,217,145,Michael Douglas,Gary Hudson,Jason Jones,Humid,Worn,21388
147,2022,2022-04-23,10,9,6,9,Bat,9,48,0,210,162,Brian Rodriguez,Emily Smith,Mark Wade,Clear,Worn,24590
148,2014,2014-04-25,1,5,5,1,Bat,5,0,0,180,180,Carla Cooper,Aaron Watkins,Victoria Vazquez,Humid,Fresh,19561
149,2013,2013-04-11,1,3,12,3,Bat,1,0,0,130,130,Kimberly Arnold,Jennifer Rose,Jacqueline Bernard,Clear,Fresh,15308
150,2011,2011-04-14,1,2,19,1,Field,2,0,0,188,188,Amanda Lee,Susan Hall,Lisa Mcgrath,Clear,Worn,18807
151,2014,2014-05-20,6,10,4,10,Bat,10,46,0,164,118,Stephanie Bean,Samuel Martinez,Zachary Lopez,Clear,Used,61244
152,2011,2011-04-23,9,2,12,2,Bat,2,8,0,194,186,Patricia Conner,Jeffrey Paul,Jacob Bruce,Humid,Dusty,13017
153,2019,2019-05-14,2,8,7,2,Bat,8,0,0,170,170,Cody Wilson,Brandy Moore,Nicole Johnson,Humid,Worn,10592
154,2011,2011-05-04,3,1,5,1,Bat,1,14,0,150,136,Charles Jackson,Christopher Zamora,Catherine Smith,Cloudy,Fresh,27842
155,2022,2022-05-02,7,1,13,7,Field,7,0,5,219,164,Christopher Foster,Alexandria Reese,Sean Johnson,Clear,Used,26204
156,2008,2008-04-19,5,6,15,6,Field,5,0,0,156,156,Devin Baker,Robert Bryan,Jessica Clark,Rainy,Worn,40038
157,2021,2021-05-17,10,6,7,6,Bat,10,0,0,132,132,Brian Hunt,Caitlin Rich,Michelle Gordon,Humid,Used,16896
158,2018,2018-05-31,1,7,15,7,Field,1,0,0,179,179,Terri Spencer,Nicholas Williams,John Kirk,Humid,Dusty,37291
159,2016,2016-05-19,7,8,12,7,Field,8,0,0,158,158,Gregory Ruiz,Jesus Vance,Stephen Compton,Humid,Worn,23175
160,2017,2017-04-14,3,2,16,2,Field,3,0,0,150,150,Barbara Frederick,Carl Callahan,Stacey Fisher,Cloudy,Used,29875
161,2014,2014-04-04,8,6,18,6,Bat,8,0,0,152,152,William Simpson,Stephen Saunders,Veronica Torres,Cloudy,Worn,10271
162,2009,2009-05-10,3,6,19,3,Bat,3,98,0,208,110,Joe Dyer,Bradley Mccormick,Shelley Rivera,Cloudy,Fresh,18911
163,2015,2015-05-13,5,3,16,5,Bat,5,38,0,182,144,Eric White,Jeremy Hancock,Crystal Moreno,Humid,Worn,29730
164,2013,2013-04-11,4,1,18,4,Bat,1,0,0,154,154,Donald Aguirre,Robert Hill,Margaret Wu,Humid,Worn,10627
165,2017,2017-05-25,9,1,11,9,Bat,1,0,0,156,156,Steven Camacho,Cynthia Lopez,Janet Marks,Humid,Worn,14715
166,2011,2011-04-29,1,2,6,2,Bat,1,0,0,141,141,Edwin Rowe,Maria Horne,Terry Watts,Humid,Fresh,71295
167,2014,2014-05-28,4,1,2,1,Bat,1,99,0,195,96,Darlene Clark,Jared Simpson,Traci Davis,Humid,Dusty,25324
168,2010,2010-04-28,1,4,1,4,Field,1,0,0,136,136,Jennifer Simon,Melissa Boyd,John Higgins,Rainy,Used,38674
169,2022,2022-04-22,2,5,15,5,Bat,5,81,0,127,46,Kelly Hicks,Andrew Carter,Laura Lee,Rainy,Dusty,28412
170,2014,2014-05-28,2,9,8,2,Bat,9,0,0,136,136,Richard Bishop,April Martin,Dawn Williams,Rainy,Used,75465
171,2012,2012-05-27,6,3,14,6,Field,3,0,0,139,139,Sharon Farrell,Angela Elliott,Morgan Thompson,Cloudy,Used,27634
172,2019,2019-05-10,1,7,2,7,Field,1,0,0,134,134,Joseph Swanson,Kyle Jones,Lee Bates,Rainy,Used,35978
173,2019,2019-05-22,8,1,4,1,Field,1,0,5,240,190,Faith Wall,Sarah Gonzalez,Jennifer Sanchez,Clear,Worn,24949
174,2020,2020-04-03,9,7,15,7,Field,9,0,0,152,152,Kenneth Fisher,Elizabeth Mosley,Aaron Lindsey,Cloudy,Worn,28526
175,2013,2013-04-04,1,4,10,4,Bat,1,0,0,161,161,Matthew Davis,Aaron Moore,Barbara Reed,Clear,Dusty,22475
176,2014,2014-05-04,8,4,7,4,Field,8,0,0,126,126,Denise Warren,Rebecca Wilkerson,Antonio Moss,Humid,Worn,11522
177,2010,2010-05-25,3,9,12,3,Bat,9,0,0,145,145,Matthew Williams,Ryan Clark,Robert Mckinney,Clear,Worn,24391
178,2014,2014-04-10,6,4,19,4,Field,6,0,0,182,182,Amber James,Stephanie Smith,Kelly Baker,Rainy,Worn,10981
179,2021,2021-05-10,7,2,1,2,Field,2,0,2,161,143,Jill Thompson,John Anderson,Tonya Harris,Rainy,Worn,31540
180,2016,2016-05-23,7,6,5,7,Bat,7,5,0,191,186,David Thompson,Amy Smith,James Rodriguez,Rainy,Fresh,14364
181,2017,2017-05-31,8,4,1,8,Bat,8,33,0,140,107,Dana Arroyo,Levi Campbell,Matthew Wilson,Cloudy,Used,14360
182,2022,2022-05-03,6,10,11,10,Bat,10,62,0,156,94,Kevin Williams,Steven Davis,Angela Hogan,Humid,Worn,19363
183,2009,2009-05-23,2,7,10,7,Field,7,0,8,278,182,Julia King,Dr. Frances Lee MD,Chris Alexander,Rainy,Worn,20546
184,2021,2021-04-02,7,6,16,7,Bat,6,0,0,169,169,Mr. Gerald Robinson,Joseph Ramos,Julie Gill,Clear,Dusty,41066
185,2023,2023-04-24,8,4,8,8,Bat,4,0,0,163,163,Thomas Murray,Jennifer Jensen,Shannon Gross,Rainy,Worn,40683
186,2019,2019-05-05,8,3,20,8,Field,3,0,0,165,165,Veronica Mcclain,Brianna Hicks,Donald Harris,Humid,Dusty,24943
187,2018,2018-04-02,10,7,14,7,Field,7,0,9,213,132,Brian Bowers,Shannon Smith,Brian Lynn,Humid,Worn,41904
188,2014,2014-04-24,9,6,20,9,Bat,6,0,0,133,133,Dr. Charles Scott MD,Jacob Brown,Michael Church,Rainy,Used,14512
189,2010,2010-05-30,4,2,17,2,Field,2,0,7,217,140,Alicia Gray,Scott Patrick,Joseph Shelton,Clear,Worn,10401
190,2010,2010-04-30,3,9,11,9,Bat,9,70,0,195,125,Erika Flores MD,Mrs. Kimberly Lopez,Sonya Thompson,Cloudy,Worn,30090
191,2012,2012-04-21,5,10,12,10,Bat,5,0,0,149,149,Christopher Rodgers,Kelsey Floyd,Christine Evans,Cloudy,Used,33652
192,2015,2015-05-11,5,10,19,5,Bat,5,82,0,166,84,Kyle Brown,Christopher Murphy,Eduardo Wilson,Rainy,Used,15638
193,2011,2011-04-13,7,5,14,7,Bat,7,62,0,188,126,Julie Woods,Meredith Rodriguez,Kelly Johnson,Clear,Fresh,39438
194,2011,2011-05-11,3,9,11,9,Bat,3,0,0,158,158,Amber Hobbs DDS,Frank Moore,Antonio Wilkerson,Humid,Used,26625
195,2019,2019-05-12,6,7,16,7,Bat,7,38,0,129,91,Thomas Ortiz,Jennifer Fleming,Sara Norton,Rainy,Worn,33785
196,2020,2020-04-13,7,9,16,7,Field,9,0,0,186,186,Margaret Davis,Mark Hunt,Brian Adams,Cloudy,Worn,41293
197,2012,2012-04-20,5,10,17,10,Bat,5,0,0,127,127,Jeffrey Short,Denise Lewis,Samantha Beck,Rainy,Fresh,43209
198,2010,2010-05-29,1,4,3,1,Field,1,0,1,143,137,Alexandria Medina,Teresa Robinson,Joseph Peters,Clear,Dusty,26041
199,2009,2009-04-26,1,6,17,1,Field,6,0,0,200,200,Sara Kelly,Allison Schneider,Mark Lopez,Cloudy,Used,23598
200,2022,2022-04-18,9,8,19,9,Field,8,0,0,170,170,Brett Moore,Jon Boyer,Douglas Martinez,Humid,Dusty,14733
201,2009,2009-05-09,4,9,7,4,Bat,9,0,0,185,185,Jasmine Hutchinson,Corey Leonard,George Orr,Humid,Fresh,20048
202,2015,2015-05-28,9,10,20,9,Bat,10,0,0,147,147,Brent Cruz,Cheryl Kelley,Rachel Davis,Clear,Worn,19828
203,2018,2018-05-22,6,5,5,6,Bat,6,4,0,212,208,Jasmin Wong,Emily Robinson,Dennis George,Humid,Dusty,27040
204,2015,2015-05-07,8,5,20,5,Field,5,0,3,220,196,Walter Saunders,James Smith,Sarah Williams,Humid,Dusty,11217
205,2014,2014-04-28,6,1,15,6,Field,1,0,0,214,214,Joseph Hernandez,Lori Gomez,Heather Malone,Clear,Dusty,26660
206,2015,2015-05-03,7,6,7,7,Bat,7,41,0,203,162,Sarah Green,Kathryn Boyd,Heidi Cox,Rainy,Used,22202
207,2011,2011-04-18,3,10,4,3,Field,3,0,6,227,173,Jamie Wilson,Johnny Ortega,Steven Davis,Rainy,Fresh,35508
208,2020,2020-05-21,10,6,20,6,Bat,10,0,0,142,142,Cynthia Vasquez,Mr. Paul Garcia,David Allen,Cloudy,Dusty,26112
209,2014,2014-04-24,2,7,5,2,Bat,2,49,0,180,131,Jared Harris,Brian Contreras,Cassandra Juarez,Cloudy,Dusty,22341
210,2017,2017-04-19,10,5,10,10,Bat,10,68,0,156,88,Chelsey Long,Sarah Colon,John Henry,Clear,Fresh,35746
211,2013,2013-04-19,8,4,4,4,Bat,8,0,0,197,197,Kyle Williams,Nicole Banks,Michael Green,Rainy,Used,64185
212,2010,2010-04-22,7,1,10,1,Bat,1,68,0,202,134,Jonathan King,Curtis Nichols III,Richard Schultz,Humid,Worn,46892
213,2020,2020-04-21,6,2,12,6,Field,2,0,0,169,169,Melissa Brooks,Alice Ray,Joshua Rivas,Cloudy,Used,39447
214,2011,2011-05-03,10,9,16,10,Bat,10,94,0,158,64,Jeffrey Myers,Timothy Fernandez,Jennifer Graham,Humid,Fresh,18156
215,2022,2022-04-24,6,4,5,4,Bat,6,0,0,142,142,Melissa Brown,Christopher Kline,William Smith,Clear,Worn,12977
216,2009,2009-05-18,6,5,12,5,Field,6,0,0,121,121,Peggy Graham,Alexis Chen,Roger Mcintyre,Cloudy,Dusty,25340
217,2008,2008-05-28,1,5,2,1,Bat,1,20,0,131,111,Anna Gibson,Brendan Cortez,Shannon Martinez,Rainy,Fresh,37290
218,2014,2014-05-01,10,1,17,1,Field,1,0,6,215,167,Victor Terrell,Breanna Bryant,Elizabeth Briggs,Rainy,Fresh,18537
219,2008,2008-04-19,6,2,7,6,Field,2,0,0,143,143,Jessica Reeves,David Sims,Catherine Lambert,Humid,Used,22839
220,2009,2009-05-02,10,4,16,10,Field,10,0,4,151,123,Joseph Graves,Ashley Briggs,Sherry Smith,Humid,Dusty,27537
221,2022,2022-04-20,4,1,17,4,Field,1,0,0,174,174,Mr. Douglas Vargas,Amber Owens,Devon Alvarado,Rainy,Worn,55544
222,2019,2019-04-14,1,8,19,8,Field,8,0,9,228,138,Jennifer Rios,Pamela Wallace,Michael Webster,Rainy,Used,17143
223,2014,2014-05-12,2,4,19,4,Bat,2,0,0,192,192,Raymond Walsh,Mark Edwards,Audrey Roberson,Rainy,Dusty,14402
224,2018,2018-04-19,7,8,8,7,Bat,8,0,0,150,150,Randy Cooper,Stephen Gibson,Jason Thomas,Rainy,Dusty,46816
225,2021,2021-04-22,2,9,1,2,Field,9,0,0,137,137,Brooke Conley,Christopher Brooks,John Rice,Clear,Used,43777
226,2015,2015-04-22,7,4,1,7,Field,7,0,9,251,206,Sandra Moran,Teresa Valdez,Timothy Mullins,Rainy,Dusty,29657
227,2019,2019-05-24,10,9,1,10,Bat,10,24,0,143,119,Jeffrey Bryant,Nathan Jones,Molly Mcbride,Cloudy,Worn,40840
228,2009,2009-05-15,1,10,16,10,Field,1,0,0,138,138,Linda Morris,Justin Shaffer,Dylan Wilson II,Rainy,Used,11529
229,2011,2011-05-09,4,1,7,1,Field,4,0,0,170,170,Juan Clark MD,Karen Smith MD,Christine Guzman,Clear,Used,17893
230,2016,2016-05-23,10,4,19,4,Bat,10,0,0,200,200,Stephanie White,Megan Henderson,Tammy Sullivan,Humid,Worn,10584
231,2019,2019-04-30,2,10,15,10,Bat,2,0,0,184,184,Kevin Franklin,Laura Myers,Daniel Clark MD,Rainy,Used,12448
232,2016,2016-05-05,3,8,15,3,Bat,8,0,0,164,164,James Freeman PhD,Erin Graham,Thomas Dickerson,Rainy,Used,35939
233,2010,2010-04-04,4,8,11,4,Field,4,0,5,221,191,Justin Smith,Tracie Wheeler,Sarah Collins,Clear,Worn,28966
234,2012,2012-04-14,8,1,1,8,Bat,1,0,0,196,196,Kylie Keith,Lauren Dominguez,Amber Bryant,Cloudy,Fresh,18636
235,2012,2012-04-23,8,3,10,8,Field,3,0,0,134,134,Tara Wilkerson,Sandra Black,Barbara Cook,Rainy,Fresh,58125
236,2015,2015-05-27,10,8,4,8,Bat,10,0,0,136,136,Dylan Fuller,Anthony Lambert,Deborah Morrison MD,Humid,Dusty,33266
237,2008,2008-04-15,5,2,5,2,Field,2,0,2,159,145,Cheyenne Jones,James Gonzales,Lance Gonzalez,Rainy,Dusty,12646
238,2020,2020-04-21,8,6,4,8,Bat,6,0,0,205,205,William Flowers,Amber Gray,Kristine Allen,Cloudy,Dusty,32475
239,2008,2008-05-28,8,5,4,8,Field,5,0,0,212,212,Wanda Anderson,Robin Ellis,Kristina York,Cloudy,Used,38950
240,2013,2013-04-28,9,1,4,1,Bat,9,0,0,166,166,Stacey West,Laurie Velazquez,Ashley Arellano,Humid,Used,13516
241,2020,2020-05-22,6,3,12,6,Field,3,0,0,197,197,Sandra Kane,Emily Arnold,Craig Sexton,Cloudy,Worn,25757
242,2011,2011-04-12,5,7,8,7,Field,5,0,0,153,153,David Norris,Amanda Lopez,Valerie Richmond,Cloudy,Fresh,72040
243,2019,2019-05-16,6,1,16,1,Field,6,0,0,197,197,Veronica Giles,Daniel Baker,Adam Robles,Humid,Worn,35206
244,2010,2010-04-30,9,8,14,8,Bat,8,76,0,152,76,William Todd,Joe Barry,Lauren Hernandez,Cloudy,Dusty,55154
245,2014,2014-04-17,10,3,5,3,Field,10,0,0,135,135,George Orozco,Mrs. Lisa Smith MD,Karen Robinson,Humid,Worn,25527
246,2010,2010-05-16,6,4,7,4,Bat,4,3,0,148,145,Kathleen Barajas,Sarah Sloan,Kelly Grant,Rainy,Used,10355
247,2020,2020-05-27,2,4,5,2,Bat,2,70,0,188,118,Michael Hubbard,Amanda Gonzales,Robert Wong,Humid,Fresh,12665
248,2017,2017-04-14,4,5,15,5,Field,5,0,2,161,141,Diana Oconnor,David Brown,Austin Mullins,Clear,Fresh,14151
249,2021,2021-05-22,1,2,8,1,Bat,1,25,0,134,109,Jim Conner,Jesse Walker,Christopher Everett,Clear,Worn,52786
250,2008,2008-04-29,5,7,2,7,Field,5,0,0,139,139,John Sanders,Christy Herrera,Christopher Koch,Clear,Dusty,37010
251,2015,2015-04-10,6,5,18,5,Field,6,0,0,160,160,Ross Kaufman Jr.,Cynthia Hart,Sheila Mcdonald,Cloudy,Fresh,15085
252,2017,2017-04-27,7,5,8,5,Bat,5,76,0,201,125,Renee Bowen,Joseph Rodriguez,Natalie Williams,Cloudy,Fresh,18569
253,2022,2022-05-27,5,1,14,1,Bat,1,48,0,154,106,Katherine Davis,Patricia Meza,Alicia Pace,Rainy,Used,51250
254,2019,2019-05-26,4,10,4,10,Bat,10,6,0,154,148,Jerry Snyder,Michael Henderson,Richard Powell,Humid,Dusty,53530
255,2014,2014-05-28,1,5,20,5,Field,1,0,0,209,209,Mary Wallace,Ellen Newman,Cathy Roth,Humid,Fresh,17184
256,2010,2010-05-13,3,7,19,7,Bat,3,0,0,128,128,Trevor Grant,Tracy Duran,Herbert Kelly,Clear,Dusty,17168
257,2021,2021-05-18,6,5,11,5,Bat,6,0,0,137,137,Laura Mendoza,Jodi Ross,Melissa Rice,Cloudy,Worn,19104
258,2016,2016-04-15,1,3,1,1,Bat,3,0,0,170,170,Mary Griffith,Mr. Michael Espinoza,Monica Kennedy,Clear,Worn,16531
259,2012,2012-04-23,2,1,6,2,Field,1,0,0,171,171,Mr. Eric Maldonado III,Heidi Baker,Christine Phillips,Rainy,Dusty,58151
260,2018,2018-04-12,2,3,16,2,Field,3,0,0,210,210,Angela Kane,James Arnold,Lindsey Hanson,Clear,Fresh,21322
261,2013,2013-04-20,8,7,19,7,Field,7,0,8,218,146,Jeffery Case,Joshua Davis,Michael Cruz,Rainy,Dusty,17447
262,2010,2010-05-31,2,3,15,3,Field,2,0,0,161,161,Jennifer Rose,James Wilson,Rhonda Rivera,Rainy,Worn,20112
263,2015,2015-05-16,5,4,16,5,Field,4,0,0,157,157,Robert Thomas,Shane Fuller,Bruce Simmons,Rainy,Dusty,28209
264,2009,2009-04-05,4,9,8,9,Bat,4,0,0,124,124,Crystal Carson,Patricia Rojas,John Roberson,Humid,Worn,10114
265,2018,2018-04-10,3,6,19,6,Bat,3,0,0,123,123,Kathryn Davis,Kathryn Carter,Tyler Wood,Cloudy,Used,11891
266,2008,2008-05-11,9,1,5,1,Field,9,0,0,171,171,Joshua Fowler,Brandon Schultz,Michael Miller,Cloudy,Dusty,15012
267,2008,2008-05-26,2,9,8,9,Bat,2,0,0,124,124,Tammy Reynolds,James Lewis,Charles Kelly,Rainy,Fresh,60002
268,2018,2018-04-11,1,6,1,6,Field,1,0,0,150,150,Cynthia Long,Corey Knight,Jennifer Schmidt,Humid,Fresh,18887
269,2023,2023-04-27,2,4,9,2,Field,4,0,0,132,132,Bradley Cole,Jeffery Nelson,David Delgado,Cloudy,Worn,26976
270,2014,2014-04-20,5,1,7,5,Bat,5,35,0,131,96,Katie Alvarez,John Collins,Ashley Rollins,Cloudy,Worn,13679
271,2011,2011-04-01,3,7,18,3,Field,7,0,0,171,171,Michelle Johnson,Charles Martin,Emma Barnes,Rainy,Fresh,11408
272,2010,2010-05-23,8,1,16,1,Field,1,0,9,264,165,Tracy Mcfarland,Tricia Estrada,Kenneth Goodman,Humid,Fresh,29050
273,2021,2021-04-21,8,3,19,3,Field,3,0,4,220,180,Jessica Peterson,Joseph Thompson,Nancy Reese,Humid,Used,21918
274,2020,2020-04-05,10,6,9,10,Bat,10,95,0,209,114,Robert Miller,Jeffrey Dominguez,Christopher Perkins,Cloudy,Used,17780
275,2022,2022-04-29,4,8,1,4,Bat,8,0,0,174,174,Damon King,Stacy Davidson,Cassie Phillips,Cloudy,Used,53992
276,2023,2023-05-10,3,8,18,8,Bat,8,71,0,196,125,Christopher Bradford,Micheal Patterson,Craig Baker,Rainy,Worn,14021
277,2017,2017-05-09,7,6,10,7,Field,7,0,3,138,123,Mary Howard,Julie Riley,Warren Campbell,Rainy,Dusty,39923
278,2012,2012-04-17,8,9,7,9,Field,8,0,0,137,137,Amy Lutz,Leslie Wilson,Jonathan Navarro,Clear,Dusty,21212
279,2020,2020-04-23,3,8,11,8,Bat,8,97,0,144,47,Nicholas Rivera,Christina Smith DVM,Kerry Hansen,Clear,Worn,23163
280,2018,2018-04-28,10,3,6,10,Bat,10,53,0,159,106,Michael Mcdonald,Theresa Barnett,Kyle Hicks,Humid,Used,40790
281,2013,2013-05-04,4,10,9,10,Bat,4,0,0,127,127,Austin Case,Jaclyn Stanley,Ronald White,Rainy,Worn,30192
282,2009,2009-05-11,2,3,3,3,Bat,2,0,0,202,202,Kimberly Gross,Kenneth Brown,Richard Jones,Rainy,Dusty,16753
283,2023,2023-05-02,8,10,4,8,Field,8,0,8,225,169,Ruth Anderson DDS,Annette Woods,Mark Robles,Rainy,Worn,49306
284,2014,2014-05-28,3,10,12,3,Bat,3,46,0,214,168,Phillip Kirk,Joshua Hernandez,Patricia Fields,Humid,Fresh,24709
285,2013,2013-05-28,9,4,1,4,Field,4,0,1,147,140,Scott Jones,Matthew Gilbert,Melinda Hanson,Rainy,Dusty,45413
286,2019,2019-05-25,1,6,19,6,Field,6,0,1,223,215,Logan Diaz,Christopher Phillips,Sarah May,Clear,Used,11950
287,2015,2015-05-31,10,6,3,6,Bat,10,0,0,144,144,Roger Moore,Jennifer Bell,Jeffrey Rowe,Cloudy,Dusty,20674
288,2016,2016-05-26,8,4,17,4,Field,8,0,0,143,143,Eric Watkins,Tara Jimenez,Michael Fisher,Cloudy,Used,42585
289,2011,2011-04-16,7,10,9,10,Bat,7,0,0,164,164,Brittany Cook,Natasha Moran,Daniel Williams,Humid,Dusty,30531
290,2008,2008-05-26,6,9,13,9,Field,9,0,9,209,164,Leslie King,Justin Francis,Jessica Wood,Rainy,Used,53495
291,2009,2009-04-09,10,5,19,5,Bat,10,0,0,174,174,Sarah Potter,Charles Travis,Nancy Mccall,Clear,Fresh,13751
292,2015,2015-05-28,2,8,2,8,Field,2,0,0,124,124,Chad Bentley,Paul Green,Nicole Hayes,Cloudy,Used,12867
293,2010,2010-05-19,5,3,1,3,Bat,3,96,0,214,118,Cory Parker,Danielle Pineda,Greg Webb,Cloudy,Dusty,24784
294,2008,2008-05-21,3,4,7,3,Field,3,0,4,166,122,Vickie Cabrera,Robin Robinson,Ryan Brooks,Clear,Dusty,24095
295,2011,2011-05-27,8,6,15,6,Field,6,0,8,216,144,Yolanda Stewart,Alan Lawrence,Juan Carlson,Clear,Dusty,22091
296,2010,2010-05-11,7,1,1,1,Field,7,0,0,159,159,Veronica Freeman,Megan Lucas,Gina Garza,Cloudy,Dusty,25340
297,2017,2017-05-28,7,5,14,5,Bat,7,0,0,133,133,Mark Castro,Jacob Pittman,Alicia Donovan,Clear,Fresh,44208
298,2016,2016-05-05,1,8,19,1,Field,8,0,0,207,207,Cassandra Peters,Barbara Clarke,Annette Bennett,Humid,Fresh,15905
299,2008,2008-04-16,8,6,16,6,Field,6,0,2,139,125,Crystal Powers,Joann Ramirez,Bradley Lang,Rainy,Fresh,42725
300,2009,2009-04-24,6,5,8,5,Field,5,0,3,169,133,Danielle Kane,Joseph Herrera,Elizabeth Wolf,Humid,Used,28624
301,2016,2016-04-24,8,4,16,4,Field,8,0,0,175,175,Debra Garcia,Nicole Brown,Holly Smith,Clear,Worn,32648
302,2010,2010-04-17,8,2,17,2,Bat,8,0,0,220,220,Richard Martinez,David Davies,Daniel Matthews,Cloudy,Fresh,25387
303,2023,2023-04-22,5,3,17,5,Bat,5,28,0,156,128,William Franklin,William Briggs,David Schaefer,Clear,Dusty,19552
304,2017,2017-04-26,6,8,11,8,Field,6,0,0,176,176,Jacob Gonzales,Sean Hansen,Donald Ball,Humid,Used,33837
305,2016,2016-05-03,3,4,19,3,Bat,3,72,0,220,148,Alan Williams,Trevor Ford,Christian Morgan,Rainy,Used,15459
306,2016,2016-04-05,1,8,14,1,Bat,1,53,0,145,92,Kevin Fleming,Michelle Tanner,Dr. Megan Odonnell,Humid,Dusty,30214
307,2015,2015-04-06,10,8,20,10,Field,8,0,0,150,150,Terry Wilson,Nathan Flores,Daniel Gray,Rainy,Used,17041
308,2015,2015-05-22,2,6,12,2,Bat,2,86,0,211,125,Andrew Martinez,Edward Hall,Ryan Gomez,Rainy,Used,19623
309,2021,2021-04-06,10,5,8,10,Bat,10,3,0,125,122,Jennifer Ferguson,Jennifer Myers,Roberta Carter,Rainy,Used,29232
310,2022,2022-05-28,1,7,6,7,Field,1,0,0,127,127,Joseph Holmes,Melvin Elliott,Jessica Juarez,Cloudy,Worn,66476
311,2010,2010-04-08,4,7,14,4,Field,7,0,0,189,189,Molly Daugherty,Kristen Potts,Holly Moody,Humid,Used,14903
312,2017,2017-05-11,1,4,16,1,Bat,1,59,0,176,117,Monica Klein,Brandon Murphy,Carrie Cline,Humid,Used,17606
313,2022,2022-04-28,1,6,5,1,Bat,1,14,0,209,195,Joshua Underwood,Christina Deleon,Lisa Baker,Cloudy,Dusty,26357
314,2011,2011-04-24,4,5,13,5,Bat,4,0,0,182,182,Desiree Cardenas,Zachary Bailey,Howard Palmer,Humid,Worn,30480
315,2021,2021-04-01,1,7,18,7,Field,7,0,6,170,122,Matthew Powell,Jennifer Miller,Natasha Smith,Humid,Used,12768
316,2013,2013-04-21,3,9,7,3,Field,9,0,0,124,124,Cesar Trevino,Carol Smith,Lisa Butler,Rainy,Used,22788
317,2015,2015-05-27,5,10,4,10,Field,10,0,9,211,139,Frederick Barber,Jonathan Cole,Mr. Hector Webster,Clear,Used,33684
318,2022,2022-05-24,9,5,20,5,Field,9,0,0,143,143,Michelle Harrison,Justin Robinson,Vincent Bullock,Rainy,Fresh,25391
319,2010,2010-05-29,5,7,7,5,Bat,7,0,0,165,165,Suzanne Harrison,Manuel Thomas,Jennifer Robinson,Cloudy,Fresh,13632
320,2008,2008-05-16,4,9,19,9,Bat,9,67,0,175,108,Joshua Diaz,Jason Anderson,Rhonda Smith,Cloudy,Used,20512
321,2023,2023-04-04,6,7,11,6,Bat,7,0,0,160,160,Doris Smith,John Smith,Crystal Acevedo,Humid,Used,28584
322,2016,2016-04-23,5,9,8,9,Field,5,0,0,168,168,Scott Williams,Rachael Hicks,Heather Robinson,Rainy,Dusty,42854
323,2012,2012-05-25,6,7,5,7,Bat,7,44,0,143,99,David Bolton,David Hernandez,Ryan Bishop,Humid,Fresh,11493
324,2011,2011-04-02,1,3,17,3,Bat,1,0,0,182,182,Mary Dixon,Shirley Humphrey,Joseph Garrett,Humid,Used,43629
325,2012,2012-04-26,5,6,16,5,Field,6,0,0,174,174,Michael Horne,Michael Gonzales,Erica Bishop,Cloudy,Worn,41772
326,2011,2011-05-29,6,3,11,3,Field,3,0,8,223,135,Jonathan Guzman,Luis Preston,Rebecca Cruz,Cloudy,Dusty,11484
327,2013,2013-04-03,10,2,14,10,Bat,10,85,0,159,74,Joshua Davis,Sandra Kennedy,Andrew Sherman,Clear,Dusty,25506
328,2009,2009-05-20,1,2,10,2,Bat,1,0,0,163,163,Jessica Murphy,Jill Scott,Marcus Knight,Rainy,Fresh,28253
329,2018,2018-04-21,7,9,16,7,Bat,7,67,0,191,124,Joseph Brown,Matthew Horton,Albert White,Cloudy,Fresh,37467
330,2023,2023-05-21,2,6,5,2,Bat,2,59,0,173,114,Tyler Ramirez,Colleen Ballard,Matthew Wells,Cloudy,Dusty,21614
331,2014,2014-04-28,1,8,16,1,Bat,1,7,0,217,210,Rebekah Woods,Elizabeth Tucker,Mr. Ivan Davidson III,Cloudy,Worn,39057
332,2014,2014-05-26,6,9,2,9,Field,9,0,9,271,181,Jamie Henson,Kelly Duarte,Nicholas Davis,Humid,Fresh,28304
333,2016,2016-04-07,2,5,10,2,Bat,5,0,0,142,142,Heather Dominguez,John Johnson,Ronald Campbell,Rainy,Fresh,49909
334,2014,2014-05-19,9,7,10,9,Field,9,0,3,211,193,Daniel Perez,Jared Smith,Cynthia Washington,Clear,Dusty,57090
335,2014,2014-04-04,1,6,12,1,Bat,6,0,0,128,128,Philip Cox,Patrick Morris,Arthur Flores,Rainy,Fresh,31982
336,2009,2009-04-23,3,1,9,3,Field,3,0,2,190,180,Dorothy Cervantes,Michael Hanson,Dalton Baker,Clear,Fresh,32725
337,2021,2021-05-24,5,3,4,3,Field,3,0,7,218,169,Shelia Walker,Jessica Holland,Kathryn Barnes,Cloudy,Dusty,17347
338,2021,2021-05-17,4,9,6,9,Field,4,0,0,180,180,Thomas Harvey,Michael Logan,Robert Bruce,Rainy,Fresh,53720
339,2016,2016-04-21,3,5,2,5,Field,3,0,0,163,163,Victor Blair,Laura Jensen,Jessica Lang,Clear,Used,22683
340,2015,2015-04-21,5,8,6,5,Field,5,0,4,185,141,Marc Fuller,Dylan Floyd,Robert Scott,Clear,Used,66996
341,2008,2008-04-16,3,2,1,3,Bat,3,13,0,143,130,Allison Houston,Nicholas Hughes,Kenneth Lee,Rainy,Used,47283
342,2009,2009-04-04,1,10,2,1,Bat,10,0,0,178,178,Daniel Walls,Joe Cooper,Cody Shelton,Rainy,Dusty,22709
343,2021,2021-04-28,3,1,18,3,Bat,3,53,0,155,102,Manuel Dennis,Cory Wang,Andrew Leonard,Clear,Used,22374
344,2013,2013-04-24,1,3,2,1,Bat,3,0,0,127,127,Jonathan Cobb,Kristen Snyder,Diana Gomez,Humid,Worn,13130
345,2020,2020-04-18,1,5,20,5,Field,5,0,4,156,124,Brianna Malone,Michael Hart,Brandon Morris,Cloudy,Worn,26334
346,2009,2009-05-25,8,4,17,4,Bat,4,82,0,138,56,Lauren Mathis,Matthew Obrien,Mark Woods,Cloudy,Fresh,14757
347,2012,2012-04-20,1,8,10,8,Bat,1,0,0,175,175,Angelica Collins PhD,Taylor Wright,Ronald Nguyen,Rainy,Fresh,60964
348,2012,2012-04-18,7,1,3,1,Bat,7,0,0,156,156,Gina Burgess,Amanda Rosales,Amanda Oliver,Rainy,Used,12790
349,2017,2017-04-11,9,5,8,9,Field,9,0,5,168,123,Lauren Hall,John Johnson,Jennifer Thomas,Rainy,Dusty,57488
350,2018,2018-05-07,6,10,6,6,Field,6,0,4,265,217,Shawn Snyder,Ashley Williams,Robert Woods,Clear,Dusty,11912
351,2023,2023-05-14,2,5,12,5,Bat,5,4,0,163,159,Joseph Avila,Jordan Richardson,Stacey Griffin,Rainy,Dusty,31592
352,2019,2019-05-27,7,2,8,7,Bat,7,61,0,170,109,Stephen Harrison,Karen Lee,Christine Kent,Clear,Worn,22483
353,2023,2023-04-07,2,3,7,2,Bat,2,95,0,134,39,Nicole Burgess,Kenneth Bailey,Jack Roach,Clear,Fresh,17974
354,2010,2010-04-25,8,1,11,1,Bat,8,0,0,143,143,Brittany Watson,Christina Scott,Jesse Rosario,Humid,Worn,29210
355,2010,2010-04-01,1,8,2,1,Field,1,0,4,189,161,Tina Robinson,Christopher Robinson,Kimberly Chambers,Cloudy,Used,40594
356,2023,2023-04-27,3,1,18,3,Field,1,0,0,134,134,Michael Hayes,Seth Walker,Brian Bradford,Rainy,Dusty,22578
357,2008,2008-04-24,9,1,20,1,Field,9,0,0,134,134,Alexander Nguyen,Colleen Brandt,Steven Jones,Cloudy,Worn,17819
358,2009,2009-04-14,1,10,10,1,Bat,1,65,0,220,155,Kristen Walsh,Mitchell Mcdonald,Jose Ponce,Humid,Worn,12287
359,2014,2014-04-16,9,4,2,4,Field,4,0,9,276,177,Rachel Calderon,Jamie Knight,Benjamin Solomon,Cloudy,Fresh,26622
360,2013,2013-04-04,2,5,20,2,Bat,2,63,0,164,101,Mrs. Samantha Webb MD,Mary Oliver,Kyle Adams,Cloudy,Dusty,10418
361,2014,2014-04-28,9,6,8,6,Bat,9,0,0,190,190,Craig Vasquez,Thomas Arnold,Maria Benton,Clear,Fresh,27417
362,2019,2019-05-05,3,4,18,4,Field,4,0,5,161,136,Rachel Kim,Mark Davis,Jacqueline Sims,Clear,Fresh,20583
363,2008,2008-04-18,1,5,7,5,Bat,5,97,0,193,96,Melissa Diaz,Wayne Hinton,Karen Ortega,Clear,Worn,16976
364,2014,2014-05-04,1,8,15,1,Bat,8,0,0,139,139,Mrs. Tiffany Jackson,Lauren Ochoa,Ryan Fox,Rainy,Dusty,39730
365,2013,2013-04-24,5,7,7,7,Bat,7,32,0,154,122,Brendan Diaz,Joseph Lam,Rachel West,Cloudy,Worn,20773
366,2014,2014-04-16,1,3,15,3,Field,3,0,4,205,169,Taylor Baxter,Jessica Stevenson,Eric Conner,Humid,Dusty,14816
367,2013,2013-05-05,5,4,8,5,Field,5,0,8,228,188,Kim Stone,Craig Joseph,Jessica Watson,Rainy,Worn,53687
368,2010,2010-04-02,2,8,8,2,Bat,2,58,0,129,71,Brian Huang,Charles Ellis,Pamela Stein,Rainy,Dusty,63014
369,2016,2016-05-04,7,3,16,3,Field,3,0,7,264,187,Nicholas Long,Leslie Cannon,Danielle Holmes,Rainy,Worn,12254
370,2009,2009-04-08,1,4,4,1,Bat,1,30,0,196,166,Richard Norris,Michael Vazquez,Daniel Poole,Humid,Used,23481
371,2019,2019-05-21,4,3,13,4,Field,4,0,3,209,173,Colin Lewis,Peggy Garcia,Michael Sullivan,Rainy,Worn,12126
372,2010,2010-05-03,7,3,5,3,Bat,7,0,0,180,180,Crystal Williams,Makayla Hanson,Phyllis Bradley,Humid,Fresh,21849
373,2019,2019-04-26,9,3,9,3,Field,3,0,8,267,171,Carl Duffy,Shawn Williams,Joseph Macdonald,Clear,Worn,35506
374,2011,2011-04-10,5,7,4,5,Bat,7,0,0,189,189,Thomas Baker,Julie Jones,Danielle Barr,Cloudy,Worn,65442
375,2016,2016-05-04,4,7,11,4,Field,7,0,0,180,180,Ebony Lozano,Jason Campbell,Mrs. Ashley Beard,Rainy,Worn,42397
376,2022,2022-05-10,3,8,7,8,Bat,8,21,0,163,142,Rebecca Johnson,Brandon Miller,Samuel Martinez,Clear,Fresh,19920
377,2019,2019-04-12,1,10,19,1,Bat,1,20,0,128,108,John Carter,Julie Edwards,William Bean,Clear,Used,21722
378,2019,2019-04-09,7,2,20,7,Bat,2,0,0,155,155,Nathan Stephens,Tiffany Malone,Amanda Compton,Clear,Fresh,19581
379,2018,2018-04-03,7,9,15,9,Field,9,0,7,216,146,Zachary Sandoval,Cesar Bennett,Michael Gonzales,Rainy,Dusty,28409
380,2021,2021-04-14,5,4,5,5,Field,5,0,9,244,145,Ronald Weaver,Sheila Rodriguez,Steven Campbell,Humid,Fresh,23011
381,2019,2019-04-03,1,2,15,2,Bat,2,57,0,152,95,Christopher Franco,Karla Walton,Mathew Price,Clear,Worn,32440
382,2015,2015-04-17,6,8,4,8,Field,8,0,5,204,144,Michael Gardner,Stephanie Patel,Jasmine Valenzuela,Clear,Worn,48599
383,2019,2019-04-08,7,6,13,6,Field,7,0,0,177,177,Debra Dillon,Samantha Hall,Carol Roth,Cloudy,Dusty,57293
384,2020,2020-04-20,10,7,10,10,Bat,10,95,0,157,62,Lisa Ferguson,Joshua Hoffman,Brian Moore,Cloudy,Dusty,63486
385,2013,2013-04-03,7,6,1,6,Bat,7,0,0,132,132,Zachary Kelly,Darren Hester,Crystal Howard,Rainy,Dusty,16750
386,2023,2023-05-27,6,8,16,8,Bat,6,0,0,133,133,Sean Glenn,Randy Stevens,Richard Campbell,Humid,Fresh,34917
387,2011,2011-05-04,7,3,15,3,Bat,3,8,0,140,132,Nicole Thompson,Lindsey Terry,Rachel Holt,Cloudy,Used,15261
388,2023,2023-04-08,6,3,14,3,Field,6,0,0,121,121,Crystal Delgado,Brian Short,Miguel Sullivan,Cloudy,Worn,10374
389,2023,2023-04-22,7,2,4,2,Bat,2,22,0,125,103,Edwin Gross,Jeffrey Nielsen,Brian Martin,Clear,Used,13894
390,2014,2014-05-01,5,3,7,3,Bat,5,0,0,156,156,Shane Hardy,Dylan Petersen,Brian Walls,Humid,Worn,16553
391,2009,2009-04-04,5,4,3,4,Field,4,0,9,223,133,Derrick Thompson,Marissa Robinson,Brooke Ramirez,Humid,Fresh,16814
392,2018,2018-05-12,4,8,20,4,Field,4,0,6,187,151,David Howe,Melinda Mann,Samantha Williamson,Clear,Worn,12405
393,2008,2008-04-15,2,1,11,2,Field,1,0,0,131,131,Ashley Jackson,Brittany Diaz,Shelley Fry,Clear,Worn,48556
394,2011,2011-05-07,3,9,19,3,Bat,9,0,0,121,121,Kathleen Young,Dalton Peters,Brian Meyer,Cloudy,Fresh,10719
395,2012,2012-04-30,4,5,12,4,Bat,5,0,0,166,166,Michael Bell,Marcus Powell,Richard Lopez,Humid,Fresh,36936
396,2013,2013-04-26,6,10,13,10,Field,10,0,4,175,131,Audrey Navarro,Tiffany Lewis,Teresa Miller,Cloudy,Dusty,25436
397,2021,2021-04-15,10,8,3,10,Field,8,0,0,151,151,Frank Hernandez,Katrina Wilson,Brandon White,Clear,Dusty,15679
398,2021,2021-04-14,10,8,10,10,Field,8,0,0,125,125,Patricia Preston,Dana White,Adam Harris,Cloudy,Dusty,32838
399,2020,2020-04-12,2,10,17,10,Field,2,0,0,186,186,Deanna Whitaker,Peter Vaughan,Evan Day,Clear,Used,10050
400,2019,2019-04-06,4,8,2,4,Bat,8,0,0,126,126,Marcus Davis,Kristin Jones,Sherry Clark,Rainy,Worn,23214
401,2014,2014-05-12,4,3,10,4,Bat,3,0,0,137,137,Dr. Emily Jones,Aaron Brown,Deborah Lee,Cloudy,Dusty,41944
402,2013,2013-04-21,6,1,9,1,Bat,1,55,0,168,113,Lucas Anderson,Amy Martin,Nancy Castaneda,Cloudy,Dusty,13663
403,2013,2013-04-14,7,4,13,7,Field,4,0,0,181,181,John Villanueva,Thomas Smith,Clinton Gordon,Clear,Dusty,64926
404,2014,2014-05-03,8,10,9,8,Bat,10,0,0,134,134,Dustin Clark,Elizabeth Perry,Anne Hernandez,Clear,Dusty,12669
405,2016,2016-05-29,10,7,14,7,Bat,10,0,0,128,128,Joseph Payne,Brian Pena,Terry Smith,Rainy,Fresh,10076
406,2019,2019-04-01,3,4,20,4,Field,4,0,5,183,153,Gerald Rivas,Melissa Moore,Lisa Wells,Clear,Used,25062
407,2015,2015-04-15,5,9,16,9,Bat,5,0,0,178,178,Thomas Phillips,Margaret Diaz,Ronnie Jacobs,Clear,Worn,31431
408,2016,2016-04-21,1,7,2,7,Bat,1,0,0,184,184,Jennifer Bishop,Bianca Lewis,Timothy Fritz,Clear,Worn,10335
409,2009,2009-04-11,2,6,2,6,Bat,2,0,0,197,197,Elizabeth Schultz,Stacy Sanders,Audrey Schwartz,Cloudy,Dusty,27390
410,2009,2009-04-01,6,1,9,1,Field,6,0,0,126,126,Manuel Barron,Joshua Nelson,Gregory Holmes,Clear,Worn,34427
411,2009,2009-05-10,4,7,2,4,Field,4,0,5,186,161,Anthony Evans,Michael Williams,Carol Wagner,Cloudy,Worn,35887
412,2019,2019-05-10,8,6,12,6,Bat,6,40,0,145,105,Regina Wilson,Theresa Kidd,Jacob Perez,Rainy,Fresh,38743
413,2012,2012-04-08,2,6,16,6,Field,2,0,0,154,154,Virginia Ball,Travis Fletcher,Sergio Moran,Rainy,Fresh,13075
414,2017,2017-05-08,1,10,19,10,Field,1,0,0,167,167,Heather Anderson,Donna West,Randall Thompson,Cloudy,Used,12395
415,2012,2012-04-04,2,4,7,4,Bat,4,47,0,149,102,Laura Arellano,Stephen Murphy,Kayla Huff,Clear,Used,20237
416,2011,2011-05-28,3,1,7,3,Bat,1,0,0,124,124,Martin Johnson,Darryl Hardin Jr.,Kenneth Johnson,Rainy,Worn,23477
417,2021,2021-04-09,1,6,9,1,Bat,1,34,0,189,155,Arthur Green,Carlos Kramer,Jennifer Spears,Clear,Worn,35524
418,2008,2008-04-11,5,3,3,5,Field,3,0,0,130,130,Mark Green,Sherri Blake,Gabriel Coleman,Rainy,Fresh,16714
419,2012,2012-05-14,9,1,20,1,Field,9,0,0,128,128,Ryan Reyes,Brian Roth,Lisa Murray,Clear,Dusty,20577
420,2016,2016-05-13,5,10,2,10,Field,10,0,8,208,152,Alexandra Jones,Timothy Gilbert,Alexa Gutierrez,Rainy,Worn,14830
421,2016,2016-05-18,2,10,1,10,Field,2,0,0,121,121,Kelsey Sanders,Brian Brown,Victor Cisneros,Cloudy,Worn,30563
422,2018,2018-04-25,6,2,16,2,Field,2,0,5,149,124,Melissa Chandler,Molly Wilson,Stephanie Sanchez,Rainy,Dusty,40234
423,2009,2009-05-04,3,4,18,4,Bat,4,40,0,163,123,Madeline Thomas,Anne Henderson,Keith Clark,Cloudy,Used,14076
424,2021,2021-04-16,5,6,6,6,Bat,5,0,0,197,197,Michael Powell,Abigail Wallace,Abigail Bailey,Clear,Dusty,28769
425,2020,2020-04-13,3,7,5,7,Bat,3,0,0,177,177,Michelle Boyle,Brandon Baird,Nicole Santos,Clear,Worn,12636
426,2013,2013-04-17,6,10,20,10,Bat,6,0,0,177,177,Theresa Heath,Eric Torres,David Wolfe,Clear,Fresh,16380
427,2019,2019-05-17,7,1,6,1,Field,1,0,7,184,128,Albert Ayers,Christina Arias,Sharon Rogers,Rainy,Dusty,21807
428,2018,2018-05-02,4,7,12,4,Field,4,0,1,143,135,William Lane,Beth Thomas,Ricky Leonard,Cloudy,Fresh,12836
429,2012,2012-05-02,5,1,11,5,Bat,1,0,0,123,123,Michael Young III,Shannon Callahan DVM,Joan Patton,Cloudy,Dusty,16235
430,2009,2009-04-29,7,9,1,7,Field,7,0,4,156,128,Trevor Curtis,Brian Matthews,Craig Castillo,Clear,Used,19198
431,2010,2010-05-07,8,2,5,8,Field,8,0,1,134,125,Angela Krueger,Jesse Garcia,Stephanie Garcia,Clear,Fresh,19808
432,2011,2011-05-20,10,2,14,2,Bat,10,0,0,138,138,Jacob Rodriguez,Robert Johnson Jr.,Jamie Anderson,Humid,Worn,34112
433,2017,2017-04-09,5,8,8,5,Bat,5,82,0,173,91,Bradley Gibson,Kathleen Peters,Ana Robinson,Humid,Used,41122
434,2010,2010-05-24,3,2,3,2,Bat,2,1,0,216,215,John Ellis,Jenny Mathis,Jennifer Davis,Rainy,Dusty,32883
435,2022,2022-04-10,8,10,6,8,Bat,10,0,0,168,168,Shirley Mckay,Paige Vazquez,Keith Miller,Cloudy,Dusty,19499
436,2013,2013-04-12,7,1,19,7,Field,1,0,0,125,125,Brittany Franklin,Michael King,Robert Contreras,Humid,Used,17674
437,2008,2008-05-31,4,3,11,3,Bat,3,69,0,154,85,Daisy Donaldson,Zachary Kennedy,Diane Bridges,Clear,Worn,37998
438,2022,2022-04-02,9,5,15,9,Bat,9,92,0,197,105,Courtney Dougherty,Dr. Shawn Jimenez,Thomas Anderson,Humid,Fresh,27875
439,2018,2018-05-02,8,2,12,8,Bat,2,0,0,149,149,Amanda Jensen,Danielle Yang,Ricardo Arroyo,Rainy,Used,25452
440,2014,2014-05-08,5,9,2,9,Bat,9,38,0,205,167,Maria Richards,Peter Frank,Michelle Johnson,Clear,Dusty,33932
441,2018,2018-04-07,2,4,13,2,Bat,4,0,0,139,139,Christina Ayala,Casey Hayes,Marcus Sutton,Rainy,Worn,46327
442,2013,2013-04-07,2,6,15,2,Bat,6,0,0,157,157,Mallory Villa,Lisa May,Joshua Morrow,Clear,Fresh,15560
443,2010,2010-05-24,8,10,4,10,Field,10,0,7,232,190,Stephanie Hill,Matthew Oconnor,Gloria Hernandez,Rainy,Dusty,63994
444,2011,2011-04-04,8,10,14,10,Bat,8,0,0,187,187,Sharon Mejia,Jenna Williams,Juan Howell,Cloudy,Fresh,46799
445,2010,2010-04-08,10,9,19,10,Field,10,0,7,275,212,Shelly Brown MD,Stephen Morales,Lisa Lee,Humid,Used,12044
446,2018,2018-04-15,1,5,4,5,Field,1,0,0,170,170,Marie Walsh,Brandon Nelson,Julie Barajas,Clear,Worn,40942
447,2013,2013-04-26,10,9,3,9,Field,9,0,9,185,122,Carolyn Guerrero,Regina Woodward,Andrea Mitchell,Rainy,Fresh,17456
448,2021,2021-05-17,2,5,15,2,Field,2,0,4,221,181,James Mcgee,Keith Tucker,Brianna Swanson,Rainy,Fresh,20974
449,2017,2017-05-25,10,2,2,2,Field,10,0,0,205,205,Kathleen Thomas,Danny Scott Jr.,Kayla Vasquez,Rainy,Fresh,14963
450,2009,2009-04-03,9,2,8,2,Field,9,0,0,198,198,Jacqueline Perry,Andrew Reese,Michelle Mcmillan,Cloudy,Fresh,57221
451,2012,2012-05-21,7,5,10,5,Field,7,0,0,188,188,Cody Glover,Jared Huffman,Andrew Larson,Clear,Fresh,29512
452,2013,2013-05-04,9,2,3,2,Bat,2,32,0,204,172,Michael Gordon,Amanda Moore,Katherine Kemp,Clear,Dusty,13746
453,2023,2023-04-02,4,6,2,4,Bat,4,87,0,197,110,Charles Castaneda MD,Caleb Owen,Michael Reyes,Cloudy,Used,32610
454,2017,2017-05-26,9,1,8,9,Bat,1,0,0,137,137,Kristen Kelly,Maria Moore,Robert King,Cloudy,Fresh,48931
455,2015,2015-05-06,4,1,5,4,Field,1,0,0,127,127,Joanne Weaver,Christopher Kirk,Benjamin Rivas,Clear,Fresh,28135
456,2010,2010-05-16,5,6,7,5,Bat,6,0,0,130,130,Deborah House,Eddie Page,Julie Fletcher,Rainy,Fresh,12827
457,2014,2014-04-06,6,9,4,6,Field,6,0,5,238,188,Christopher Martin,David Simmons,Susan Graves,Cloudy,Worn,38073
458,2010,2010-04-14,8,7,9,7,Field,8,0,0,204,204,Shawn Massey,Mr. Nathan Francis,Alexandria Mitchell,Cloudy,Dusty,20260
459,2021,2021-05-02,2,1,19,1,Bat,1,9,0,218,209,Holly Martinez,Molly Norris,Mary Spence,Cloudy,Fresh,21213
460,2019,2019-05-24,10,5,20,5,Field,5,0,7,229,166,Christina Poole,Megan Andrews,Carolyn Cook,Humid,Used,28255
461,2018,2018-05-08,2,3,14,3,Field,3,0,9,267,177,Monica Smith,William Lawrence DVM,William Mccormick,Cloudy,Dusty,10130
462,2021,2021-04-02,8,10,7,10,Field,8,0,0,150,150,Justin Ortiz,Ashley Hughes,Brittney Lin,Cloudy,Used,23642
463,2008,2008-05-04,8,7,2,7,Bat,8,0,0,142,142,Jennifer Cruz,Christian Ramsey,Matthew Monroe,Humid,Dusty,24522
464,2011,2011-05-27,2,5,3,5,Bat,2,0,0,191,191,Michelle Sheppard,Anthony Colon,Michael Harvey,Cloudy,Used,20202
465,2008,2008-04-21,6,9,19,9,Field,6,0,0,140,140,Joseph Rodriguez,Keith Gibson,Matthew Reynolds,Clear,Used,10873
466,2009,2009-04-17,8,3,2,8,Bat,3,0,0,188,188,Courtney Gilbert,Michael Kim,Billy Marshall,Cloudy,Fresh,31245
467,2015,2015-04-20,2,6,10,2,Field,6,0,0,140,140,Lisa Martinez,Richard Salas,Edward Johnston,Clear,Worn,76121
468,2008,2008-05-14,9,6,5,6,Bat,6,47,0,137,90,Laura Weber,Jennifer Rowe,April Morales,Clear,Fresh,24028
469,2009,2009-04-10,9,5,9,5,Bat,9,0,0,133,133,Kimberly Moody,James Adams,Michael Chapman,Rainy,Dusty,22165
470,2008,2008-04-06,9,7,15,7,Bat,7,5,0,133,128,Roger Carroll,Alan Pittman,Nicole Russell,Humid,Worn,27840
471,2015,2015-04-13,4,3,16,3,Bat,3,82,0,170,88,Janice Jackson,Kendra Beard,Gary Sanchez,Humid,Dusty,20236
472,2022,2022-04-05,5,6,14,6,Field,6,0,8,265,169,Melanie Smith,Patricia Chambers,Mark Miller,Humid,Worn,13529
473,2021,2021-05-18,6,8,13,8,Bat,8,63,0,131,68,David Jones,Tyler Johnson,Catherine Hicks,Humid,Dusty,48702
474,2011,2011-04-01,6,5,6,5,Field,6,0,0,146,146,Michelle White,Samantha Perez,Christina Love,Rainy,Used,55615
475,2018,2018-04-19,3,1,10,3,Bat,1,0,0,198,198,Brandon Singh,Nicole Butler,Margaret Graham,Rainy,Fresh,71642
476,2014,2014-05-11,9,3,6,9,Field,3,0,0,161,161,Stephanie Snyder,Victoria Thomas,Danny Vazquez,Cloudy,Fresh,48666
477,2022,2022-05-24,6,9,2,6,Field,9,0,0,175,175,Antonio Hurst,Mr. George Thomas,Michelle Brown,Humid,Fresh,42723
478,2009,2009-05-20,7,8,17,8,Bat,8,33,0,147,114,James White,Scott Anderson,Angela Esparza,Rainy,Dusty,11208
479,2023,2023-05-02,2,7,19,2,Field,2,0,3,179,161,Michelle Sanchez,Scott Lawrence,Rachel Nicholson,Rainy,Worn,11493
480,2019,2019-04-01,8,9,17,9,Field,9,0,7,213,150,Melissa Harrison,Blake Russo,Krista Weber,Cloudy,Worn,17845
481,2009,2009-05-16,3,2,7,2,Field,2,0,9,276,168,Leonard Baker,Angela Collier,Kelsey Torres,Humid,Fresh,21831
482,2010,2010-05-12,2,1,13,2,Bat,1,0,0,167,167,Sarah Tucker,Douglas Harvey,Jamie Luna,Clear,Worn,25474
483,2022,2022-04-29,8,4,20,8,Field,4,0,0,202,202,Charlene Clark,Jessica Giles,William Yates,Rainy,Dusty,24454
484,2015,2015-04-28,8,10,6,10,Bat,8,0,0,210,210,Timothy Tucker,George Moore,David Jones,Cloudy,Fresh,66495
485,2008,2008-05-17,10,6,16,10,Field,6,0,0,203,203,Andrew Pham,Jennifer Scott,Patricia Taylor,Cloudy,Dusty,34129
486,2013,2013-04-14,6,8,6,8,Field,6,0,0,199,199,Amy Jones,Debra Duffy,Matthew Sosa,Clear,Fresh,34092
487,2022,2022-04-15,10,9,10,9,Field,10,0,0,216,216,Todd Juarez,John Ballard,Laura Jackson,Clear,Fresh,13966
488,2016,2016-04-03,7,5,15,7,Field,7,0,1,199,194,Adriana Kirk,Chad Whitney,Tammy Branch,Humid,Dusty,30088
489,2021,2021-04-25,2,5,2,2,Field,5,0,0,138,138,Kimberly Jennings,Jordan Guerrero,Carlos Russell,Clear,Worn,40118
490,2013,2013-05-15,6,2,7,6,Bat,6,43,0,201,158,Kara Salazar,Stacie Graham,John Green,Rainy,Worn,12575
491,2017,2017-05-26,8,1,3,8,Bat,1,0,0,200,200,Bailey Baker,Barbara Carey,Evan Johnson,Cloudy,Used,19623
492,2020,2020-05-18,4,7,16,4,Field,4,0,8,233,185,Jon Christensen,Sandra Nash,Christine Blankenship,Rainy,Used,21251
493,2014,2014-05-31,5,6,11,5,Bat,6,0,0,145,145,Gene Simpson,Kelly Levy,Mr. Jeremiah Patterson,Rainy,Dusty,32859
494,2019,2019-05-20,6,5,13,5,Bat,5,12,0,143,131,Christina Meyer,Diane Bell,Alicia Berry,Rainy,Fresh,25360
495,2014,2014-04-23,2,8,18,2,Bat,8,0,0,142,142,Richard Miller,Michele Rhodes,Jordan Callahan,Cloudy,Worn,22748
496,2017,2017-05-26,1,5,20,1,Field,5,0,0,153,153,Michael Campos,Melissa Stevenson,Terry Cobb,Humid,Used,26519
497,2014,2014-04-04,2,7,11,7,Field,7,0,9,192,120,Joseph Sanders,Adam Brown,Ashley Martinez,Rainy,Used,13980
498,2019,2019-04-28,1,7,10,1,Field,7,0,0,152,152,Justin Hebert,Dr. Daniel Franklin,Andrea Torres,Rainy,Fresh,55788
499,2011,2011-05-28,10,9,14,10,Bat,9,0,0,205,205,Felicia Lopez,Nicole Porter,David Matthews,Cloudy,Used,26548
500,2018,2018-05-13,4,8,19,4,Bat,4,2,0,215,213,Raymond Copeland,Zachary Boyd,Brandy Schroeder,Humid,Fresh,14746
501,2014,2014-04-16,9,10,8,10,Bat,9,0,0,152,152,Amber Cooper,Richard Shepard,Jeffrey Watson,Humid,Fresh,36759
502,2021,2021-05-22,4,10,19,10,Bat,10,37,0,123,86,Juan Lynch,Angela Lewis,Eric Holloway,Humid,Worn,18670
503,2016,2016-05-26,4,6,3,4,Bat,4,89,0,185,96,Jason Heath,Julie Jones,Robert Clark,Rainy,Used,35086
504,2015,2015-05-16,4,2,13,2,Field,4,0,0,160,160,Randy Mills,Stacy Harvey,Michelle Larsen,Rainy,Fresh,13389
505,2020,2020-04-21,5,9,9,5,Field,9,0,0,150,150,Danny Boyle,Christopher Allen,Dr. Cody Wiley,Rainy,Used,12698
506,2023,2023-04-11,7,4,17,7,Bat,7,82,0,163,81,Juan Perez,Stephen Hammond,Brittany Glenn,Cloudy,Fresh,48128
507,2019,2019-04-18,7,10,7,10,Bat,10,99,0,173,74,Nathaniel Mitchell,Tanya Jimenez,Charles Ayala,Rainy,Fresh,12072
508,2017,2017-04-13,8,9,5,8,Field,8,0,7,269,185,Stephanie Russell,Ann Watkins,John Henderson,Cloudy,Dusty,22998
509,2010,2010-04-15,3,9,9,3,Bat,9,0,0,152,152,William Anderson,Kelly Nolan,Christopher Montoya,Cloudy,Worn,25428
510,2014,2014-05-05,8,6,18,6,Field,8,0,0,214,214,Michael Young,Sandra Hall,Glen Luna,Humid,Fresh,20643
511,2015,2015-04-29,2,4,15,4,Field,4,0,9,236,146,Kevin Smith,Scott Reyes,Susan Mclean,Cloudy,Dusty,13459
512,2017,2017-04-05,8,7,19,7,Field,7,0,6,228,156,Nicole Patel,Kim Hood,Shannon Davis,Cloudy,Worn,16042
513,2013,2013-04-15,7,4,20,7,Bat,7,91,0,142,51,Marvin Howard,Bobby Martinez,Theresa Foster,Clear,Used,14730
514,2013,2013-05-31,4,7,12,7,Bat,4,0,0,175,175,Amy Hayes,Jill Marshall,Kristi Smith,Humid,Fresh,18491
515,2008,2008-04-23,6,1,5,6,Field,6,0,1,205,200,Elizabeth Reese,Andrew Williams,Jason Ward,Humid,Dusty,25150
516,2021,2021-05-12,2,7,8,7,Bat,2,0,0,163,163,Joshua Murray,Molly Flores,Valerie Dominguez,Humid,Worn,29425
517,2020,2020-04-24,1,6,14,6,Bat,1,0,0,128,128,Brian Wilson,Kara Chaney,Theresa Richardson,Clear,Used,46671
518,2010,2010-04-21,6,10,13,10,Field,10,0,3,157,121,Victor Henderson,Heather Fleming,Teresa Price,Humid,Fresh,15805
519,2022,2022-05-16,5,8,16,5,Field,8,0,0,214,214,Ryan Chambers,Carla Ward,Lauren Curtis,Clear,Worn,41439
520,2011,2011-04-05,7,5,16,7,Bat,5,0,0,195,195,Sarah Singh,Chad Kramer,Shannon Lopez,Cloudy,Fresh,20798
521,2017,2017-04-15,6,9,13,9,Bat,9,37,0,218,181,Andrew Tate,Kevin Perez,Samantha Sutton,Humid,Used,54045
522,2012,2012-04-07,8,9,18,9,Bat,9,95,0,145,50,Jennifer Davis,Patricia Matthews,Beverly Mccoy,Cloudy,Worn,16069
523,2008,2008-05-18,3,9,1,3,Field,3,0,2,173,153,Xavier Wilson,Melissa Lawson,Ashley Hamilton,Clear,Dusty,26140
524,2010,2010-04-15,2,10,2,2,Field,2,0,2,178,160,Monica Page,Megan Johnson,Kenneth Reed,Rainy,Fresh,23091
525,2015,2015-04-18,8,6,17,6,Field,8,0,0,122,122,Mrs. Emily Morrow,Michelle Sharp,Scott Washington,Rainy,Fresh,11443
526,2008,2008-04-13,10,1,18,10,Field,1,0,0,179,179,Jamie Campbell,Melanie Hodges,Steven White,Rainy,Dusty,18627
527,2016,2016-05-01,3,8,17,3,Bat,8,0,0,218,218,Lisa Delacruz,Patricia Pierce,Tommy Gonzalez II,Clear,Worn,59209
528,2011,2011-04-05,8,4,5,4,Bat,8,0,0,171,171,Mrs. Amber Cochran,Timothy Compton,Mark Rhodes,Humid,Fresh,11578
529,2009,2009-05-16,3,9,18,9,Field,3,0,0,210,210,Joseph Simmons,Tiffany Gilmore,Holly Alvarez,Rainy,Fresh,12772
530,2019,2019-05-27,8,1,10,8,Field,1,0,0,136,136,Mercedes Hooper,Danielle Owens,Jamie Christensen,Rainy,Worn,61144
531,2008,2008-04-12,2,3,4,2,Bat,3,0,0,136,136,Darrell Hoffman,David Poole,Jennifer Rios,Clear,Used,56288
532,2011,2011-04-03,1,7,15,1,Bat,1,85,0,139,54,Tammy Rios,William Ryan,Jeffrey Hess,Clear,Fresh,11776
533,2016,2016-04-29,8,6,13,6,Bat,8,0,0,182,182,John Holmes,Whitney Robinson,David Vazquez,Cloudy,Worn,61887
534,2023,2023-05-21,7,3,16,7,Field,7,0,5,221,176,Mark Page,Daniel Cole,Stephanie Padilla,Humid,Used,17988
535,2020,2020-04-24,4,9,13,4,Bat,4,98,0,130,32,Patrick Marshall,Kathy Robertson,Carol Baker,Rainy,Used,16602
536,2010,2010-05-02,6,9,3,6,Bat,9,0,0,164,164,Manuel Russo,Harry Chang,Mr. Miguel Smith,Clear,Used,34168
537,2012,2012-05-02,7,1,9,1,Bat,1,39,0,173,134,Jeffery Dunn,Derrick Wilson,Bryce Barber,Clear,Dusty,23029
538,2017,2017-04-26,1,8,17,1,Bat,1,5,0,127,122,Patricia Mcdonald,Valerie Rosales,Susan Bailey,Rainy,Fresh,41276
539,2011,2011-05-31,6,1,7,1,Field,1,0,4,201,161,Brittany Harris,Melissa Hansen,Michelle Watkins,Clear,Dusty,20876
540,2020,2020-05-24,6,9,8,6,Field,9,0,0,122,122,Danny Phillips,Erin Williamson,Stephanie Nielsen,Cloudy,Dusty,40860
541,2008,2008-04-08,6,5,8,6,Field,6,0,3,205,169,Anthony Hudson,Sherry Harmon,Meagan Nguyen,Rainy,Used,12655
542,2022,2022-04-22,4,9,18,9,Bat,9,20,0,137,117,Stephanie Clark,Brandon Cook,Julie Novak,Cloudy,Worn,15229
543,2022,2022-04-26,7,6,20,6,Field,6,0,2,230,214,Victoria Harris,James Hernandez,Courtney Gomez,Humid,Used,26115
544,2019,2019-04-25,6,4,10,6,Bat,6,69,0,191,122,David Sanders,Barbara Delacruz,Beth Flowers,Clear,Dusty,48479
545,2008,2008-05-24,7,9,14,9,Field,7,0,0,190,190,Gregory Ramirez,Jeff Bishop,Sarah Trujillo,Cloudy,Used,28996
546,2012,2012-04-17,2,9,13,2,Bat,9,0,0,218,218,Michael Miller,Tina Pacheco,Bryan Alvarez,Humid,Dusty,19091
547,2010,2010-05-15,6,8,1,6,Bat,6,4,0,160,156,Jane Warren,David Calderon,Marilyn Yang,Clear,Worn,23586
548,2022,2022-04-12,2,4,16,2,Field,2,0,9,218,146,Barbara Adkins,Megan Obrien,John Moore,Rainy,Dusty,15726
549,2011,2011-05-05,7,3,18,7,Field,3,0,0,182,182,John Mcdonald,Amy Gonzalez,Jacob Medina,Humid,Worn,14026
550,2013,2013-04-14,4,8,12,8,Field,8,0,4,217,197,Daniel Delgado,Jennifer Kirk,David Morgan,Humid,Worn,28168
551,2008,2008-04-18,6,7,7,7,Field,6,0,0,137,137,Maria Salas,Jennifer Manning,Jacqueline Rivera,Cloudy,Worn,24131
552,2008,2008-04-27,10,5,2,10,Bat,10,80,0,212,132,Robert Vaughan,Jay Burke,Raymond Murray,Rainy,Fresh,13883
553,2010,2010-04-18,4,7,19,7,Bat,7,53,0,188,135,Sherri Ortiz,Ryan Brown,Cassandra Juarez,Clear,Dusty,18661
554,2013,2013-05-07,9,5,18,9,Field,9,0,4,170,126,Daniel Lee,Alexis Rasmussen,Julie Stephenson,Humid,Worn,18841
555,2020,2020-04-16,10,5,17,10,Field,5,0,0,169,169,Sandra Shaffer,Jacob West,Kayla Richards MD,Cloudy,Used,51293
556,2015,2015-04-17,3,8,8,8,Field,3,0,0,139,139,Jodi Shields,Elizabeth Malone,Andre Morrison,Cloudy,Worn,10276
557,2017,2017-04-06,6,7,11,7,Bat,6,0,0,145,145,Michael Simmons,Mark Bennett,Sean Boone,Humid,Fresh,43141
558,2009,2009-04-27,10,6,5,10,Bat,6,0,0,123,123,Dale Jensen,Stacey Boyer,Susan Browning,Clear,Dusty,17554
559,2009,2009-04-09,5,7,8,5,Field,7,0,0,189,189,Richard Wise,Michelle Anderson,Linda Gonzalez,Humid,Used,17196
560,2014,2014-05-06,6,2,20,6,Bat,6,15,0,174,159,Angel Schwartz,Stephanie Cruz,Alexis Herrera,Rainy,Dusty,18941
561,2019,2019-05-11,10,3,14,3,Field,10,0,0,153,153,Ashley Graham,David Werner,Tara Sullivan,Humid,Dusty,17294
562,2019,2019-05-22,3,6,15,6,Bat,3,0,0,122,122,Christopher Shelton,Angela Montgomery,Amanda Miller,Cloudy,Used,35856
563,2015,2015-04-20,10,3,19,3,Field,10,0,0,164,164,Sara French,Laura Miller DDS,Tracy Mccullough,Rainy,Fresh,20557
564,2020,2020-05-27,2,5,16,2,Bat,2,65,0,183,118,Sean Vincent,Mr. Albert Phillips,Emily Whitaker,Rainy,Fresh,20727
565,2014,2014-04-24,2,8,14,2,Field,2,0,2,191,171,Christian Valentine,Sean Young,Kelly Anderson,Clear,Used,20257
566,2015,2015-05-03,2,10,16,2,Field,10,0,0,182,182,Krista Burns,David Clarke,Sandra Jones,Cloudy,Worn,15274
567,2015,2015-04-13,6,2,17,2,Bat,6,0,0,147,147,Eric Salazar,Robert Benson,Kim Myers,Cloudy,Used,16952
568,2022,2022-05-22,1,5,9,5,Bat,5,35,0,194,159,Ashley Garcia,Timothy Smith,Marc Case,Humid,Fresh,22852
569,2016,2016-04-23,3,1,20,3,Bat,1,0,0,123,123,Dr. Eric Cooper,Dr. Kevin Black,Brandon Dunn,Humid,Fresh,14382
570,2020,2020-05-08,1,6,5,1,Bat,1,90,0,207,117,Bobby House,Robert Carter,Misty Bowman,Humid,Fresh,13486
571,2018,2018-05-24,10,9,17,10,Field,10,0,7,192,136,Zachary Moore,Vanessa Hill,Timothy Richardson,Rainy,Dusty,14158
572,2020,2020-04-15,9,8,14,8,Field,9,0,0,126,126,David Meyer,Charles Jackson MD,David Mooney,Humid,Used,26380
573,2023,2023-05-17,2,5,16,2,Field,2,0,6,236,170,Stephanie Dennis,Ashley Woodard,Nicole Frank,Humid,Fresh,41978
574,2012,2012-04-11,1,5,14,5,Field,1,0,0,199,199,James Walter,Michael Schultz,Michael Coffey,Rainy,Dusty,44644
575,2012,2012-05-18,10,2,19,2,Field,10,0,0,152,152,James Barnes,Thomas Green,Rodney Gomez,Cloudy,Dusty,17428
576,2017,2017-05-20,1,5,14,5,Bat,1,0,0,136,136,Susan Foster,Cynthia Chapman,Angel Burnett,Cloudy,Worn,10582
577,2021,2021-04-26,9,2,12,2,Field,2,0,1,153,147,Patrick Mendoza,John West,Juan Jenkins,Cloudy,Fresh,38659
578,2009,2009-05-17,7,5,12,5,Field,7,0,0,146,146,Shannon Jordan,Kayla Cooper,Matthew Taylor,Humid,Worn,35894
579,2019,2019-04-29,5,9,14,9,Field,5,0,0,158,158,Brianna Jensen,Barbara Cameron,Brandon Jackson,Rainy,Fresh,42519
580,2018,2018-04-19,2,4,14,4,Bat,4,8,0,193,185,Selena Silva,Robert Sparks,Mary Strong,Clear,Fresh,52820
581,2023,2023-04-07,1,6,19,1,Field,6,0,0,142,142,Ashley Boyd,Shelby Clements,Grant Price,Rainy,Worn,17538
582,2020,2020-05-20,5,3,20,5,Field,5,0,8,228,140,Carolyn Lloyd,Brandon Sanchez,Janet Smith,Rainy,Worn,16350
583,2013,2013-05-25,5,3,18,3,Bat,5,0,0,155,155,Jason Rogers,Cindy Roberts,Barry Taylor,Clear,Dusty,12813
584,2011,2011-05-30,6,7,4,6,Bat,6,84,0,170,86,Paul Meyer,Phillip Torres,Justin Gonzalez,Clear,Worn,42595
585,2009,2009-05-20,6,4,7,6,Field,4,0,0,206,206,Christina Wilson,Aaron Blevins,Justin Copeland,Humid,Dusty,20978
586,2008,2008-04-27,3,9,10,9,Bat,9,87,0,218,131,Angela Moore,Jennifer Long,David Russell,Cloudy,Worn,68048
587,2020,2020-04-25,2,1,13,1,Field,2,0,0,157,157,Brian Johnson,Lori Moses,Dawn Byrd,Clear,Worn,32756
588,2017,2017-04-30,1,5,3,5,Bat,5,24,0,199,175,Stephanie Harris,Roberto Hall,Collin Greer,Rainy,Used,23166
589,2013,2013-04-30,4,3,1,3,Bat,3,87,0,176,89,Robert Gray,Lisa Stone,Rebecca Hopkins,Humid,Dusty,25772
590,2014,2014-05-01,9,5,20,5,Bat,5,46,0,177,131,Erin Hayes,Sandra Castro,Brenda Moore,Humid,Fresh,22004
591,2017,2017-04-25,8,4,18,4,Bat,8,0,0,208,208,Robert Howard,Steven Wright,Blake Caldwell,Cloudy,Dusty,17667
592,2014,2014-05-20,4,3,10,3,Bat,4,0,0,156,156,Erik Hernandez,Jessica Jones,Alicia Stone,Cloudy,Worn,20837
593,2015,2015-04-06,1,4,11,1,Field,1,0,7,189,147,Cynthia Price,Billy Hartman,Edward Haas,Clear,Dusty,29921
594,2016,2016-04-25,2,8,5,2,Field,8,0,0,139,139,Shannon Lopez,Ruth Nelson,Matthew Brown,Clear,Dusty,25142
595,2012,2012-04-27,1,4,18,4,Field,1,0,0,217,217,John Patel,Kyle George,Leslie Elliott,Cloudy,Worn,22264
596,2011,2011-04-10,2,9,16,9,Field,9,0,5,199,159,Lisa Rivera,Joshua Sandoval,Sandra White,Humid,Used,33930
597,2023,2023-04-18,7,10,5,10,Bat,7,0,0,189,189,Keith Williams,Debbie Hayden,Julian Barnes,Cloudy,Used,26884
598,2022,2022-05-24,9,4,2,9,Bat,4,0,0,220,220,Zachary Clarke,Jeffery Huber,Angela Singh,Cloudy,Used,38195
599,2017,2017-05-11,5,9,19,5,Bat,9,0,0,174,174,Ashley Jennings,Amanda Maddox,Christine Fletcher,Clear,Used,18855
600,2008,2008-04-04,5,7,14,7,Field,5,0,0,188,188,Christine Potter,Marie Williams,John Jensen,Rainy,Worn,34985
601,2019,2019-05-12,7,1,7,1,Field,1,0,1,189,179,Stanley Scott,Howard Smith,Dr. Shirley Baldwin,Humid,Dusty,14353
602,2011,2011-04-15,8,3,7,8,Field,8,0,3,167,131,Dr. Jamie Green,Mary Carroll,Kimberly Matthews,Rainy,Fresh,24061
603,2021,2021-04-29,9,2,6,2,Bat,9,0,0,126,126,Sarah Hensley,Benjamin Brown,Bradley Ellison,Humid,Fresh,67020
604,2014,2014-04-22,10,3,1,3,Bat,10,0,0,135,135,Christopher Calderon,Rebecca Harris,Tom Fisher,Clear,Fresh,53271
605,2022,2022-05-29,8,7,2,7,Field,8,0,0,186,186,Patricia Rose,Catherine Smith DVM,Javier Andrade,Rainy,Worn,44562
606,2011,2011-04-03,5,7,4,7,Bat,5,0,0,147,147,Samantha Jefferson,Jamie Werner,Mark Lopez,Clear,Worn,24203
607,2019,2019-04-20,1,4,10,4,Field,4,0,8,208,168,Austin Newman,Roy Smith,Jennifer Jones,Humid,Fresh,60961
608,2013,2013-05-29,5,3,5,3,Bat,5,0,0,198,198,Melanie Kirk,Courtney Kidd,Rita Stewart,Clear,Used,25496
609,2011,2011-05-05,1,8,12,8,Bat,1,0,0,121,121,Amy Wilson,Thomas Chavez,Joshua Johnson,Cloudy,Fresh,26624
610,2017,2017-04-19,1,9,10,9,Bat,1,0,0,187,187,Christopher Farrell,Brian Bailey,Jason Bond,Clear,Worn,11169
611,2018,2018-05-19,7,1,6,7,Field,1,0,0,141,141,David Cox,Jasmine Ramirez,Mr. Keith Miller,Humid,Worn,34560
612,2017,2017-05-09,8,7,15,7,Field,7,0,9,223,160,Jeffrey Gilbert,Michael Gordon,Karen Taylor,Humid,Dusty,28950
613,2014,2014-05-08,10,3,15,3,Field,10,0,0,166,166,Sherry Lyons,Denise Gates,Katie Davila,Rainy,Used,18237
614,2014,2014-05-24,1,2,16,2,Field,2,0,4,182,142,Patrick Case,Brett Glenn,Tracy Lee,Humid,Used,20522
615,2013,2013-04-22,5,10,9,5,Field,5,0,1,209,202,Robert Sandoval,Stephen Brown,Melissa Young,Rainy,Used,34506
616,2023,2023-04-29,8,4,9,8,Field,4,0,0,160,160,David Combs,William Shelton MD,Joyce Santos,Clear,Fresh,29737
617,2020,2020-05-28,5,8,16,5,Field,8,0,0,149,149,Justin Edwards,Kiara Adams,Shelly Jarvis,Rainy,Used,18978
618,2018,2018-05-22,7,8,9,7,Bat,8,0,0,126,126,William Moore,Emily Andrews,Dawn Phillips,Humid,Worn,14766
619,2023,2023-05-02,7,6,12,7,Bat,7,9,0,128,119,Nicholas Lopez,Beth Gray,Melanie Nunez,Rainy,Fresh,32821
620,2019,2019-04-18,10,9,13,9,Bat,9,72,0,128,56,Chad Lloyd,Barbara Horn,Jill Morgan,Clear,Used,28021
621,2021,2021-04-25,7,5,11,5,Bat,5,56,0,138,82,Michael Moore,Willie Webb,Lucas Nixon,Humid,Worn,46673
622,2023,2023-05-26,4,7,2,4,Field,7,0,0,190,190,Teresa Eaton,Jason Thomas,Eric Ortiz,Clear,Worn,13343
623,2021,2021-05-08,6,7,13,6,Field,7,0,0,175,175,Nancy Franco,Christopher Hale,Brianna Gibson,Humid,Worn,66958
624,2008,2008-04-04,3,5,2,3,Field,3,0,3,184,166,Tina Moore DVM,Tiffany Hendricks,Jessica Brennan,Cloudy,Used,42278
625,2014,2014-04-28,5,9,10,9,Field,9,0,5,238,188,Taylor Mendoza,William Hayes,Douglas Bowen,Clear,Fresh,66167
626,2017,2017-05-29,6,3,4,6,Bat,6,45,0,130,85,Robin Bailey,Dorothy Torres,Jennifer Phillips,Clear,Dusty,33416
627,2017,2017-04-07,3,6,14,3,Bat,3,29,0,154,125,Anthony Wright,Ronald Carter,Joshua Weeks,Cloudy,Used,50082
628,2023,2023-04-21,10,3,17,3,Bat,10,0,0,139,139,Christopher Johnson,Shaun York,Alexandria Hardy,Cloudy,Used,59132
629,2022,2022-04-17,8,9,14,8,Field,8,0,6,203,143,Cheryl Hart,Daniel Best,Mary Lee,Rainy,Dusty,29292
630,2009,2009-04-11,10,1,19,1,Field,1,0,3,153,123,James Ramirez,Shannon Pineda,Jesse Tucker,Cloudy,Dusty,13111
631,2011,2011-05-24,3,9,4,9,Field,9,0,5,174,149,Christina Ross,Derek Woods,Javier Kramer,Humid,Dusty,16450
632,2009,2009-05-01,10,4,12,4,Bat,4,60,0,191,131,Eddie Rojas,Thomas Sharp,Maria Raymond,Humid,Fresh,13218
633,2008,2008-04-28,5,7,9,5,Bat,5,72,0,192,120,Jim Gates,Audrey Cummings,Kristina Sampson,Clear,Fresh,27014
634,2009,2009-05-13,1,5,1,1,Field,5,0,0,156,156,Joseph Soto,Maria Carr,Karen Warner,Cloudy,Worn,37375
635,2015,2015-05-04,9,4,14,9,Field,9,0,9,231,141,Brian Patterson,Michelle Obrien DDS,John Weeks,Rainy,Worn,43880
636,2009,2009-05-24,3,9,1,3,Field,3,0,8,288,200,Mary Cabrera,Justin Frank,Michael Lopez,Cloudy,Worn,35966
637,2012,2012-04-26,6,7,5,7,Bat,6,0,0,129,129,James Harris,Jennifer Allen,William Carlson,Rainy,Fresh,10460
638,2013,2013-05-05,1,4,6,4,Bat,1,0,0,126,126,Jesse Chambers,Nathaniel Knight,Mark King,Cloudy,Dusty,21996
639,2021,2021-04-06,10,7,8,7,Bat,7,3,0,168,165,Jennifer Young,Ricky Vega Jr.,Maria Gray,Humid,Worn,11976
640,2019,2019-04-28,9,2,2,2,Field,2,0,7,237,153,Kyle Freeman,Cynthia Yates,Jason Martinez,Rainy,Worn,20571
641,2013,2013-05-07,7,4,7,7,Field,4,0,0,185,185,Jessica Bailey,Gina Schwartz,Timothy Mcgee,Humid,Used,12716
642,2022,2022-05-07,5,2,19,5,Field,2,0,0,152,152,Justin Medina,Terry Mann,Elizabeth Choi,Humid,Worn,15367
643,2018,2018-04-10,7,5,18,7,Field,7,0,3,168,153,Manuel Rowe,Jennifer Richardson,Jeffrey Garcia DVM,Clear,Used,16213
644,2014,2014-04-11,1,6,20,6,Bat,6,52,0,167,115,Charles Cole,Derek Smith,Gloria Reed PhD,Clear,Worn,17655
645,2008,2008-04-21,8,7,15,7,Field,8,0,0,160,160,Jessica Aguilar,Stephanie Murphy,Kristina Rhodes,Humid,Fresh,39347
646,2010,2010-05-11,2,1,16,1,Bat,2,0,0,121,121,Kim Thompson,Jason Scott,James Vega,Clear,Fresh,19018
647,2011,2011-05-22,8,5,14,8,Bat,8,2,0,143,141,Ashley Sandoval,Michael Rose,James Cortez,Cloudy,Fresh,45559
648,2021,2021-04-03,2,7,18,2,Bat,7,0,0,148,148,Kristina Simpson,Matthew Blake,Danny Wallace,Humid,Worn,22394
649,2016,2016-05-28,8,5,6,5,Field,5,0,7,273,217,Linda Graham,Shannon Burke,Mark Hansen,Humid,Worn,73806
650,2018,2018-04-15,8,10,1,10,Field,8,0,0,147,147,Jennifer Khan,Edward Baird,Lisa Hughes,Humid,Dusty,32468
651,2014,2014-04-11,7,5,3,7,Field,7,0,8,221,133,Jeff Turner,Stephen Perry,Kim Thompson,Clear,Used,11563
652,2012,2012-04-16,10,6,4,6,Bat,6,73,0,161,88,Benjamin Williams,Christopher Gibson,Tammy Roth,Clear,Dusty,26877
653,2008,2008-05-31,6,1,2,6,Field,6,0,7,227,150,Crystal Lee,Michelle Ramsey,Sandra Keller,Humid,Used,26676
654,2014,2014-05-17,10,8,17,10,Bat,10,64,0,156,92,Paul Wade,Mario Miller,Beverly Fleming,Cloudy,Dusty,24188
655,2022,2022-05-01,2,10,9,10,Bat,10,45,0,198,153,Kimberly Wallace,Paul Stokes,William Thomas,Clear,Used,28402
656,2020,2020-04-16,5,1,15,5,Field,1,0,0,137,137,Nicholas Wilkinson,Lori Lopez,Mr. David Brewer,Humid,Used,24741
657,2008,2008-05-04,8,5,10,5,Field,5,0,3,197,164,Cassandra Walters,Debbie Hopkins,Rebecca Cervantes,Humid,Dusty,55860
658,2015,2015-04-18,10,3,8,3,Field,10,0,0,176,176,Ivan Perez,Chad Carpenter,Johnny Stokes,Rainy,Dusty,55324
659,2019,2019-04-05,5,9,6,5,Bat,9,0,0,195,195,Amy Cox,Chad Thompson,Mr. Jeffrey Pace,Humid,Dusty,66521
660,2013,2013-05-26,3,6,16,3,Bat,6,0,0,134,134,Brandon Sosa,Sara Morris,Joshua Stewart,Cloudy,Worn,37685
661,2011,2011-04-28,1,6,11,1,Bat,6,0,0,140,140,Jeremy Obrien,Connor Macias,Leslie Chapman,Cloudy,Dusty,38520
662,2018,2018-05-21,1,5,9,1,Bat,1,70,0,157,87,Melissa White,Dylan Dyer,Christopher Osborne,Clear,Fresh,20386
663,2020,2020-05-26,9,2,5,2,Bat,2,46,0,140,94,David Mendoza,Kimberly Daugherty,Amber Woods,Rainy,Worn,15146
664,2008,2008-05-27,2,3,14,2,Bat,3,0,0,177,177,Rebecca Santos,Jason Elliott,Linda Kline,Rainy,Dusty,20668
665,2008,2008-05-31,3,4,11,4,Field,3,0,0,132,132,Robin Morgan,Jacqueline Hernandez,Sarah Norman,Clear,Worn,46340
666,2015,2015-04-05,4,10,10,10,Bat,4,0,0,178,178,Debbie Nguyen,Mr. Jeff Davis,James Johnson,Rainy,Dusty,26684
667,2020,2020-05-02,8,7,9,7,Field,8,0,0,138,138,David Estrada,Shelia Mason,Carol Adkins,Cloudy,Worn,13030
668,2019,2019-05-19,6,5,4,5,Bat,6,0,0,162,162,Daniel Hall,Casey Clark,Scott Mason DDS,Cloudy,Used,22366
669,2009,2009-04-25,9,7,7,9,Bat,7,0,0,124,124,Brandy Massey,Thomas Ray,Miss Erin Oliver,Cloudy,Used,15621
670,2014,2014-04-07,5,10,6,10,Field,10,0,2,147,127,Michael Bennett,Angela Hernandez MD,Carrie Salazar,Clear,Fresh,32464
671,2023,2023-04-19,6,10,9,6,Bat,10,0,0,120,120,Mary Salas,Mr. Jacob Valdez,Scott Walker,Cloudy,Fresh,36038
672,2013,2013-05-21,9,2,9,9,Field,2,0,0,138,138,Anthony Williams,Angela Salinas,Sherri Rodgers,Cloudy,Worn,18578
673,2020,2020-04-07,5,9,6,9,Field,5,0,0,156,156,David Singleton,Anita Schultz,Erin Singleton,Rainy,Fresh,37494
674,2023,2023-04-23,1,4,7,1,Field,4,0,0,145,145,Tiffany Sims,Dustin Collins,Kimberly Taylor,Clear,Fresh,20133
675,2013,2013-05-03,9,6,20,6,Bat,6,7,0,212,205,Jose Everett,Judy Carter,Kevin Mccullough,Cloudy,Dusty,23836
676,2023,2023-04-18,4,7,15,4,Field,4,0,5,169,134,Kimberly Santiago,Jeffrey Green,Deborah Rodriguez,Rainy,Dusty,17594
677,2023,2023-05-01,2,5,20,5,Field,5,0,3,152,128,Madison Daniels,Timothy Jordan,Matthew Wiley,Clear,Worn,12370
678,2010,2010-04-19,6,8,19,8,Field,8,0,9,258,204,Susan Bowen,Scott Hall,Billy Patel,Cloudy,Dusty,21111
679,2009,2009-05-05,2,10,2,2,Field,2,0,8,268,196,Daniel James,Angela Gonzalez,Roger Gray,Clear,Used,18803
680,2018,2018-04-12,3,4,1,4,Field,4,0,6,198,126,Pamela Porter,Stephen Nguyen,Tracy Mcfarland,Cloudy,Fresh,50881
681,2023,2023-04-24,7,1,2,1,Bat,1,69,0,162,93,Angela Bennett,Jonathon Winters,Lindsay Thornton,Clear,Worn,10988
682,2016,2016-05-01,10,4,11,10,Field,4,0,0,123,123,Leslie Brown,Alex Wong,Kim Snyder,Clear,Dusty,15347
683,2013,2013-05-12,5,6,8,6,Bat,6,51,0,209,158,Adrian Golden,Bryan Bryan,Stephen Sanders,Humid,Dusty,29955
684,2013,2013-04-15,3,10,7,10,Field,10,0,5,185,140,Karen Reyes,Nancy Mitchell,Tara Williams,Cloudy,Worn,21831
685,2014,2014-05-10,5,4,2,4,Field,5,0,0,147,147,Jennifer Obrien,James Ochoa,Loretta Davis,Clear,Dusty,34497
686,2019,2019-04-13,4,2,17,4,Bat,2,0,0,177,177,Sarah Hamilton,Michael Gibson,Matthew Becker,Rainy,Used,28976
687,2014,2014-05-24,1,6,9,1,Bat,1,18,0,220,202,Andrea Harrell,Victoria Perez,Jacqueline Trevino,Clear,Fresh,16249
688,2021,2021-05-20,7,2,10,2,Bat,7,0,0,139,139,Juan Olsen,Isaac Henderson,Mary Carson,Clear,Dusty,30174
689,2017,2017-05-12,3,10,13,10,Bat,3,0,0,166,166,Jason Richard,Jordan Williams,Herbert Villanueva,Humid,Dusty,35971
690,2012,2012-04-30,10,2,10,2,Bat,2,64,0,192,128,Nicholas Matthews,Michael Brennan,Matthew Lynch,Rainy,Used,36232
691,2014,2014-05-08,10,4,14,4,Bat,10,0,0,165,165,Katherine Murphy,Connie Mcdonald,Diane Foster,Humid,Worn,19209
692,2012,2012-04-15,4,6,1,4,Field,4,0,2,208,186,Vincent Andrade,Jeffrey Petersen,Debbie Harris,Humid,Fresh,43030
693,2015,2015-04-28,3,5,2,3,Bat,3,4,0,169,165,Gregory Walker,Donald Ruiz,Christopher Carr,Humid,Fresh,40999
694,2020,2020-04-01,4,10,9,4,Bat,10,0,0,209,209,Stephen Willis,Katherine Lopez,Mrs. Cathy Ellis,Rainy,Worn,28227
695,2022,2022-04-14,1,4,18,4,Field,4,0,5,210,150,Allison Reyes,Ryan Newman,Samantha Wright,Cloudy,Used,14985
696,2008,2008-04-23,5,2,1,5,Bat,5,66,0,187,121,Jimmy Anderson,Natalie Carlson,David Mccarthy,Rainy,Used,38336
697,2021,2021-04-12,3,10,20,10,Field,3,0,0,140,140,Sheri Walker,Robert Fletcher,Heather Montgomery,Cloudy,Worn,26698
698,2013,2013-05-01,8,10,14,10,Bat,10,31,0,136,105,Julia Sandoval,Nathan Everett,Mark King,Cloudy,Used,54876
699,2012,2012-05-08,2,8,20,2,Field,2,0,5,215,160,Brendan Walton,Nicole Mcintosh,Jeff Thompson,Humid,Fresh,10294
700,2014,2014-04-23,2,1,18,1,Bat,2,0,0,200,200,Barbara Lloyd,Michael Brown,Ashley Edwards DDS,Rainy,Fresh,22981
701,2014,2014-04-18,3,4,12,4,Field,3,0,0,186,186,Jennifer Alexander,Barry Thompson,Jacob Nunez,Humid,Used,25437
702,2021,2021-05-29,9,4,14,9,Field,4,0,0,137,137,Sarah Salinas,Susan Hamilton,James Bell,Humid,Worn,15685
703,2023,2023-04-18,3,2,12,3,Field,2,0,0,184,184,Brian Horton,Christine Jones,Lori Robertson,Rainy,Used,14527
704,2023,2023-05-14,9,6,1,9,Bat,9,37,0,143,106,Mark Herrera,Tracy Webster,John White,Clear,Worn,48590
705,2018,2018-04-14,1,6,8,6,Field,1,0,0,166,166,Bethany Jackson,Sierra Crawford,Matthew Miller,Clear,Dusty,43522
706,2011,2011-05-23,3,10,10,3,Field,10,0,0,127,127,Heather Parrish MD,Christopher Thomas,Jerry Oliver,Clear,Worn,26225
707,2015,2015-04-02,4,3,15,3,Bat,3,22,0,202,180,Sandra Jimenez,Faith Graves,Brenda Vargas,Cloudy,Worn,13540
708,2023,2023-04-02,7,9,7,7,Bat,7,15,0,215,200,Dawn Davis,Raymond Sanchez,Reginald Smith,Rainy,Dusty,17488
709,2011,2011-05-14,6,3,13,6,Bat,6,83,0,219,136,John Ball,Carly Williams,Rebecca Saunders,Humid,Worn,49228
710,2022,2022-04-26,3,6,5,3,Field,3,0,7,244,167,Randall Price,Jessica Anderson,Monica Galvan,Cloudy,Dusty,23813
711,2013,2013-04-25,7,5,2,7,Field,5,0,0,186,186,Lucas Davis,Leah Mccormick,Joseph Serrano,Rainy,Used,42878
712,2023,2023-04-11,8,1,2,1,Bat,1,94,0,158,64,Joshua Foster,Jennifer Reed,Mary Austin,Humid,Worn,17252
713,2022,2022-04-29,8,4,8,8,Bat,4,0,0,149,149,Joy Nguyen MD,Kelly Schmidt,Donald Brown,Rainy,Used,17129
714,2010,2010-04-17,7,6,1,6,Bat,7,0,0,122,122,Joshua Fitzgerald,Heather Clay,Angela Thomas,Rainy,Used,27497
715,2018,2018-04-12,5,9,15,5,Field,9,0,0,167,167,Ryan Cunningham,Adam Bentley,Andrew Sandoval,Clear,Used,18228
716,2021,2021-04-15,7,5,7,5,Field,7,0,0,127,127,Joseph Ramos,Katie Anderson,Richard Owens,Cloudy,Dusty,16126
717,2023,2023-05-08,1,7,15,1,Field,7,0,0,139,139,Kevin Krueger,Brian James,Aaron Ochoa,Cloudy,Dusty,17034
718,2008,2008-04-28,4,9,15,4,Bat,4,23,0,176,153,Michelle Murphy,Monica Pope,Jeremy Frye,Cloudy,Fresh,37500
719,2015,2015-05-18,2,6,5,2,Bat,2,91,0,140,49,Michael Walker,Elizabeth Lindsey,Andre Romero,Clear,Fresh,14783
720,2017,2017-04-23,9,7,15,9,Bat,7,0,0,202,202,Pamela Peters,Laura Sanchez,Katie Tate,Clear,Fresh,12228
721,2013,2013-05-05,10,1,9,10,Bat,10,97,0,181,84,Timothy Lee,Jimmy Harper,Melissa Williams,Clear,Dusty,22901
722,2017,2017-05-22,4,10,16,4,Field,4,0,3,177,147,Christopher Flores,Phillip Fowler,Diane Guzman,Clear,Used,27607
723,2019,2019-04-22,4,9,15,4,Bat,4,100,0,206,106,Erik Little,Lindsey Jordan,Matthew Gonzales,Humid,Fresh,34424
724,2013,2013-05-09,8,6,1,8,Bat,8,73,0,150,77,Shelly Summers,Travis Reynolds,Melissa Miller,Rainy,Fresh,45782
725,2023,2023-05-05,4,5,16,4,Field,4,0,1,179,168,Tricia Foster,Charles Aguilar,Thomas Patel,Cloudy,Worn,40940
726,2012,2012-05-09,2,1,15,1,Bat,1,55,0,195,140,Katherine Freeman,Michael Harrison,Tyler Bradley,Cloudy,Used,16257
727,2012,2012-05-15,4,9,15,4,Field,4,0,6,262,220,Kristi Martinez,Cory Wagner,Deborah Palmer,Clear,Worn,10527
728,2016,2016-05-25,3,1,5,3,Bat,1,0,0,128,128,Elizabeth Collier,Timothy Bell,Ryan Lowe,Cloudy,Worn,23977
729,2012,2012-04-29,9,3,13,3,Field,9,0,0,184,184,Christina Dorsey,Angel Hall,Dwayne House,Rainy,Used,66762
730,2021,2021-04-26,7,5,8,7,Field,5,0,0,160,160,Nicholas Drake,Nancy Dodson,Douglas Ward,Cloudy,Fresh,31210
731,2009,2009-04-11,5,4,18,4,Field,4,0,6,178,124,Cheryl Keller,Robert Davis,Robin Vang,Humid,Dusty,11549
732,2019,2019-05-19,4,3,11,3,Field,3,0,4,150,122,Jesse Mills,Elizabeth Barnes,Nancy Thomas,Rainy,Fresh,29433
733,2014,2014-04-30,4,6,19,6,Bat,6,90,0,142,52,Jacqueline Alvarez,Julie Thomas PhD,Savannah Cox,Cloudy,Dusty,10097
734,2014,2014-04-17,4,6,3,6,Bat,6,82,0,193,111,Emma Thomas,Michael Kennedy,Mrs. Krystal Mejia,Clear,Fresh,34845
735,2018,2018-04-23,7,1,3,7,Bat,7,32,0,133,101,Lisa Jones,Diana Davis,George Martinez,Clear,Used,25924
736,2022,2022-05-23,5,8,17,8,Bat,8,80,0,172,92,Victoria Cortez,Jacob Neal,Jessica Walker,Rainy,Dusty,26335
737,2022,2022-04-14,3,9,10,3,Field,3,0,6,214,142,Sara Ramos,Maria Galloway,Cristian Wilson,Rainy,Used,39338
738,2009,2009-05-21,1,3,3,1,Bat,1,28,0,183,155,Steven Hogan,Michael Howard,Kevin Olson,Humid,Used,16994
739,2017,2017-05-08,2,7,6,2,Field,2,0,9,238,139,Corey Holloway,Michael Bailey,Laura Holt,Cloudy,Fresh,26894
740,2019,2019-04-01,3,7,13,3,Field,3,0,7,238,203,Austin Jones,Tonya Gardner,Debra Kim,Cloudy,Used,11708
741,2010,2010-05-30,6,1,16,1,Field,6,0,0,137,137,Paul Chan,Judith Hicks,Thomas Juarez,Clear,Dusty,12180
742,2019,2019-05-05,5,2,11,5,Bat,2,0,0,191,191,Ryan Wright,Brian Vaughn,Todd Diaz,Humid,Dusty,27002
743,2008,2008-04-10,9,5,9,5,Bat,9,0,0,202,202,Jessica Walsh,Shelby Wall,Mr. Melvin Kelley,Humid,Dusty,11122
744,2015,2015-04-04,2,7,8,2,Bat,2,40,0,168,128,Deanna Gibson,Daniel Hood,Allison Warren,Clear,Worn,13443
745,2022,2022-04-12,1,4,6,1,Field,1,0,3,183,159,Adam Sosa MD,Meredith Scott,Christina Garcia,Clear,Dusty,62523
746,2014,2014-05-26,8,3,20,8,Bat,8,10,0,172,162,Meagan Riley,Leslie Mayo,Brad Meyers,Clear,Fresh,24075
747,2013,2013-05-29,8,7,20,8,Field,8,0,8,254,166,Mr. Trevor Long Jr.,Leroy Johnson,Crystal Ruiz,Cloudy,Fresh,25672
748,2018,2018-04-16,8,3,7,8,Field,3,0,0,182,182,Michael Costa,Jose Scott,Bruce Barrett,Humid,Fresh,21456
749,2015,2015-04-27,7,3,9,3,Field,7,0,0,140,140,Gerald Jones,Christy Hughes,Jacob Brown,Clear,Dusty,22598
750,2011,2011-04-21,4,10,7,10,Field,4,0,0,121,121,Michael Anderson,Michael Mcbride,Stephanie Stokes,Cloudy,Worn,20898
751,2022,2022-04-24,2,3,6,2,Bat,2,94,0,163,69,Erica Sharp,Meghan Williams,Shannon Bradley,Cloudy,Dusty,17671
752,2019,2019-04-23,10,7,9,7,Bat,7,48,0,206,158,Melissa Torres,Cindy Potts,Zachary Caldwell,Cloudy,Fresh,31980
753,2017,2017-04-23,3,7,14,3,Field,7,0,0,158,158,Patricia Roberts,Robert Manning,Dwayne Smith,Cloudy,Dusty,49194
754,2009,2009-04-05,2,5,2,2,Field,2,0,9,215,161,Edward Brown,Jason Young,Kimberly Lambert,Clear,Fresh,10023
755,2009,2009-04-06,7,4,11,4,Bat,7,0,0,212,212,Cameron Johnson,David Stephens,Shannon Miller,Clear,Used,47883
756,2014,2014-05-23,5,8,8,5,Field,5,0,9,273,174,Melissa Martinez,Vincent Cook,Michele Rosales,Cloudy,Used,57671
757,2018,2018-05-31,6,9,10,6,Field,9,0,0,152,152,Jon Lloyd,Daniel Campbell,Deborah Day,Cloudy,Worn,38652
758,2011,2011-05-23,8,3,12,8,Field,3,0,0,190,190,Adam Wilson,Michele Hill,Erin Hicks,Cloudy,Dusty,12645
759,2019,2019-04-23,6,1,17,1,Field,6,0,0,130,130,Andrea Lewis,Robert Sanchez,Ronald Stewart,Clear,Worn,26790
760,2013,2013-05-11,6,10,3,6,Bat,10,0,0,183,183,Tyler Hughes,Jeffrey Morgan,Ebony Patel,Cloudy,Dusty,31652
761,2011,2011-04-16,10,9,1,9,Bat,9,46,0,208,162,Michael White,Christopher Foster,Katie Perez,Cloudy,Used,20489
762,2014,2014-05-27,2,6,15,2,Bat,6,0,0,193,193,Kaitlyn Clayton,Lindsay Davis,Anna Casey,Humid,Used,14592
763,2019,2019-05-03,10,5,7,5,Field,10,0,0,137,137,Thomas Harvey,Sara Jenkins,Shannon Wells,Clear,Worn,10245
764,2017,2017-05-06,1,6,10,6,Bat,6,32,0,190,158,Sarah Hudson,Dustin Miller,Allen Allen,Clear,Worn,45390
765,2011,2011-05-30,6,1,20,6,Field,1,0,0,158,158,David Rodriguez,William Henry,Emily Jones,Humid,Fresh,26787
766,2012,2012-04-30,1,6,14,1,Bat,6,0,0,157,157,Steven Cannon,Jill Edwards,Andrew Riggs,Cloudy,Dusty,49276
767,2023,2023-04-24,2,3,17,2,Bat,2,13,0,215,202,Robert Daniel,Beth Cook,Alec Wilson,Humid,Fresh,22340
768,2015,2015-04-09,3,2,16,3,Bat,2,0,0,135,135,Frank Carlson,Christine Carroll,Sara Chavez,Humid,Worn,39548
769,2021,2021-04-06,1,8,8,8,Bat,8,97,0,177,80,Brandon Gonzalez,Samantha Love,Anthony Brooks,Clear,Fresh,49863
770,2013,2013-04-23,7,9,13,9,Bat,9,96,0,132,36,Jamie Cooke,Chelsea Arias,William Davila,Cloudy,Dusty,13191
771,2008,2008-05-06,3,8,17,8,Field,8,0,6,206,134,Carl Patton,Andrew Herrera,Laura Robinson MD,Humid,Dusty,28278
772,2011,2011-04-03,9,8,3,8,Bat,9,0,0,204,204,Brenda Townsend,Robert Carr,Matthew Haynes,Clear,Used,30393
773,2014,2014-05-05,2,4,19,4,Field,2,0,0,144,144,Sharon Davis,Randall Harris,Tina Schmidt,Cloudy,Worn,20300
774,2018,2018-04-15,7,1,18,7,Field,7,0,2,229,211,Chris Bush,Jessica Swanson,Kenneth Smith,Rainy,Used,14620
775,2015,2015-05-22,7,1,17,7,Field,7,0,2,222,202,Dale Bernard,Carlos Mann,Karen Garrett,Cloudy,Fresh,22626
776,2013,2013-04-29,7,6,6,6,Field,6,0,1,159,147,Olivia Tran,Hannah Thornton,John Herrera,Clear,Dusty,28262
777,2022,2022-05-06,8,2,18,8,Bat,2,0,0,165,165,Carolyn Walker,Brian Vega,David Suarez,Clear,Used,23098
778,2023,2023-04-09,2,1,20,1,Field,1,0,3,227,200,James Stewart,Stacy Wilkins,Wendy Carter,Humid,Used,22282
779,2009,2009-04-21,4,9,16,4,Field,9,0,0,137,137,Eric Ray,Taylor Bernard,Madeline Gardner,Cloudy,Used,31309
780,2022,2022-04-10,9,3,10,3,Field,9,0,0,121,121,Gary Vargas,Stephanie Adkins,Scott Brown,Clear,Used,44321
781,2021,2021-04-07,4,2,10,2,Bat,2,63,0,174,111,James Stanley,Brandon Carter,Spencer Esparza,Humid,Worn,10086
782,2023,2023-05-25,10,8,12,8,Field,8,0,2,143,127,Amber Maynard,Jasmine Miller,Wendy Johnson,Cloudy,Fresh,16905
783,2009,2009-04-22,3,2,8,2,Field,3,0,0,183,183,Alexandra Richardson,Robert Bradshaw,Christopher Sanchez,Humid,Dusty,48762
784,2012,2012-05-04,10,8,6,8,Bat,8,97,0,171,74,Tammie King,Amy Smith,Randy Johnson,Clear,Used,70734
785,2018,2018-04-03,9,5,10,9,Field,9,0,7,254,170,Richard Mills,Eric Meza,Kristopher Tucker,Clear,Fresh,34957
786,2019,2019-05-02,1,4,14,4,Bat,1,0,0,150,150,Jennifer Young,Colleen Pearson,Robert Doyle,Clear,Worn,24943
787,2018,2018-04-30,10,2,15,10,Field,2,0,0,205,205,Jonathan Williams,Nicholas Freeman,Mindy Lucas,Rainy,Fresh,18603
788,2017,2017-05-29,8,6,6,6,Field,6,0,1,200,188,Christopher Yang,Jeff Garcia,Jonathan Lopez,Rainy,Dusty,14502
789,2017,2017-04-20,8,3,5,3,Field,3,0,6,254,182,Anthony Hull,Steven Bishop,Cameron Peterson,Cloudy,Dusty,26601
790,2023,2023-05-23,6,9,8,6,Bat,9,0,0,121,121,Candice Pearson,Robert English,Amanda Johnson,Humid,Dusty,64571
791,2014,2014-05-08,4,5,10,4,Field,4,0,3,207,180,Carlos Rowe,Timothy Moore,Mariah Moore,Rainy,Fresh,66641
792,2022,2022-04-24,10,1,3,1,Field,10,0,0,211,211,Patrick Hudson,Daniel Wilson,Anthony Conway,Clear,Worn,27941
793,2019,2019-04-16,6,10,8,10,Field,10,0,3,180,162,Jon Gutierrez,Christopher Frank,George Rowland,Cloudy,Used,37410
794,2012,2012-05-18,8,9,17,9,Field,8,0,0,209,209,Austin Kennedy,Sharon Blackwell,Brian Erickson,Humid,Used,57528
795,2015,2015-05-24,3,10,10,3,Field,3,0,8,241,145,Kevin Anderson,Victoria Carpenter,Brenda Ross MD,Clear,Used,57211
796,2013,2013-04-26,5,4,13,5,Field,4,0,0,146,146,Patrick Best,Glenn Walker,Mrs. Amy Henry,Clear,Worn,57206
797,2013,2013-04-06,10,6,2,6,Field,6,0,1,128,122,Jonathan Simmons,Kimberly Lopez,David Bauer,Clear,Fresh,30046
798,2014,2014-05-07,8,2,6,8,Field,2,0,0,175,175,Elizabeth Wilson,Malik Woods,Ronald George,Clear,Fresh,23624
799,2015,2015-04-13,4,7,11,7,Bat,7,100,0,218,118,Brandon Ortiz,Michael Cantu,David Ramos,Rainy,Worn,45847
800,2019,2019-05-18,7,3,12,3,Field,3,0,4,215,175,William Jackson,Katherine Hansen,Tonya Fisher,Cloudy,Used,37492
1,2016,2016-05-25,6,3,1,3,Bat,6,0,0,184,184,Christopher French,William Gordon,Nicholas Alexander,Humid,Fresh,38783
2,2019,2019-04-14,8,3,15,8,Bat,3,0,0,149,149,Sarah Cross MD,Deborah Collins,Marie Daugherty,Rainy,Fresh,16065
3,2019,2019-05-01,2,3,10,3,Bat,2,0,0,149,149,Kimberly Rogers,Candace Le,David Woods,Cloudy,Fresh,25337
4,2016,2016-05-10,5,1,16,1,Field,1,0,7,215,131,Rachel Mcdaniel,Christopher Casey,Ryan King,Cloudy,Used,16658
5,2016,2016-05-18,1,5,14,1,Field,5,0,0,144,144,Amanda Walker,Michael Lewis,Jay Perez,Humid,Dusty,22574
6,2021,2021-04-14,7,4,14,4,Bat,7,0,0,130,130,Pam Armstrong,Sean Kent,Joshua Dunn,Clear,Worn,33427
7,2023,2023-05-05,10,7,1,10,Field,10,0,2,158,146,Sabrina Weeks,Jessica Hall,Linda Garcia,Clear,Worn,17181
8,2018,2018-04-17,7,1,15,1,Bat,7,0,0,198,198,Dustin Waters,Jesse Bates,Anthony Flores,Humid,Worn,31073
9,2023,2023-04-29,10,7,17,10,Field,10,0,8,194,122,Dennis Carson,Denise Mcdonald,Robert Daniels,Clear,Worn,58820
10,2021,2021-05-25,4,3,4,4,Bat,4,43,0,133,90,Heather Jones,Latasha Williams,Julie Mitchell,Cloudy,Fresh,37454
11,2008,2008-05-21,7,6,12,6,Bat,6,16,0,198,182,Patricia Murphy,Spencer Solis,Anthony Davies,Cloudy,Worn,26002
12,2017,2017-05-02,7,10,4,10,Field,10,0,7,219,177,Michael Keller,Ashley Young,Jordan Ho,Rainy,Used,65442
13,2019,2019-05-26,1,6,9,6,Bat,6,47,0,186,139,Virginia Villa,Brandon Peterson,Nathan Baird,Rainy,Used,32030
14,2013,2013-05-18,4,2,18,2,Bat,2,32,0,203,171,John Downs,Cory Osborne,Timothy Payne,Rainy,Fresh,18367
15,2016,2016-05-22,6,5,11,5,Bat,6,0,0,156,156,Ronnie Buck,Stephanie Lopez,Tiffany Harrison,Rainy,Used,25785
16,2020,2020-04-16,9,7,10,7,Bat,7,19,0,174,155,Karen Rowe,Kenneth Hill,Tara Wilcox,Humid,Fresh,60304
17,2012,2012-05-12,3,2,17,3,Field,3,0,4,186,162,Ryan Kelley,Kevin Heath,Alan Griffith,Rainy,Dusty,59054
18,2011,2011-04-08,10,6,2,6,Field,10,0,0,153,153,Victor Vargas,Gregory Riddle,Carolyn Hall,Cloudy,Worn,13579
19,2016,2016-05-10,10,6,15,10,Bat,6,0,0,210,210,David Ward,Deborah Hodges,Randy Conley,Rainy,Used,36998
20,2011,2011-05-03,9,1,15,9,Bat,9,11,0,214,203,Mark Doyle,Rebecca Phillips,Dr. Laura Castillo,Humid,Worn,32423
21,2019,2019-05-10,7,9,5,7,Field,7,0,8,276,204,Norma Hunter,Kathleen Hall,Sharon Taylor,Clear,Worn,28738
22,2023,2023-04-23,3,2,10,3,Bat,2,0,0,146,146,Robert Craig,Tracy Clark,Danielle Jordan,Rainy,Dusty,14298
23,2023,2023-04-27,3,7,3,3,Bat,3,27,0,130,103,Brenda Berger,Randy Wood,Bryan Smith,Clear,Used,31403
24,2013,2013-04-10,6,4,7,4,Field,6,0,0,146,146,Kimberly Smith,Martin Edwards,Robert Price,Humid,Worn,20223
25,2021,2021-04-14,1,5,1,1,Field,1,0,2,169,145,Michael Guerrero,Matthew Butler,Jesse Wade,Cloudy,Used,48292
26,2012,2012-04-06,8,1,8,1,Bat,1,75,0,170,95,Regina Russell,Joshua Mack,Thomas Lopez,Rainy,Fresh,67469
27,2022,2022-04-04,1,7,17,1,Field,7,0,0,185,185,Bryan Hunter,Kimberly Lee,Kimberly Armstrong MD,Clear,Worn,46359
28,2016,2016-05-11,5,6,16,5,Field,5,0,7,283,213,Sophia Meyer,Ellen Pearson,Paul Brown,Clear,Worn,21328
29,2008,2008-05-13,10,5,14,5,Field,10,0,0,178,178,Shawn Adams,Karen Reed,Morgan Anderson,Cloudy,Used,10638
30,2012,2012-04-06,10,2,6,2,Field,10,0,0,172,172,Tommy Andrews,Dr. Elizabeth Kelley DVM,Jeremy Aguilar,Rainy,Used,53252
31,2014,2014-04-30,8,3,19,8,Field,3,0,0,179,179,Yolanda Cruz,Michael Armstrong,Billy Cline,Clear,Used,14181
32,2015,2015-04-29,1,8,14,1,Field,1,0,9,244,145,Kelly Davis,Gina Berry,Hannah May,Rainy,Fresh,40137
33,2008,2008-05-06,3,8,14,8,Field,3,0,0,144,144,Tina Kim,Natalie Lopez,Breanna Brown,Rainy,Worn,44840
34,2019,2019-04-15,9,3,15,3,Bat,3,47,0,167,120,Javier Copeland,Virginia Carr,Laura Herman,Rainy,Fresh,17324
35,2018,2018-05-26,9,6,15,6,Bat,6,24,0,198,174,Emma Parks,Michael Gray,Mary Brooks,Clear,Fresh,37718
36,2018,2018-05-05,8,5,11,5,Field,5,0,3,212,191,Luke Webb,Richard Harris,Joel Gallegos,Rainy,Dusty,16618
37,2011,2011-04-08,1,5,4,1,Field,1,0,7,208,138,Spencer Frederick,Sheila Farmer,Savannah Wilcox,Humid,Used,44904
38,2015,2015-05-17,10,5,17,10,Field,10,0,3,146,131,Pamela Aguilar,Savannah Norman,Brenda Oconnor,Clear,Worn,15437
39,2021,2021-05-30,10,1,8,1,Field,10,0,0,133,133,Michael Watkins,Brenda Clark,Anthony Thomas,Cloudy,Worn,16528
40,2022,2022-04-17,6,10,5,6,Field,10,0,0,171,171,Kenneth Cain,Christopher Stone,Christine Davis,Clear,Fresh,27594
41,2017,2017-05-24,10,2,16,10,Field,10,0,3,244,214,Devin Vega,Joyce Reyes,Heather Guzman,Clear,Worn,33307
42,2014,2014-05-26,8,2,16,8,Field,2,0,0,202,202,Frederick Smith,Juan Miller,Jessica Mooney,Cloudy,Fresh,37808
43,2019,2019-05-30,10,5,7,5,Field,5,0,2,210,186,Allison Potter,Raymond Thompson,Edward Moore,Cloudy,Used,13064
44,2016,2016-05-11,2,9,2,2,Field,2,0,5,190,160,David Scott,Lisa Evans,Philip Martinez,Rainy,Fresh,14978
45,2013,2013-05-18,10,5,4,5,Bat,10,0,0,191,191,Judith Parsons,Alicia Dickerson,Miranda Campbell,Cloudy,Worn,39586
46,2017,2017-05-24,1,2,12,2,Bat,2,9,0,203,194,Christopher Howard,Yolanda Hernandez,Jennifer Petersen,Clear,Worn,21052
47,2008,2008-05-10,1,3,7,1,Bat,3,0,0,122,122,Robert Taylor,Miss Theresa Michael,Dr. David Roy,Rainy,Worn,17851
48,2014,2014-04-16,9,7,1,7,Field,7,0,3,243,210,Steven Taylor,Jesse Evans,Christina Smith,Cloudy,Fresh,43794
49,2013,2013-04-30,1,6,10,1,Bat,6,0,0,145,145,Timothy Turner,Alexander Smith,Timothy Walker,Rainy,Used,49251
50,2022,2022-05-23,5,4,3,4,Field,5,0,0,134,134,Harold Smith,Amanda Andrews,Howard Meyer,Cloudy,Used,36194
51,2013,2013-05-16,3,2,16,2,Field,2,0,8,272,176,Jeffrey Campbell,April Rodriguez,Pam Castro,Humid,Fresh,30303
52,2014,2014-05-26,9,2,18,9,Bat,9,5,0,135,130,Steven Crane,Lawrence Garcia,John Smith,Humid,Dusty,11292
53,2022,2022-05-10,8,3,4,3,Field,8,0,0,154,154,Jesse Jones,Julie Mendoza,Andrea Guzman,Rainy,Fresh,56700
54,2013,2013-04-17,8,4,17,8,Bat,8,93,0,202,109,Margaret Cisneros,Eric Hicks,Evan Ritter,Cloudy,Dusty,46494
55,2010,2010-05-06,9,7,4,7,Bat,9,0,0,189,189,Samantha Johnson,Steven Flores,Margaret Stewart,Rainy,Dusty,34224
56,2013,2013-04-11,4,5,11,4,Field,5,0,0,163,163,Mark Cowan,Joseph Watson,Ashley Morse,Clear,Fresh,42412
57,2017,2017-05-30,4,9,11,4,Bat,9,0,0,198,198,John Barnett,Carol Jacobson,Patrick Wells,Cloudy,Worn,39785
58,2018,2018-05-07,7,4,20,7,Field,7,0,9,314,215,Duane Johnson,Nicholas Church,Sarah Thompson,Cloudy,Fresh,27373
59,2017,2017-04-08,2,1,8,2,Bat,1,0,0,144,144,Jacqueline Davis,Brianna Williams,Sara Rosales,Humid,Fresh,43344
60,2009,2009-05-24,9,7,12,9,Field,9,0,5,181,126,Robert Hart,Linda Simmons,Shannon Jones,Cloudy,Dusty,16803
61,2011,2011-05-16,3,1,12,1,Field,3,0,0,167,167,Rachel Francis,Jennifer Haley,April Dixon,Clear,Fresh,15819
62,2008,2008-04-23,8,9,2,9,Bat,8,0,0,220,220,Tamara Foster,Christina Ramirez,Laura Castillo,Rainy,Dusty,40149
63,2017,2017-05-03,9,7,16,9,Bat,7,0,0,172,172,Matthew Simmons,Cody Smith,Dylan Marshall,Clear,Worn,39090
64,2021,2021-05-19,5,2,11,5,Field,5,0,9,236,137,Sherry Castro,Laurie Lewis,Ana Mahoney,Clear,Dusty,28321
65,2021,2021-05-26,8,4,9,8,Field,4,0,0,156,156,Emily Mckinney,Gregory Bell,Stephanie Schroeder,Humid,Dusty,15773
66,2021,2021-04-02,1,4,20,4,Field,1,0,0,129,129,Alan Myers,Jennifer Long,Brandon Walton,Humid,Fresh,18410
67,2013,2013-04-14,10,1,5,1,Field,1,0,2,197,181,Mrs. Barbara Weber,Erika Miller,Christopher Conner,Cloudy,Fresh,11227
68,2019,2019-05-06,3,10,13,10,Bat,3,0,0,180,180,Kenneth Mcconnell,James West,Laura Jensen,Humid,Dusty,20436
69,2017,2017-04-08,4,1,6,1,Bat,4,0,0,145,145,Barbara Newton,Jessica Peck,Richard Abbott,Clear,Dusty,68121
70,2020,2020-04-26,2,7,2,2,Field,7,0,0,145,145,Angela Harmon,Kristina Sanchez,Monica Powers,Cloudy,Worn,16578
71,2020,2020-05-07,2,10,13,10,Field,10,0,7,207,137,Bobby Blake,Tamara Maldonado,Shawn Barnett,Rainy,Used,39171
72,2017,2017-04-25,2,6,19,6,Bat,2,0,0,212,212,Mark Huff,Monica Lewis,Nicholas Parsons,Clear,Worn,16587
73,2014,2014-05-19,5,3,15,5,Field,5,0,3,215,185,Krystal Nelson DVM,David Hodges,Nicholas Willis,Humid,Dusty,38085
74,2020,2020-04-08,1,4,1,4,Field,1,0,0,178,178,Samuel Vega,Michael Gardner,Dana Willis,Humid,Used,45172
75,2009,2009-04-15,6,10,12,6,Bat,10,0,0,202,202,Michael Faulkner,Robert Harvey,Shawn Taylor,Clear,Used,17965
76,2019,2019-05-14,7,10,8,7,Bat,7,79,0,179,100,Jessica Henry,Edward Taylor,Travis Clark,Cloudy,Fresh,29236
77,2011,2011-05-30,6,9,20,9,Field,6,0,0,190,190,Julia Harris,Susan Morgan,Sarah Wallace,Humid,Worn,15330
78,2020,2020-04-19,9,2,12,9,Bat,2,0,0,185,185,Jennifer Nichols,Alicia Fields,Jennifer Anderson,Humid,Worn,16419
79,2022,2022-05-13,1,8,12,1,Field,8,0,0,215,215,Benjamin Charles,Colleen Murillo,Angelica Miller,Humid,Dusty,37144
80,2011,2011-04-29,2,7,3,2,Field,7,0,0,185,185,Robert Coleman,Norman Bennett,Joshua Parsons,Cloudy,Dusty,26252
81,2008,2008-05-01,5,6,10,6,Field,5,0,0,198,198,Derrick Bennett,Jennifer Jackson,Gabrielle Herrera,Humid,Used,29970
82,2018,2018-04-05,3,6,5,3,Field,3,0,8,257,169,Matthew Sandoval,Nathaniel Day,Edwin Jones,Clear,Worn,17334
83,2015,2015-05-08,10,3,4,10,Bat,10,27,0,134,107,Justin Hanson,Nathan Murphy,Kim Harrell,Rainy,Used,38873
84,2022,2022-04-02,8,7,18,8,Bat,8,61,0,201,140,Annette Sutton,Jill Hardin,Jeffrey Lucero,Humid,Fresh,21673
85,2017,2017-04-08,5,7,12,7,Bat,7,84,0,167,83,Theresa Mclean,Dylan Hamilton,Tyrone Jones,Rainy,Used,26496
86,2009,2009-04-27,10,3,7,10,Field,3,0,0,127,127,Donna Hicks,Scott Martinez,Kim Phillips,Humid,Fresh,11240
87,2013,2013-05-05,2,8,13,8,Field,8,0,2,158,144,Christopher White,Shelby Bowman,William Lester,Humid,Dusty,31935
88,2010,2010-05-07,6,1,3,1,Field,6,0,0,194,194,Mary Bowen,Robert Mclaughlin,Oscar Jones,Cloudy,Used,15024
89,2023,2023-05-03,10,5,11,10,Field,10,0,3,219,201,Ashley Gallegos,David Black,Julie Hall,Cloudy,Used,33737
90,2022,2022-04-10,1,9,11,1,Bat,1,42,0,216,174,Robert Bell,Jennifer Scott,Ryan Bass,Humid,Dusty,23054
91,2022,2022-04-05,7,2,20,2,Bat,2,40,0,198,158,Craig Collins,Angela Larson,Richard Nichols,Clear,Used,10954
92,2021,2021-05-22,10,4,13,10,Field,10,0,4,173,125,Melissa Clark,Nicholas White,Kimberly Johnson,Humid,Dusty,24331
93,2014,2014-04-17,7,10,7,10,Field,10,0,2,163,149,Sherri Kelly,Monique Buchanan,Cynthia Harvey,Cloudy,Worn,18721
94,2020,2020-05-02,4,8,11,4,Bat,4,31,0,193,162,Madison Cannon,Christina Wright,Kyle Boyd,Rainy,Worn,23853
95,2022,2022-05-26,2,9,5,9,Bat,9,6,0,218,212,Erica Rose,Tiffany Hughes,Linda Turner,Clear,Fresh,14901
96,2018,2018-05-24,2,6,12,2,Bat,2,76,0,169,93,Jason Weeks,Ricardo Dyer,David Harrison,Cloudy,Fresh,15086
97,2017,2017-05-25,8,4,13,8,Field,4,0,0,219,219,Marissa Graham,Kimberly Henderson,Robert Hull,Rainy,Dusty,41042
98,2022,2022-04-04,9,8,15,8,Bat,9,0,0,142,142,Mallory Hood,Donna Parsons,Angela Clark,Clear,Used,26986
99,2018,2018-04-11,7,4,16,4,Field,4,0,8,203,123,Melissa Saunders,Charles Conner,James Martin,Clear,Dusty,30880
100,2008,2008-04-13,8,10,15,8,Field,8,0,2,151,129,Carolyn Neal,Karen Peterson,Sarah Craig,Humid,Fresh,30832
101,2017,2017-05-14,1,4,6,4,Field,4,0,2,173,155,Martha Fox,Craig Sexton,Laura Vasquez,Rainy,Fresh,13885
102,2013,2013-04-25,5,6,13,6,Bat,6,19,0,156,137,Eric Ramos,Daniel Smith,Rhonda Martin,Clear,Used,29640
103,2010,2010-05-28,8,3,20,3,Bat,3,73,0,153,80,Tiffany King,Emily Miranda,Erika Rodriguez,Rainy,Worn,23725
104,2009,2009-04-22,3,7,17,3,Bat,7,0,0,197,197,William Woods,Stacey Clark,Tyler Wiggins,Cloudy,Used,30180
105,2021,2021-05-01,3,4,5,4,Field,3,0,0,191,191,Carlos Day,Roger Walton,Jamie Lowe,Humid,Worn,28087
106,2008,2008-04-13,5,9,19,5,Field,5,0,2,195,171,Pamela Oneal,Rachel Chavez,Tiffany Smith,Clear,Fresh,15819
107,2023,2023-04-22,5,2,2,2,Field,2,0,2,190,168,Thomas George,Nathaniel Williams,Ashley Wilson,Humid,Used,25925
108,2019,2019-05-30,1,5,8,1,Bat,5,0,0,211,211,Timothy Griffin,Stacy Hunt,Emily Horne,Cloudy,Worn,47157
109,2013,2013-05-17,1,2,14,1,Bat,1,70,0,180,110,Daniel Wallace,Brittany Larsen,Karen Santana,Rainy,Worn,12896
110,2014,2014-04-08,9,3,17,9,Bat,3,0,0,151,151,Sarah Jefferson,Ryan Kane,Jessica Lin,Rainy,Fresh,48874
111,2023,2023-04-20,3,10,8,10,Bat,3,0,0,136,136,Tammy Rhodes,Paula Booth,Glen Bennett,Cloudy,Fresh,68404
112,2023,2023-04-08,3,9,4,3,Field,9,0,0,163,163,Terry Bush,James Hughes,Lauren Pruitt,Rainy,Dusty,22272
113,2016,2016-04-20,10,6,11,6,Bat,10,0,0,144,144,Anthony Haley,Jennifer Jackson,Ivan Harmon,Clear,Dusty,39493
114,2021,2021-04-10,6,9,10,9,Bat,6,0,0,202,202,Brooke Jackson,Mary Lee,Raymond Moore,Clear,Worn,67784
115,2009,2009-05-17,1,6,17,6,Field,1,0,0,178,178,Leslie Kidd,Rachel Wilson,David Taylor,Clear,Fresh,60042
116,2010,2010-04-03,7,10,20,10,Field,7,0,0,130,130,Ann Mason,Tammy Reyes,Emily Chen,Clear,Worn,23795
117,2009,2009-05-03,10,8,3,10,Bat,8,0,0,155,155,Amanda Rios,Dawn Meyer,David Cook,Humid,Fresh,30942
118,2010,2010-04-30,2,4,12,4,Field,2,0,0,171,171,Dwayne Baker,Lynn Sosa,Erin Campbell,Cloudy,Worn,20389
119,2009,2009-04-04,6,2,1,6,Field,2,0,0,141,141,Sierra Kirk,Tim Walker,Kevin Schmidt,Rainy,Dusty,47433
120,2021,2021-05-23,7,9,16,9,Bat,9,71,0,211,140,Sydney Nguyen,Anthony Flores,Derek Perez,Cloudy,Fresh,34628
121,2019,2019-04-05,8,6,14,8,Bat,8,38,0,135,97,Julie Wilson,Amy Perez,Elizabeth Mcdaniel,Rainy,Fresh,52390
122,2012,2012-05-31,6,10,8,6,Field,10,0,0,197,197,Andrea Meyers,Caitlyn Williams,Garrett Chavez,Cloudy,Dusty,12361
123,2015,2015-04-01,4,8,20,8,Bat,4,0,0,196,196,Kevin Cordova,Ryan Benson,Ryan Garcia,Clear,Used,19302
124,2020,2020-04-28,3,6,4,3,Field,6,0,0,149,149,Paul Simmons,Tiffany Robles MD,Shelley Thomas,Rainy,Used,50889
125,2017,2017-04-19,5,10,10,5,Bat,10,0,0,134,134,Nicole Holden,Frank Baker,Abigail Simmons,Rainy,Worn,34038
126,2023,2023-05-16,10,1,13,1,Field,10,0,0,194,194,Jane Jackson,Katie Henry,Ana Moore,Clear,Used,56318
127,2008,2008-04-12,4,9,15,9,Field,9,0,2,218,194,Zachary Haney,Kimberly Lara,Jennifer Pennington,Humid,Dusty,26092
128,2013,2013-05-28,7,5,16,7,Bat,5,0,0,130,130,James Ritter,Patrick Nelson,Sydney Morris,Cloudy,Dusty,42008
129,2020,2020-05-13,8,1,12,1,Bat,1,24,0,180,156,Kayla Hughes,Kevin Hicks,Jennifer Johnson,Humid,Used,22580
130,2013,2013-05-06,10,4,10,4,Field,4,0,1,187,176,Heather Wilson,Madeline Morgan,Savannah Boyer,Cloudy,Worn,36470
131,2011,2011-05-14,6,4,6,4,Field,4,0,1,132,126,William Dunn,Madison Smith,Tony Diaz,Cloudy,Used,44295
132,2023,2023-05-31,9,4,6,9,Field,4,0,0,149,149,Rhonda Quinn,Raymond Fowler,Lisa Jackson,Humid,Worn,70339
133,2018,2018-04-06,4,10,7,4,Field,10,0,0,132,132,Karen Price,Lauren Jackson,Christopher Wang,Humid,Used,12795
134,2022,2022-05-10,6,7,20,7,Bat,7,74,0,138,64,Jessica Daniels,Kaitlin Saunders,Oscar Hampton,Humid,Dusty,24243
135,2010,2010-05-03,1,9,18,1,Field,9,0,0,199,199,Tiffany Roberts,Dustin Powell,Victoria Pierce,Cloudy,Used,15229
136,2023,2023-05-11,1,3,2,1,Field,3,0,0,181,181,Cindy Gonzalez,Dillon Miller,Tina Pearson,Cloudy,Used,34297
137,2012,2012-05-16,7,8,5,8,Field,7,0,0,182,182,Michael Robinson,Joseph Hansen,Garrett Rodriguez,Cloudy,Fresh,21306
138,2021,2021-05-11,3,2,1,3,Field,3,0,2,202,188,Zachary Yoder,Jennifer Smith,Matthew Hayden,Rainy,Dusty,45720
139,2016,2016-04-17,10,2,4,2,Bat,10,0,0,215,215,Emily Guerra,Daniel Nicholson,Jeffrey Moore,Rainy,Dusty,33139
140,2008,2008-04-25,6,3,16,3,Field,6,0,0,181,181,Kelly Smith,Mr. Matthew Jefferson,Cindy Martinez,Rainy,Worn,32238
141,2016,2016-05-06,8,1,16,8,Bat,1,0,0,125,125,Theodore Morgan DDS,Diane Davidson,John Spencer,Humid,Fresh,33401
142,2011,2011-04-16,8,1,14,8,Field,1,0,0,130,130,Michael Petersen,Jamie Simon,Joseph Horton,Cloudy,Dusty,47344
143,2020,2020-04-20,7,9,19,7,Field,9,0,0,136,136,Heather Smith,Adam Roberts,Sara Henderson,Clear,Fresh,17839
144,2012,2012-04-17,1,6,5,1,Field,6,0,0,187,187,Natasha Lee,Richard Gibbs,Kristen Edwards,Clear,Worn,13548
145,2023,2023-05-27,6,3,1,6,Bat,3,0,0,130,130,John Valdez,Stephanie Bright,Jason Cooper,Clear,Worn,45801
146,2018,2018-05-23,4,10,4,10,Bat,10,68,0,164,96,Wesley Morales,Daniel Joseph MD,Christopher Larson,Cloudy,Used,14217
147,2011,2011-04-23,6,3,5,6,Bat,6,18,0,146,128,Eric Morgan,Robin Pierce,Nicholas Serrano,Rainy,Dusty,18447
148,2020,2020-05-16,3,6,20,6,Bat,6,30,0,177,147,Erika Miller,Lisa Hart PhD,Sherry Cruz,Clear,Used,17727
149,2014,2014-04-01,6,10,14,6,Bat,6,98,0,177,79,Alec Ferguson,Christopher Ray,Jacob Lamb,Cloudy,Worn,42132
150,2013,2013-04-08,9,7,7,9,Bat,9,45,0,181,136,David Dunn,James Hansen,Maria Lopez,Rainy,Dusty,21157
151,2020,2020-04-28,4,6,13,6,Bat,4,0,0,215,215,Brian Walker,Dr. Abigail Prince,Angela Thompson,Humid,Dusty,17235
152,2019,2019-04-07,5,2,13,5,Field,2,0,0,175,175,Yvette Ortega,Bryan Gonzales,Matthew Stevenson,Humid,Worn,44739
153,2010,2010-04-30,5,10,11,5,Field,5,0,5,161,136,Kimberly Sims,Eric Yates,Ryan Martin,Rainy,Dusty,47336
154,2019,2019-05-27,6,10,4,6,Field,10,0,0,171,171,Heather Campbell,Aaron Dennis,Bruce Chang,Rainy,Worn,16889
155,2022,2022-05-02,10,3,11,3,Field,10,0,0,125,125,Connie Gentry,Sandra Lucero,Jeffrey Garcia Jr.,Rainy,Dusty,16187
156,2008,2008-05-19,10,9,14,9,Field,9,0,1,157,145,Rachel Gutierrez,Amanda Hernandez,Dylan Mora,Cloudy,Dusty,26685
157,2017,2017-04-26,4,8,8,4,Bat,4,75,0,161,86,Allison Reed,Maria Carter,Steven Myers,Rainy,Used,70086
158,2023,2023-04-03,2,4,9,4,Field,2,0,0,153,153,Vincent Cruz,Beverly Floyd,Samuel Blair,Rainy,Dusty,24181
159,2022,2022-05-21,9,10,2,9,Field,10,0,0,208,208,Mark Smith,Travis Lee,Michael Mitchell,Humid,Fresh,12603
160,2008,2008-05-06,2,6,1,2,Bat,6,0,0,167,167,Tricia Thomas,Robert Harper,Darren Simpson,Humid,Worn,28303
161,2022,2022-05-11,9,2,13,2,Bat,9,0,0,142,142,Jeffrey Best,David Estrada,Tim Nelson,Humid,Used,21594
162,2013,2013-05-02,4,6,17,6,Field,4,0,0,174,174,Jessica Adams,Joshua Gonzales,Valerie Stewart,Humid,Dusty,38847
163,2018,2018-05-20,2,5,9,5,Field,5,0,9,243,171,Samantha Smith,Sara Mccoy,Nancy Mills,Cloudy,Worn,17600
164,2014,2014-05-31,2,10,11,2,Field,10,0,0,215,215,Andrew Thompson,Sarah Norton,Laura Doyle,Humid,Dusty,35748
165,2016,2016-04-05,4,2,9,4,Field,2,0,0,136,136,Yvonne Tapia,James Schwartz,Lisa Mack,Rainy,Fresh,36412
166,2010,2010-04-15,10,3,10,3,Field,3,0,4,232,200,Ryan Miller,Susan James,Jonathan Smith,Cloudy,Fresh,18470
167,2009,2009-04-03,10,2,7,10,Bat,10,72,0,133,61,Jennifer Grant,Alexander Patel,David Jenkins,Rainy,Used,16225
168,2021,2021-04-21,10,2,10,10,Bat,2,0,0,163,163,Andrea Garza,Daniel Martinez,Kristy Bush,Rainy,Fresh,29600
169,2017,2017-05-09,5,3,14,5,Bat,3,0,0,156,156,Melissa Cunningham,Cody Robinson,Bobby Graham PhD,Clear,Fresh,19880
170,2009,2009-04-08,9,2,10,2,Field,9,0,0,141,141,David Chambers,Charlene Johnston,Michele Warren,Clear,Fresh,27332
171,2008,2008-05-26,2,8,1,8,Bat,8,61,0,159,98,Brandon Fuller,Gregory Howell,Beth Callahan,Cloudy,Fresh,10858
172,2018,2018-05-25,7,8,6,7,Field,7,0,4,228,188,Kenneth Anderson,Sean Phillips,Ryan Dean,Rainy,Dusty,19609
173,2018,2018-05-21,1,3,5,1,Bat,3,0,0,136,136,Sean Bass,Kevin Wilson,Julia Adkins,Clear,Used,27633
174,2014,2014-05-13,4,8,18,8,Field,8,0,1,155,146,Brittany Mahoney,Theresa Burns,Lisa Allen,Rainy,Dusty,23391
175,2021,2021-05-17,5,3,6,5,Field,3,0,0,151,151,Mark Rivera,Jeffrey Diaz,Cody Bass,Clear,Dusty,53161
176,2014,2014-05-25,3,8,1,3,Field,3,0,8,211,163,Meredith Rhodes,Sylvia Oconnor,Alexander White,Rainy,Used,24750
177,2013,2013-05-23,9,7,1,9,Field,9,0,1,208,199,Kyle Wu,Gregory Thomas,William Owens,Clear,Worn,19956
178,2008,2008-05-22,3,6,3,6,Field,6,0,7,256,179,Taylor Parker,Katrina Sloan,Teresa Blackburn,Humid,Worn,20963
179,2013,2013-04-08,2,10,3,10,Bat,10,62,0,120,58,Tiffany Lopez,Katelyn Edwards,Lindsey Mendez,Rainy,Fresh,26180
180,2010,2010-04-28,4,1,13,4,Bat,4,66,0,172,106,Steven Barnett,Shelby Mason,Danielle Ramos,Rainy,Used,33967
181,2009,2009-04-02,10,1,5,10,Field,1,0,0,132,132,Andrew Abbott,Doris Bowman,Christine Taylor,Rainy,Worn,16678
182,2010,2010-05-30,2,9,3,2,Bat,2,38,0,179,141,Paul Kelley,Michael Leblanc Jr.,Denise Morris,Humid,Fresh,10296
183,2009,2009-04-24,8,5,13,8,Field,8,0,1,135,124,James Ramos,Patricia Horton,Zachary Price,Cloudy,Worn,52054
184,2018,2018-05-23,3,6,13,6,Bat,6,84,0,169,85,Kelly Hart,Robin Cox,Eric Strickland,Cloudy,Fresh,66616
185,2018,2018-04-21,5,8,11,5,Field,5,0,3,202,172,Caroline Jefferson,Lisa Bryant,Jose Lin,Clear,Fresh,36481
186,2013,2013-05-06,3,6,9,6,Bat,3,0,0,194,194,Jason Wilson,Shelly Trujillo,Angela Mcdonald,Cloudy,Fresh,13529
187,2012,2012-04-17,10,5,9,10,Field,10,0,7,282,212,Michael Smith,Cristina Davis,Chloe Daniels,Humid,Dusty,15212
188,2021,2021-04-18,2,8,13,8,Bat,2,0,0,163,163,David Hunt,Thomas Mata,Jeffery Moore,Cloudy,Fresh,52662
189,2022,2022-05-06,2,3,17,3,Field,2,0,0,188,188,Wendy Coleman,Kim Johnson,Edward Harrison,Cloudy,Used,18707
190,2012,2012-04-22,8,10,20,10,Field,8,0,0,195,195,Melissa Manning,David Simpson,Chelsea Kelly,Cloudy,Worn,26803
191,2016,2016-05-10,10,3,16,3,Field,10,0,0,182,182,Jacob Thomas,Cody Hernandez,Melanie Beard,Rainy,Fresh,42793
192,2019,2019-05-11,8,3,13,3,Bat,8,0,0,147,147,Mark Nelson,Joseph Holder,Nicholas Terry,Humid,Fresh,53824
193,2018,2018-04-16,1,5,3,1,Field,5,0,0,180,180,Matthew Brown,Rachel Hamilton,Whitney Cole,Humid,Dusty,15283
194,2021,2021-05-03,3,2,18,2,Field,2,0,7,205,156,Joseph Schultz,Shannon Mccoy,Laurie Scott,Humid,Dusty,14488
195,2019,2019-04-09,7,6,10,7,Field,7,0,7,219,149,Linda Dominguez,Ricky Gibson,Alan Jones,Cloudy,Used,73490
196,2016,2016-04-28,4,1,20,4,Bat,4,93,0,137,44,Scott Torres,Nathaniel Cruz,John Duncan,Rainy,Dusty,17164
197,2017,2017-04-01,2,10,20,10,Field,10,0,8,226,146,Nathan Prince,Christopher Johnson,Cory Shelton,Humid,Worn,27332
198,2021,2021-04-21,7,5,6,5,Bat,7,0,0,196,196,Joseph Coleman,Robyn Leonard,Aaron Barber,Humid,Worn,54270
199,2019,2019-04-25,5,2,8,5,Bat,5,88,0,194,106,Jared Holmes,Brian Lee,Shannon Gilmore,Clear,Dusty,26248
200,2012,2012-05-03,1,2,9,1,Bat,2,0,0,161,161,Kristi Conway,Adam Abbott,Seth Frank,Clear,Dusty,26749
201,2012,2012-04-05,7,2,20,7,Bat,7,96,0,146,50,Marcus Li,Yvette Hernandez,Stephanie Rivers,Cloudy,Dusty,13592
202,2011,2011-05-29,10,1,20,1,Bat,10,0,0,165,165,Andrea Walters,Ryan Patel,Shelly Klein,Cloudy,Worn,18398
203,2021,2021-05-11,6,7,7,6,Field,6,0,1,205,194,Whitney Garcia,Nicholas Holden,Erica Anderson,Humid,Worn,12297
204,2018,2018-05-03,2,10,7,2,Field,10,0,0,155,155,Keith Parrish DDS,Robert Williams,Deborah Vaughn,Rainy,Worn,11636
205,2013,2013-05-16,1,7,11,1,Field,1,0,3,160,139,Andrew Shah,Jared Phelps,Daniel Wilson,Clear,Fresh,27323
206,2014,2014-05-03,8,5,12,5,Bat,8,0,0,208,208,Jessica Stewart,Kaylee Baker,Tracey Romero,Clear,Worn,28184
207,2021,2021-05-18,2,10,1,2,Field,2,0,9,249,204,Wendy Mullen,Thomas Choi,Jeff Hart,Rainy,Used,12305
208,2021,2021-05-31,2,9,17,2,Bat,9,0,0,162,162,Brian Ortega II,Kayla Brown,Alexander Arias,Humid,Worn,57232
209,2019,2019-04-14,2,8,7,8,Field,2,0,0,184,184,Erin Young,James Carter,Tanner Thomas,Humid,Dusty,14000
210,2019,2019-04-09,10,1,19,1,Bat,1,43,0,161,118,Tina Saunders,Matthew Park,Edward Weber,Humid,Dusty,21326
211,2012,2012-04-06,2,9,9,9,Bat,9,4,0,125,121,Mark Anderson,Scott Russell,Richard Torres,Cloudy,Dusty,16356
212,2022,2022-04-12,10,1,3,10,Bat,1,0,0,136,136,Sarah Hunter,Mary Gutierrez,Joel Lewis,Humid,Used,27789
213,2019,2019-05-03,6,3,11,6,Field,6,0,8,228,156,Kathy Kennedy,Kaitlin Richardson,Michael Ramirez,Clear,Dusty,36658
214,2019,2019-04-12,6,5,9,6,Bat,6,16,0,123,107,Olivia Lucas,Mary Smith,Brian Gutierrez,Humid,Worn,13194
215,2016,2016-05-16,3,6,5,3,Field,6,0,0,123,123,Dylan Prince,Julie Stokes,Michael Martin,Rainy,Used,18214
216,2009,2009-04-22,3,2,10,3,Field,3,0,7,208,159,Austin Petersen,Juan Brooks,Christine Parsons,Cloudy,Worn,33652
217,2015,2015-05-17,9,3,16,9,Bat,3,0,0,139,139,Amanda Miller,Jordan Price,Dawn Smith,Humid,Used,34754
218,2014,2014-05-06,6,3,17,3,Field,3,0,8,220,180,Luke Carey,Benjamin Jordan,Sarah Norris,Cloudy,Worn,36395
219,2018,2018-05-01,8,9,10,9,Field,9,0,3,149,131,Patricia Warner,Margaret Matthews,Steven Lawrence,Rainy,Fresh,50798
220,2023,2023-05-02,4,7,17,4,Bat,4,85,0,158,73,Ashley Moore,Devin Griffin,Shawn Lewis,Cloudy,Dusty,44013
221,2017,2017-05-24,1,2,14,2,Bat,2,16,0,161,145,Joseph Ramsey,Tyler Vincent,Alexis Griffin,Cloudy,Fresh,18216
222,2017,2017-05-26,8,5,16,8,Field,8,0,7,229,187,Haley Nelson,Billy Mullins,Dakota Mitchell,Clear,Used,15218
223,2020,2020-04-19,10,8,6,10,Bat,8,0,0,136,136,Benjamin Davis,Jennifer Williams,Kathy Nixon,Rainy,Used,46919
224,2010,2010-04-30,3,2,8,2,Field,2,0,9,212,167,Amy Edwards,Richard Rivera,Timothy Murray,Humid,Fresh,21795
225,2020,2020-04-29,7,3,18,3,Field,7,0,0,194,194,Jose Mcgee,Michelle Reyes,Michelle Robinson,Clear,Used,22700
226,2016,2016-05-11,3,10,12,3,Field,3,0,7,191,135,Peter Jones,Rachel Boyd,Scott Ortega,Humid,Dusty,23152
227,2009,2009-04-19,4,2,15,4,Bat,4,96,0,161,65,Anthony Estrada,Sara Barnes,Jason Miller,Clear,Dusty,27892
228,2008,2008-04-24,2,9,11,9,Bat,9,93,0,143,50,Joel Jones,Christopher Harding,Vanessa Dawson,Rainy,Worn,24505
229,2016,2016-04-05,1,3,6,3,Bat,3,10,0,151,141,Allison Fuller,Erika West,Kimberly Day,Cloudy,Worn,33234
230,2013,2013-05-25,4,10,19,10,Bat,10,14,0,165,151,Zachary Blanchard,Brenda Moore,Natalie Byrd,Cloudy,Worn,16515
231,2016,2016-04-06,10,4,3,10,Field,4,0,0,214,214,Christian Edwards,Brent Anderson,Donald Fletcher,Humid,Worn,18702
232,2016,2016-04-05,8,7,19,8,Field,7,0,0,143,143,Nicholas Reyes,Donald Williams,Sharon Arellano,Cloudy,Used,21313
233,2023,2023-04-06,3,10,17,3,Field,3,0,9,251,143,John Gonzalez,Michael Ferguson,Joe Houston,Rainy,Dusty,15427
234,2016,2016-04-15,5,10,4,10,Field,10,0,8,207,167,Sarah Ruiz,Rebecca Williams,Steven Krueger,Rainy,Dusty,30237
235,2013,2013-05-16,9,10,20,10,Field,9,0,0,193,193,Christopher Love,Charlene Fowler,Natalie Anderson,Humid,Worn,15434
236,2012,2012-04-25,9,7,2,9,Field,9,0,1,129,120,Andrew Valenzuela,Thomas Moore,Michael Jackson,Humid,Used,25562
237,2019,2019-04-03,10,7,12,10,Bat,7,0,0,142,142,Stephen Weaver,Willie Martinez,Theresa Delacruz,Humid,Dusty,27944
238,2012,2012-04-16,1,7,5,1,Bat,1,40,0,130,90,Denise Short,Justin Richard,April White,Rainy,Fresh,25901
239,2017,2017-04-16,8,10,14,10,Bat,8,0,0,130,130,Leslie Reed,Nicole Oconnor,Crystal Davis,Cloudy,Fresh,47725
240,2018,2018-05-12,3,8,10,8,Field,3,0,0,161,161,Shannon Peck,Shannon Glass,Breanna Robinson,Cloudy,Dusty,72124
241,2011,2011-05-25,7,10,1,10,Bat,7,0,0,158,158,Dustin Burke,Sandra Fitzgerald,Tiffany Ford,Clear,Dusty,39693
242,2019,2019-04-23,4,7,6,4,Field,4,0,6,229,199,Keith Shea,James Reynolds,Tina Young,Rainy,Worn,14278
243,2011,2011-04-24,6,2,16,2,Bat,2,49,0,175,126,Robert Weiss,Austin Navarro,Kimberly Henson,Rainy,Dusty,13315
244,2016,2016-05-07,2,10,13,10,Bat,10,55,0,129,74,Victor Grant,Denise Little,Luis York,Clear,Worn,25943
245,2021,2021-05-23,2,7,13,2,Bat,2,81,0,164,83,Richard Butler,Amanda Marshall,Francisco Morgan,Clear,Worn,43167
246,2017,2017-04-17,6,5,15,6,Bat,6,26,0,143,117,Lisa Oliver,Jessica Riley,James Hubbard,Rainy,Fresh,30026
247,2014,2014-05-22,6,3,16,3,Field,6,0,0,173,173,Shelley Mahoney,Gregory Smith,Michael Jackson,Rainy,Worn,11999
248,2015,2015-04-22,10,2,8,10,Bat,10,100,0,214,114,Michelle Arroyo,Jeffrey Barajas,Robert George,Cloudy,Worn,16760
249,2016,2016-04-23,10,4,15,10,Field,10,0,2,218,200,Todd Davis,Ashley Austin,Amy Bishop,Rainy,Worn,30296
250,2013,2013-05-31,9,4,11,4,Field,9,0,0,142,142,Tyler Davis,Austin Lopez,Marcus Ortiz,Clear,Fresh,22370
251,2018,2018-05-08,3,2,10,2,Bat,2,67,0,169,102,Kristine Cooper,Paige Phillips,Dennis Williams,Cloudy,Fresh,21902
252,2009,2009-04-29,5,6,15,6,Field,6,0,3,193,163,Jean Kirk,Ricky Nelson,Jason Rodriguez,Cloudy,Dusty,20901
253,2014,2014-05-29,10,3,17,10,Bat,3,0,0,201,201,Jessica Huang,Timothy Fowler,Aaron Schmidt II,Cloudy,Worn,42947
254,2020,2020-05-01,10,2,7,2,Bat,2,55,0,196,141,Taylor Willis,Zachary Green,David Hardy,Humid,Worn,10254
255,2015,2015-04-12,1,7,17,7,Bat,7,58,0,164,106,William Hansen,Jonathan Shah,Mary Williams,Rainy,Fresh,14371
256,2019,2019-04-13,3,7,17,3,Field,7,0,0,169,169,Michael Jackson,Anna Evans,Carlos Bauer,Cloudy,Used,26086
257,2021,2021-05-21,9,6,16,6,Bat,6,56,0,168,112,Scott Ellis,David Ryan,Jennifer Arnold,Cloudy,Fresh,22789
258,2019,2019-05-01,7,5,17,7,Bat,7,59,0,145,86,Kelly Copeland,Melissa Lewis,Karen Hunt,Cloudy,Worn,56822
259,2022,2022-05-12,3,8,3,3,Bat,3,43,0,129,86,John Lara,Michael Brown,James Cooper,Clear,Used,34087
260,2022,2022-04-25,8,10,2,10,Bat,8,0,0,123,123,Sheena Weaver,Amanda Griffith,Christina Daniels,Cloudy,Used,10502
261,2010,2010-05-08,7,5,2,7,Bat,7,5,0,157,152,Denise Hendrix,Rebecca Ortiz,Mitchell Rodriguez,Rainy,Used,43490
262,2017,2017-05-11,5,1,4,5,Field,1,0,0,129,129,Dr. Natalie Collins MD,Matthew Levy,Stacey Thompson,Clear,Fresh,56747
263,2008,2008-04-13,7,2,4,7,Bat,7,41,0,189,148,Justin Acosta,Danielle Ball,Laura Robinson MD,Clear,Fresh,25563
264,2011,2011-04-26,8,7,12,7,Bat,8,0,0,210,210,Brandon Marshall,Adam Small,Robert Watson,Humid,Dusty,34721
265,2014,2014-04-12,9,8,14,8,Bat,9,0,0,160,160,Wendy Sanchez,Victor Scott,Stephen Parks,Humid,Used,16463
266,2013,2013-05-16,3,4,18,4,Field,3,0,0,144,144,John Nelson,Mr. Eric Hoffman,Bradley Miller,Clear,Dusty,14675
267,2009,2009-04-04,9,4,19,4,Field,9,0,0,134,134,Daniel Thomas,Travis Robinson,Leah Bartlett,Humid,Dusty,13987
268,2008,2008-04-28,7,4,14,7,Field,7,0,2,159,141,Daniel Davis,Donald Turner,Amy Collins,Clear,Dusty,48533
269,2019,2019-04-04,4,6,16,4,Field,6,0,0,200,200,Brian Brown,Kevin Romero,Amy Buck,Cloudy,Used,40102
270,2019,2019-05-26,9,3,6,9,Bat,3,0,0,120,120,Michele Mills,Michael Bass,Jennifer Fisher,Humid,Dusty,44811
271,2022,2022-05-18,7,2,1,2,Field,2,0,8,220,156,Mrs. Connie Mccormick,Danny Mclaughlin,Joseph Kent,Humid,Used,10561
272,2023,2023-05-02,4,8,14,8,Field,4,0,0,186,186,Elizabeth Montoya,Alan Thompson,Elizabeth Johnston,Humid,Fresh,24878
273,2015,2015-04-19,10,3,17,3,Bat,10,0,0,166,166,Melinda Brown,Tyrone Parker,Michael Nunez,Cloudy,Fresh,13613
274,2010,2010-04-23,1,2,17,2,Field,2,0,4,200,160,Alexandra Perkins,Rodney Rogers,Edwin Lawrence,Clear,Used,50960
275,2023,2023-04-22,9,10,12,9,Field,9,0,4,255,215,Steven Mcdonald Jr.,Martin Rodriguez DDS,Nichole King,Clear,Worn,36127
276,2020,2020-05-01,8,5,12,8,Field,8,0,9,232,187,Brian Moore,Tammy Green,Melissa Diaz,Rainy,Dusty,18731
277,2022,2022-05-22,4,9,3,9,Field,9,0,3,211,181,Pamela Daugherty,Karen Gutierrez,Theresa Morris,Cloudy,Used,22308
278,2015,2015-05-24,1,4,6,4,Bat,1,0,0,138,138,Karen Vincent,Michael Ward,Karen Ford,Humid,Fresh,44939
279,2015,2015-05-03,9,6,6,9,Bat,6,0,0,147,147,Andrew Leonard,Steven Kirby,Andrew Jensen,Cloudy,Worn,53855
280,2013,2013-05-14,2,1,17,1,Bat,2,0,0,160,160,Edward Smith,Joseph Neal,Allison Wells,Clear,Used,56718
281,2012,2012-04-20,2,6,18,6,Bat,2,0,0,152,152,Jennifer Ortiz,Edward Evans,Steven Sanders,Rainy,Fresh,24813
282,2009,2009-05-13,1,10,9,1,Bat,1,97,0,148,51,Dr. Justin Mercer MD,Brandi Wilson,Jerry Jones,Rainy,Worn,16735
283,2010,2010-05-07,5,9,17,9,Field,5,0,0,174,174,Ashley Myers,Christian Smith,Michelle Hancock,Cloudy,Worn,57382
284,2019,2019-04-02,3,1,12,1,Field,3,0,0,122,122,Mr. Ronald Barker,Colton Bray,Richard Solomon Jr.,Humid,Dusty,30626
285,2014,2014-04-29,10,5,6,10,Field,5,0,0,213,213,Amber Roberson,Michaela Williams,Cheryl Fuentes,Cloudy,Fresh,73301
286,2019,2019-04-08,2,3,3,3,Field,2,0,0,191,191,Michael Frank,Michael Maddox,Hayley Martin,Clear,Used,20984
287,2023,2023-05-02,8,6,15,6,Field,8,0,0,185,185,Janet Smith,Donald Brown,Donald Welch,Humid,Used,37983
288,2021,2021-04-26,10,5,11,10,Field,10,0,2,152,138,Morgan Russell,Lisa Taylor,Yolanda Ortiz,Rainy,Worn,39418
289,2008,2008-05-31,2,6,19,2,Field,6,0,0,130,130,Aaron Morris,Heather Douglas,Robert Alvarado,Cloudy,Worn,20048
290,2011,2011-05-13,5,2,7,2,Bat,2,86,0,203,117,Madeline Steele,Sheila Merritt,Connie Vincent,Clear,Used,15977
291,2009,2009-05-29,5,4,6,5,Bat,5,78,0,167,89,Victoria Davis,Lisa Rivera,Cole Carney,Rainy,Worn,44501
292,2010,2010-05-18,10,1,11,1,Field,10,0,0,189,189,Krystal Pacheco,Dr. Rachel Kramer,Edward Lewis,Clear,Worn,16983
293,2008,2008-05-03,3,2,2,2,Bat,2,50,0,182,132,Laura Smith,Jeffrey Morris,Taylor Lewis,Rainy,Worn,40470
294,2014,2014-04-25,6,1,12,6,Bat,6,92,0,219,127,Zachary Cruz,Mr. Jeffrey Brown,James Marquez,Cloudy,Dusty,17173
295,2020,2020-05-08,5,9,17,9,Field,9,0,5,190,155,Mark Lewis,Colton Steele,Daniel Heath,Clear,Worn,37424
296,2017,2017-05-31,9,2,14,2,Bat,9,0,0,173,173,Tammy Williams,Steven Hobbs,Robert Ballard,Humid,Worn,37489
297,2015,2015-04-22,7,5,2,7,Field,7,0,6,200,152,Amy Wilson,Marcia James,Brian Stewart,Clear,Worn,20598
298,2022,2022-04-15,7,8,4,7,Field,8,0,0,175,175,Aaron James,William Jimenez,Nicholas Simmons,Cloudy,Used,30076
299,2016,2016-04-17,3,10,5,10,Bat,10,91,0,205,114,Debra Nash,Kevin Cruz,Andrew Acosta,Clear,Used,27606
300,2017,2017-04-22,5,8,6,5,Bat,5,18,0,215,197,Eric Price,Michelle Stephens,Diane Ortega,Humid,Used,10597
301,2019,2019-04-12,6,4,16,4,Bat,4,25,0,176,151,Roberto Walker,Roberto Stone,Thomas Williams,Cloudy,Fresh,41577
302,2021,2021-05-01,8,10,12,10,Bat,10,76,0,184,108,Joseph Meadows,Jordan Morales,Beth Mcguire,Humid,Used,20273
303,2010,2010-04-02,1,6,2,1,Bat,1,22,0,202,180,Brian Hall,Charles Hernandez,Jake Fields,Clear,Used,18955
304,2013,2013-04-22,1,10,14,1,Field,1,0,5,174,144,Ryan Davenport,Jean Perez,Judith Daniels,Rainy,Dusty,28807
305,2012,2012-04-21,9,10,20,10,Bat,10,2,0,152,150,Jacqueline Lopez,Thomas Erickson,Christopher Ramirez,Cloudy,Fresh,15470
306,2008,2008-04-22,6,7,1,6,Field,6,0,1,188,176,Sherry Schroeder,Felicia Christensen,Alyssa Jones,Cloudy,Worn,33259
307,2009,2009-04-19,9,2,7,9,Field,9,0,8,193,145,Cheyenne Gross,Robert Kent,Robert Sutton,Cloudy,Used,16747
308,2023,2023-04-30,3,5,11,5,Field,5,0,1,183,175,Kara Mercado,Martin Evans,Donald Kelley,Humid,Fresh,42655
309,2018,2018-04-29,1,2,5,1,Bat,2,0,0,177,177,Kimberly Williams,Michael Nichols,Tina Hicks,Cloudy,Worn,26891
310,2021,2021-05-01,1,3,18,3,Field,1,0,0,168,168,Austin Nunez,David Henderson,Carolyn Madden,Clear,Fresh,15097
311,2017,2017-05-27,3,7,18,7,Bat,3,0,0,133,133,Jennifer Carlson,Margaret Dixon,Jennifer Patterson,Cloudy,Used,22948
312,2012,2012-05-06,7,3,10,7,Bat,7,99,0,200,101,Gerald Paul,Miguel Mercado,Erin Davis,Humid,Worn,22626
313,2010,2010-04-21,10,2,20,10,Bat,2,0,0,129,129,Travis Johnson,Victoria Choi,Jose Gardner,Clear,Fresh,19805
314,2021,2021-05-17,6,10,4,6,Bat,10,0,0,130,130,Stephen Williams,Kristen Cantu,Mary Lang,Rainy,Dusty,47176
315,2021,2021-05-06,1,2,15,1,Field,1,0,2,194,170,Erica King,Barry Shaw,Christine Owens,Cloudy,Fresh,37374
316,2016,2016-04-01,3,9,6,3,Bat,3,59,0,210,151,Jennifer Foster,Andre Crawford,Seth Mann,Cloudy,Fresh,53690
317,2021,2021-04-22,3,6,20,3,Field,6,0,0,157,157,Jennifer Mckinney,Mrs. Courtney Sanchez,Catherine Elliott,Rainy,Fresh,11459
318,2015,2015-05-17,6,1,16,1,Field,1,0,5,203,143,Cassandra Davis,Kelly Thomas,Whitney Walker,Rainy,Dusty,21807
319,2014,2014-04-14,6,5,11,5,Bat,5,11,0,128,117,Laura Gibbs,David Griffin,Tina Dillon,Clear,Worn,30418
320,2016,2016-05-27,4,3,8,3,Field,3,0,7,193,151,Christian Munoz,Jennifer Reid,Taylor Goodwin,Humid,Worn,43067
321,2014,2014-05-25,6,7,3,7,Bat,6,0,0,194,194,Julia Bailey,Leslie Wright,William Todd,Humid,Fresh,22961
322,2016,2016-04-25,4,5,10,4,Bat,4,5,0,131,126,Kristin Reid,Angela Shannon,Diana Miller,Rainy,Used,16621
323,2008,2008-04-12,2,6,11,2,Bat,6,0,0,189,189,Joseph Ruiz,James Sims,Jeffrey Smith,Humid,Dusty,42493
324,2010,2010-04-27,10,9,10,9,Bat,9,86,0,138,52,Jonathan Perez,Mathew Hicks,Samuel Ross,Clear,Fresh,22541
325,2016,2016-05-13,5,3,9,3,Bat,3,54,0,210,156,Lisa Short,Stephanie Lee,Marcia Rodriguez,Rainy,Worn,29256
326,2022,2022-04-11,1,6,9,6,Bat,1,0,0,154,154,Karen Mitchell,Brenda Jones,Angela Thompson,Humid,Worn,34785
327,2016,2016-04-25,3,10,17,3,Bat,3,55,0,173,118,Dr. Jose Harris,Jared Larsen,Danny Hardy,Humid,Fresh,57381
328,2019,2019-04-30,3,5,6,5,Bat,5,73,0,200,127,Michael Frank,Michael Johnson,Carrie Howard,Humid,Fresh,52619
329,2009,2009-05-18,2,8,5,2,Field,2,0,7,166,131,Ryan Daniel,Victoria Stewart,Thomas Mccullough,Humid,Dusty,24115
330,2017,2017-04-06,10,6,20,10,Bat,10,86,0,194,108,Danny Andersen,Jill Roberts,Timothy Clark,Cloudy,Dusty,22967
331,2009,2009-05-27,5,2,13,5,Bat,2,0,0,124,124,John Adams,Lori Newton,Bailey Robinson,Cloudy,Dusty,49882
332,2015,2015-05-07,2,8,6,8,Field,8,0,4,216,172,Luis Murphy,Richard Wright,Joshua Dixon,Cloudy,Fresh,53124
333,2010,2010-05-16,10,5,1,10,Field,5,0,0,215,215,Sarah Morales,Lauren Curtis,Vincent Meyer,Humid,Fresh,29865
334,2010,2010-05-12,3,2,16,2,Bat,2,75,0,140,65,Allison Delgado,Barbara Clark,Kimberly Robinson,Cloudy,Worn,33551
335,2022,2022-05-30,9,8,16,8,Field,8,0,5,237,212,Wesley Martin,Susan Cantu,Nicole Wilson,Clear,Fresh,20977
336,2008,2008-04-23,4,8,18,8,Field,4,0,0,140,140,Brian Howell,Jennifer Burgess,Calvin Palmer,Clear,Worn,10922
337,2019,2019-05-03,8,7,17,7,Field,8,0,0,133,133,Victor Smith,Aaron Page,Richard Price,Humid,Dusty,24102
338,2008,2008-04-06,8,6,18,6,Bat,8,0,0,155,155,Danielle Erickson,Erica Patterson,Richard Smith,Humid,Dusty,20270
339,2014,2014-04-01,1,8,16,8,Field,8,0,2,210,194,Lori Reed,Steven Bryant,Amanda Harmon,Humid,Used,39679
340,2011,2011-05-12,7,3,11,7,Field,7,0,2,166,154,Kimberly Matthews,Kevin Garcia,Sharon Hoffman,Rainy,Dusty,48448
341,2016,2016-05-26,1,7,13,7,Field,7,0,5,215,160,Crystal Rocha,Jamie Wise,Chad Blair,Clear,Used,18263
342,2018,2018-05-18,4,7,4,7,Field,4,0,0,197,197,Tiffany Robertson,Catherine Clark,Michelle Thomas,Humid,Fresh,50480
343,2020,2020-04-19,6,2,4,2,Bat,2,98,0,140,42,Brandon Olson,Marc Baker,Christina Hoffman,Clear,Worn,66356
344,2019,2019-05-06,10,9,12,9,Bat,10,0,0,150,150,Kenneth Ramirez,Jason Taylor,Matthew Campbell,Humid,Worn,42154
345,2019,2019-05-07,3,10,18,3,Field,10,0,0,176,176,Taylor Marks,Victoria Little,Scott Mendoza,Cloudy,Worn,10035
346,2009,2009-04-20,3,4,4,3,Field,4,0,0,123,123,Debra Barrera,Christina Hernandez,Cynthia Daniels,Rainy,Fresh,26828
347,2012,2012-05-14,6,10,9,6,Field,6,0,4,214,170,Nathan Wall DDS,Veronica Payne,Jason Meyer,Rainy,Used,34502
348,2017,2017-04-05,8,2,5,8,Bat,8,91,0,146,55,Jeffrey Moses,Javier Adams,Daniel Jones,Clear,Used,17238
349,2008,2008-05-14,2,1,4,1,Bat,1,44,0,127,83,Anthony Mcmahon,Robert Farmer,Shannon Howell,Clear,Fresh,17596
350,2020,2020-04-16,4,9,19,9,Bat,9,94,0,169,75,Alexis Smith,Eric Garner,Anthony Crawford,Rainy,Dusty,18203
351,2021,2021-05-20,5,8,15,8,Bat,8,76,0,182,106,Wayne Walker,Michael Stephenson,Nicholas Parker,Rainy,Fresh,28417
352,2010,2010-05-16,5,1,19,1,Bat,1,89,0,177,88,Andrea Fisher,Derek Cannon,Brandy Townsend,Cloudy,Fresh,11684
353,2013,2013-04-06,1,3,5,3,Field,3,0,4,214,170,Jose Hoffman,Alexis Roberts,Brian Fischer,Rainy,Fresh,25831
354,2009,2009-05-20,9,2,9,2,Bat,9,0,0,139,139,Brittany Contreras,Christina Lewis,Nancy Flores,Humid,Dusty,13318
355,2015,2015-05-24,2,10,16,10,Bat,2,0,0,178,178,Jack Watson,Rebecca Davidson,Cindy Mcgee,Cloudy,Used,36097
356,2018,2018-04-22,4,8,3,8,Field,8,0,7,295,218,Marisa Sutton,Kristina Ellis,Christina Haynes,Humid,Used,17709
357,2010,2010-04-17,8,3,18,8,Bat,3,0,0,148,148,Guy Taylor,Hannah Mathis,Bradley Ibarra,Humid,Fresh,10279
358,2016,2016-05-29,3,10,14,3,Field,10,0,0,206,206,Heather Barr,Taylor Miller,Colleen Lyons,Cloudy,Used,15837
359,2016,2016-05-25,8,2,14,8,Field,2,0,0,216,216,Lynn Brown,Edward Jackson,Brittany Proctor,Clear,Fresh,20211
360,2009,2009-04-10,4,9,1,4,Field,4,0,8,193,153,Kayla Dawson,Shelly Robinson,David Fry,Humid,Used,43728
361,2023,2023-04-01,3,5,8,5,Bat,5,13,0,186,173,Jessica Jackson,Jonathan Duncan,Lonnie Mccullough,Clear,Worn,25409
362,2010,2010-04-20,1,10,1,1,Bat,1,21,0,180,159,Brian Sherman,Michele Cruz,Kevin Cole,Cloudy,Used,29351
363,2022,2022-05-04,10,2,13,10,Field,2,0,0,172,172,Jonathon Bartlett,Jason Manning,Daniel Singh,Rainy,Dusty,50295
364,2012,2012-05-21,5,3,13,5,Bat,5,69,0,212,143,Dawn Foster,David Gonzales,Patrick Brown,Humid,Used,70928
365,2017,2017-05-13,6,4,13,4,Field,6,0,0,184,184,Jacqueline Potter,Nicholas Norton,Lauren Mora,Cloudy,Fresh,17054
366,2011,2011-05-31,3,2,14,2,Field,3,0,0,165,165,Joseph Gibson,Justin Smith,Lisa Kennedy,Rainy,Fresh,29466
367,2018,2018-05-15,3,5,18,3,Field,3,0,8,211,147,Tanya Miller,Allen Malone,Deanna Mayer,Rainy,Dusty,16171
368,2008,2008-05-26,4,3,18,4,Field,4,0,6,203,149,Pamela Conrad,Adam Jacobson,Edward Boyer,Humid,Fresh,20492
369,2021,2021-04-16,6,10,5,6,Field,6,0,3,183,165,Jennifer Meyer,Sarah Johnson,Donald Hughes,Rainy,Used,19992
370,2008,2008-05-18,8,5,8,8,Field,5,0,0,129,129,Charlotte Lee,Paul Powers,Glenn King,Clear,Fresh,76496
371,2016,2016-05-13,3,7,16,3,Field,7,0,0,217,217,Alexander Kane,Timothy Miller,Donna Allen,Rainy,Fresh,19918
372,2019,2019-04-04,1,6,2,6,Bat,1,0,0,120,120,Derek Carpenter,Kristen Buckley,Natalie Arias,Cloudy,Used,24532
373,2010,2010-05-06,4,8,7,4,Bat,8,0,0,144,144,Mr. Ray Cherry,Danielle Lopez,Shirley Green,Cloudy,Worn,13773
374,2016,2016-05-11,3,9,20,3,Bat,9,0,0,143,143,Gabriela Herring,Anthony Hill,Tracy Phillips,Clear,Dusty,23985
375,2014,2014-05-15,8,4,3,4,Bat,4,20,0,194,174,Pamela Nelson,Emily Ramirez,Edward Woods,Humid,Worn,32304
376,2022,2022-04-29,6,10,14,10,Field,6,0,0,185,185,Kimberly Lee,Tristan Woods,Stephanie Hall,Humid,Dusty,10510
377,2019,2019-04-21,3,8,1,8,Field,3,0,0,180,180,Ariana Fuller,Dr. Matthew Adams MD,Joshua Harvey,Cloudy,Used,27496
378,2008,2008-04-21,5,4,8,5,Bat,4,0,0,159,159,Jason Short,Jessica Fields,Kenneth Roberts,Cloudy,Fresh,20924
379,2021,2021-05-21,7,6,4,6,Field,6,0,7,175,126,Christina Hayden,Samantha Haley,Jose Mcclure,Cloudy,Fresh,54149
380,2009,2009-05-10,6,1,16,6,Field,1,0,0,144,144,Jeremy Reed,Anthony Smith,Jessica Quinn,Clear,Dusty,11080
381,2020,2020-05-14,10,7,20,7,Field,7,0,9,210,129,Melissa Lambert,Amanda Phillips,Kenneth Orozco,Cloudy,Used,17284
382,2009,2009-04-23,2,4,16,2,Field,2,0,2,223,199,Jennifer Callahan,Ian Morrison,Carla Strickland,Cloudy,Used,36505
383,2008,2008-04-03,4,3,2,3,Field,3,0,4,256,212,Christopher Mckay,Eric Rhodes,Patrick Keller,Cloudy,Fresh,24535
384,2009,2009-05-28,3,5,7,5,Bat,5,33,0,135,102,Allison Gaines,Jennifer Edwards,Jordan Baxter,Cloudy,Used,15814
385,2010,2010-04-29,6,4,9,6,Bat,4,0,0,161,161,Carrie Collier,Melanie Brown,Donna Wilson,Cloudy,Dusty,11891
386,2022,2022-04-21,3,10,17,3,Field,3,0,9,216,153,Jennifer Sanders,Ashley Harris,Kimberly Johnson,Clear,Dusty,26093
387,2016,2016-05-22,4,9,16,4,Field,9,0,0,128,128,Aaron Hall,William Odom,Natasha Smith,Cloudy,Dusty,28316
388,2017,2017-04-28,1,2,1,1,Bat,1,75,0,192,117,Connie Carr,Matthew Garcia MD,Brenda Carey,Cloudy,Worn,30959
389,2021,2021-05-17,9,3,14,9,Bat,9,69,0,173,104,Paul Anderson,Joseph Lopez,Kelsey Flores,Humid,Fresh,38459
390,2021,2021-04-25,2,3,14,2,Bat,3,0,0,215,215,Jonathan Spencer,Kimberly Thompson,Charlotte Smith,Humid,Worn,35338
391,2014,2014-05-14,7,5,7,7,Field,7,0,6,171,129,Christopher Reed,Ronald Davis,Jeanne Martin,Clear,Dusty,16687
392,2010,2010-05-08,2,1,8,2,Field,1,0,0,154,154,Holly Newton,Thomas Johnson,Barbara Liu,Rainy,Fresh,43208
393,2011,2011-04-01,7,1,2,7,Bat,7,99,0,151,52,Julian Tucker,David Ali,Elizabeth Wyatt,Rainy,Worn,22851
394,2012,2012-05-04,3,6,4,3,Field,3,0,4,186,158,Amanda Strickland,Steven Fuentes,Craig Franklin,Humid,Used,46633
395,2010,2010-05-22,4,7,12,7,Bat,4,0,0,168,168,Daniel Howard,Monica Long,Christopher Miller,Rainy,Used,12184
396,2017,2017-05-29,3,10,8,3,Bat,3,85,0,210,125,Catherine Serrano,Terry Robinson,Mark Robinson,Clear,Dusty,67459
397,2015,2015-04-01,4,10,6,10,Field,10,0,6,262,196,Michael Shelton,Benjamin Blake,Brian Moran,Cloudy,Worn,59394
398,2010,2010-05-05,1,2,4,1,Field,2,0,0,182,182,Manuel Davis,Caitlin Williams,Lisa White,Rainy,Used,34728
399,2013,2013-05-16,8,5,13,5,Bat,8,0,0,180,180,Jeremy Lindsey,Cody Elliott,Jeremy Escobar,Rainy,Worn,43739
400,2016,2016-04-21,3,9,10,9,Bat,3,0,0,124,124,Corey Shelton,Jessica Lane,Ashley Whitney,Humid,Dusty,47517
401,2021,2021-05-14,5,4,10,4,Field,5,0,0,130,130,Nicholas Heath,Mark Bowen,Anthony Beck,Humid,Worn,67204
402,2013,2013-05-22,8,3,14,3,Bat,3,49,0,191,142,Donald Velazquez,Elizabeth Navarro,Elijah Carson,Humid,Dusty,33060
403,2016,2016-04-11,2,9,11,9,Bat,2,0,0,126,126,Kelly Burton,Samantha Kelly,Kevin Arroyo,Humid,Worn,15528
404,2009,2009-04-23,8,5,5,8,Field,8,0,7,214,179,Patrick Perry,Rachel Duncan,Antonio Jones,Rainy,Worn,27788
405,2022,2022-05-09,10,7,13,7,Bat,10,0,0,151,151,Maria Garcia,Kimberly Molina,Deanna Woods,Rainy,Used,17037
406,2010,2010-04-07,4,5,9,5,Bat,4,0,0,126,126,Christine Soto,Samantha Kim,Jeffery Waters,Humid,Used,28587
407,2013,2013-04-26,2,8,19,2,Bat,2,13,0,184,171,Lisa Mcbride,Stephen Chambers Jr.,Marvin Sullivan,Rainy,Worn,18373
408,2010,2010-05-03,4,9,20,9,Bat,9,72,0,215,143,Dustin Wright,Angela Whitehead,Mrs. Kelly Mendoza MD,Cloudy,Fresh,15485
409,2023,2023-04-15,8,4,15,4,Bat,4,35,0,127,92,Samantha Gentry,Brandi Johnson,Diana Davis,Clear,Dusty,16446
410,2022,2022-05-13,3,7,1,7,Field,7,0,7,258,209,Cheyenne Cox,Angel Snyder DVM,Phillip Miller,Clear,Dusty,32272
411,2012,2012-05-07,3,4,16,4,Bat,4,2,0,154,152,Janet Moran,Kimberly Jackson,Cynthia Vargas,Clear,Used,17021
412,2022,2022-05-21,2,10,16,2,Bat,10,0,0,131,131,Troy Hunter,Mr. Brent Michael Jr.,Jason Hodges,Rainy,Fresh,23863
413,2017,2017-05-22,3,6,7,3,Bat,6,0,0,188,188,Molly Williams,Anita Dean,Melissa Cook,Clear,Worn,20475
414,2010,2010-05-05,10,1,7,10,Bat,1,0,0,164,164,Brandon Nguyen,Laura Murphy,Alexander Weaver,Cloudy,Worn,11581
415,2010,2010-05-30,5,7,4,7,Bat,5,0,0,133,133,Kimberly Schmitt,Brent Santos,Nathan Acosta,Clear,Worn,52339
416,2019,2019-05-15,9,2,18,2,Field,9,0,0,150,150,Kimberly Huber,Ashley Martin,Shawn Frank,Cloudy,Fresh,24092
417,2017,2017-05-09,3,10,14,10,Bat,10,76,0,203,127,David Sheppard,Samantha Duncan,Emily Walters,Clear,Used,54606
418,2018,2018-05-26,6,9,13,9,Bat,6,0,0,204,204,Javier Harris,Alicia Stewart,Morgan Pena,Clear,Used,69742
419,2009,2009-04-08,1,6,18,6,Bat,1,0,0,174,174,Christy Brewer,Kyle Serrano,Rachel French,Cloudy,Worn,13663
420,2022,2022-05-17,4,9,14,9,Field,4,0,0,186,186,Chad Abbott,Maria Townsend,Richard Munoz,Rainy,Fresh,42056
421,2016,2016-05-01,9,1,5,9,Field,9,0,2,152,138,Caitlin Nichols,Kaylee Reynolds,Christopher Scott,Cloudy,Used,26245
422,2009,2009-04-29,3,7,11,7,Bat,7,10,0,209,199,Kenneth Hall,Carrie Ward,Rhonda Alvarez,Humid,Used,47805
423,2012,2012-04-03,3,10,15,10,Field,3,0,0,142,142,Dr. Gary Hansen,Nancy Bailey,Carolyn Baker,Cloudy,Used,14764
424,2010,2010-04-23,6,5,13,6,Bat,6,96,0,150,54,Marvin Reed,Gary Mason,Suzanne Randolph,Rainy,Dusty,20796
425,2020,2020-04-21,7,4,19,4,Bat,4,62,0,177,115,Mark Shah,Patricia Gross,Joshua Davis,Clear,Worn,18909
426,2011,2011-05-10,10,5,5,5,Field,10,0,0,213,213,James Schneider,Eric Collins,Benjamin Landry,Cloudy,Fresh,16758
427,2012,2012-04-18,1,9,18,9,Field,1,0,0,135,135,Scott Henderson,John Murray,Anthony Cruz,Humid,Fresh,20788
428,2023,2023-05-31,7,8,18,8,Field,7,0,0,120,120,Shawn Garcia,Laura Jordan,Jessica Mclean DDS,Humid,Worn,20275
429,2009,2009-04-24,8,6,4,6,Field,6,0,9,272,182,Paul Harris,Tonya Rodriguez,Kenneth Parker,Rainy,Used,59419
430,2008,2008-04-17,6,2,15,2,Field,6,0,0,152,152,Mary Smith,Paul Miller,Kirsten Swanson,Humid,Dusty,12775
431,2013,2013-04-21,3,7,6,3,Bat,3,51,0,151,100,Juan Tate,Charles Knapp,Brandy Smith,Cloudy,Dusty,44274
432,2018,2018-05-15,5,6,1,5,Bat,6,0,0,123,123,Amanda Martin,Ronald Bowman,Jesse James,Clear,Dusty,49241
433,2022,2022-04-07,9,4,4,4,Bat,4,61,0,152,91,Brandon Alexander,Robert Mcknight,Mary Grant,Cloudy,Dusty,38834
434,2020,2020-04-17,1,3,16,3,Field,1,0,0,133,133,Lorraine Flores,Jennifer Roberts,Megan Sims,Humid,Fresh,30898
435,2022,2022-04-08,9,6,7,6,Bat,6,95,0,211,116,Alexander Wilson,Erica Gomez,Theodore Lane,Cloudy,Used,20567
436,2012,2012-05-28,8,4,9,4,Bat,4,34,0,146,112,Scott Green,Jordan Williams,Leah Fry,Cloudy,Dusty,13184
437,2014,2014-05-13,4,10,12,10,Field,10,0,7,254,198,Steven Huerta,Robert Lopez,Jeffrey Wilson,Cloudy,Worn,28639
438,2014,2014-05-03,9,10,20,9,Bat,9,45,0,212,167,Nathan Lawson,Madeline Smith,Nathan Moore,Rainy,Worn,21538
439,2018,2018-04-21,8,1,14,8,Bat,8,46,0,161,115,John Castillo,Krista Saunders MD,Mary Moore,Humid,Used,32478
440,2008,2008-04-26,9,10,18,9,Field,9,0,2,150,126,Richard Martinez,Mary Brown,Jennifer Ross,Cloudy,Dusty,18783
441,2013,2013-04-08,9,2,15,9,Bat,9,10,0,142,132,Julie Bishop,Amanda Davidson,Benjamin Perez,Clear,Used,33367
442,2009,2009-05-30,10,9,5,10,Bat,9,0,0,131,131,Sherri Thompson,Beth Mcgee,Wanda Miranda,Cloudy,Used,27969
443,2020,2020-05-11,3,1,17,1,Field,3,0,0,178,178,Eric Sanchez,Lisa Parrish,Joshua James,Cloudy,Worn,58497
444,2008,2008-04-29,4,9,11,4,Bat,4,16,0,165,149,Laura Martinez,Emily Hamilton,Taylor Ross,Rainy,Used,19295
445,2016,2016-04-29,4,2,20,2,Field,4,0,0,136,136,Tara Adkins,Emily Duran,Jose Winters,Humid,Dusty,24323
446,2010,2010-04-24,5,2,5,2,Bat,2,27,0,123,96,Mrs. Shelby Stafford,John Miller,Randall Adams,Humid,Used,15733
447,2009,2009-05-18,5,10,10,10,Bat,5,0,0,136,136,Gail Chan,Theresa Garcia,Teresa Harris,Clear,Fresh,41375
448,2023,2023-04-07,4,6,18,4,Bat,4,32,0,141,109,Thomas Baldwin,Joseph Esparza,Kelly Anderson,Rainy,Used,18482
449,2013,2013-04-27,7,5,12,5,Bat,5,23,0,220,197,Angela Lopez,Randall Gaines,Adrian Hammond,Cloudy,Worn,28680
450,2011,2011-05-05,9,10,12,10,Field,9,0,0,154,154,Jessica Kennedy,Rebecca Hopkins,Jacqueline Hughes,Rainy,Dusty,32392
451,2012,2012-04-14,1,10,9,10,Bat,10,74,0,178,104,Jesus Ochoa,Heidi Smith,Kyle Myers,Cloudy,Worn,30753
452,2015,2015-04-26,10,9,12,10,Field,9,0,0,143,143,Kristen Jackson,Cynthia Scott,Glenn Allen,Clear,Used,38794
453,2019,2019-05-12,2,7,18,2,Bat,7,0,0,184,184,Jennifer Wells,Carrie Blevins,Keith Andersen,Cloudy,Used,19490
454,2016,2016-04-05,2,3,2,2,Field,2,0,9,282,201,Mary Hunter,Tanya Hernandez,Anthony Fox,Humid,Used,38881
455,2016,2016-05-16,5,9,10,5,Bat,9,0,0,185,185,Barbara Anderson,Chelsea Parrish,Daniel Crosby,Humid,Fresh,72847
456,2023,2023-05-27,2,3,16,2,Field,3,0,0,121,121,Kelli Santiago,Deborah Gomez,Marissa Gutierrez,Rainy,Dusty,37696
457,2013,2013-05-12,7,8,4,7,Bat,8,0,0,163,163,Brenda Jackson,Cynthia Price,William Castro,Rainy,Worn,40691
458,2015,2015-04-18,4,1,15,4,Bat,4,60,0,172,112,Susan Pollard,Tamara Baker,Corey Watson,Cloudy,Worn,22287
459,2015,2015-05-27,8,4,2,8,Field,8,0,7,192,157,Jennifer Miller,Diana Richardson,Tina Barker,Cloudy,Fresh,25659
460,2014,2014-05-28,6,8,15,6,Bat,6,41,0,152,111,Kimberly Patrick,Vicki Jones,Jessica Wilson,Clear,Dusty,13222
461,2021,2021-04-24,7,9,16,9,Bat,9,94,0,147,53,Edward Oconnell,Alec Nelson,Brittany Mays,Rainy,Used,30454
462,2020,2020-05-20,7,1,14,7,Field,7,0,6,169,133,Joshua Robles,Mitchell Jarvis,Lori Gomez,Clear,Fresh,11412
463,2009,2009-04-24,6,10,10,10,Bat,6,0,0,132,132,Kristi Pope,Theresa Rodriguez,Vincent Hall,Rainy,Dusty,41870
464,2009,2009-04-28,2,5,16,2,Field,5,0,0,182,182,Debra Foster,Jason Peterson,Jennifer Barnett,Humid,Worn,20709
465,2016,2016-04-15,8,4,13,8,Bat,8,97,0,127,30,Victoria Brown,Lori Medina,Paul Robinson,Cloudy,Used,24761
466,2013,2013-04-22,3,4,6,3,Field,3,0,7,187,131,William Dominguez,Clifford Andrews,Gregory Scott,Cloudy,Fresh,72134
467,2019,2019-05-19,9,6,5,9,Bat,9,13,0,158,145,Matthew Wang,Michael Moore,Mariah Mitchell,Cloudy,Worn,16405
468,2019,2019-04-08,7,1,4,1,Bat,1,48,0,120,72,John Perry,David Wallace,Amanda Stephens,Cloudy,Fresh,41899
469,2018,2018-05-14,4,10,9,10,Bat,4,0,0,186,186,Emily Bush,Shawn Bush,Robin Allen,Humid,Dusty,33595
470,2009,2009-05-09,3,5,16,3,Field,3,0,3,203,176,Sabrina Patterson,Michael Houston,Anthony Maldonado,Cloudy,Worn,19360
471,2022,2022-04-09,1,5,17,5,Field,1,0,0,190,190,Warren Jones,Erik Morgan,Jennifer Day,Rainy,Fresh,20144
472,2008,2008-05-27,10,3,1,3,Field,10,0,0,148,148,Henry Barron,Anthony Anderson,Sarah Ferguson,Clear,Fresh,22377
473,2012,2012-05-19,9,10,15,9,Bat,10,0,0,192,192,Katrina Lee,Marco Scott,Dawn Cole,Cloudy,Dusty,12964
474,2012,2012-04-25,3,9,6,3,Field,9,0,0,191,191,Kimberly Smith,John Gonzalez,Brandon Fitzpatrick,Cloudy,Fresh,31920
475,2017,2017-04-23,6,5,4,6,Field,6,0,2,226,214,Deanna Hill,James Potts,Rachel Boyd,Cloudy,Fresh,62298
476,2016,2016-04-03,3,8,2,3,Bat,8,0,0,214,214,Rachel Shepherd,Johnny Berg,Hannah Ball MD,Humid,Fresh,37132
477,2019,2019-05-21,10,2,18,10,Bat,2,0,0,154,154,Katherine Chapman,Dorothy Payne,Travis Stark,Clear,Worn,23977
478,2019,2019-04-10,4,9,13,9,Field,4,0,0,138,138,Kimberly Morris,Denise Reid,Brian David,Cloudy,Worn,71837
479,2010,2010-04-06,1,5,5,5,Field,1,0,0,186,186,Judy Carroll,Jessica Wilson,Shannon Rodgers,Humid,Fresh,17802
480,2014,2014-05-02,4,7,4,4,Field,4,0,4,188,164,Emily Bell,Raymond Solomon,Marissa Hamilton,Cloudy,Used,38086
481,2008,2008-04-22,6,5,16,5,Field,5,0,8,273,185,Michael Grant,Austin Lowe,Rhonda Brown,Humid,Fresh,29311
482,2023,2023-05-17,3,1,3,1,Field,3,0,0,132,132,Amber Foster,Jason Young,Michael Hansen,Rainy,Fresh,19151
483,2013,2013-04-25,4,10,19,4,Bat,4,39,0,149,110,Laura Bentley,Rachel Moreno,Karina Mason,Clear,Fresh,18711
484,2018,2018-04-23,9,7,10,7,Bat,7,81,0,215,134,Joshua Kelly,Maria Vasquez,Christina Travis,Humid,Fresh,29415
485,2023,2023-04-18,3,1,8,3,Bat,1,0,0,133,133,Stephen Wilson,Dr. Jessica Brown,Allison Fernandez,Cloudy,Used,39149
486,2014,2014-05-25,10,4,10,10,Field,10,0,8,257,161,Brandi Hayes,Mr. Isaiah Baker,Lisa Foster,Rainy,Fresh,59569
487,2012,2012-05-19,5,3,15,5,Bat,3,0,0,151,151,Ryan Sullivan,Dawn Murray,Brittany Johnson,Cloudy,Dusty,26358
488,2022,2022-04-19,4,9,20,4,Field,4,0,1,172,163,Robert Case,William Johnson,Kelli Martin,Cloudy,Dusty,20471
489,2016,2016-05-17,8,2,9,8,Bat,8,70,0,133,63,Kimberly Jennings,David Evans,David Martinez,Rainy,Worn,12771
490,2013,2013-04-24,7,6,12,7,Bat,6,0,0,186,186,Morgan Thomas,Tiffany Williams,Johnathan Yang,Clear,Used,12086
491,2012,2012-05-23,9,5,3,5,Bat,5,86,0,130,44,Michael James,Anthony Shaw,Gregory Torres,Humid,Worn,27872
492,2019,2019-05-21,8,6,8,6,Bat,6,23,0,123,100,Thomas Rollins,Michael Daniel,Whitney Beltran,Clear,Fresh,52950
493,2011,2011-04-28,9,4,11,9,Bat,9,27,0,176,149,Lisa Campbell,Lauren Johnson,Amy Moore,Clear,Fresh,34045
494,2023,2023-04-15,2,5,16,5,Field,2,0,0,193,193,Thomas Estrada,Kevin Bennett,Travis Holder,Cloudy,Used,21980
495,2016,2016-05-08,9,1,6,1,Bat,9,0,0,204,204,Lindsey Klein,Ruben Collins,Evan Flores,Clear,Dusty,59907
496,2023,2023-05-24,10,7,10,7,Field,10,0,0,139,139,Tracy Ramos,Elizabeth Ingram,Nathan Andrade,Rainy,Dusty,73794
497,2020,2020-04-28,1,2,12,1,Field,1,0,4,220,176,Steven Walsh,Megan Moon,Samantha Gonzalez,Cloudy,Worn,11883
498,2017,2017-05-28,1,6,13,6,Field,6,0,5,182,147,Amanda Casey,Eric Vega,Dalton Williams,Rainy,Dusty,14187
499,2011,2011-05-19,3,4,10,3,Field,4,0,0,182,182,Renee Sanchez,Karina Dixon,Douglas Day,Humid,Fresh,45182
500,2010,2010-05-04,5,7,15,5,Bat,7,0,0,201,201,Lori Cameron,James Davis,Ashley Smith,Rainy,Fresh,16412
501,2018,2018-05-02,5,4,4,4,Field,5,0,0,140,140,Kenneth Lopez,Jonathan George,Luis Garrison,Clear,Worn,63524
502,2010,2010-05-15,5,10,13,10,Bat,5,0,0,159,159,Daniel Mcconnell,Carolyn Davis MD,Terry Holmes,Humid,Worn,23930
503,2020,2020-04-06,3,2,4,2,Bat,2,42,0,184,142,Michael White,Jonathan Hernandez,William Guerrero,Cloudy,Worn,40265
504,2020,2020-04-12,9,1,11,1,Bat,9,0,0,128,128,Clinton Davis,Sarah Mendoza,Misty Yates,Rainy,Used,43317
505,2016,2016-05-07,8,5,1,8,Field,8,0,7,182,126,Dennis Hanson,Chelsea Moore,Pamela Hall,Rainy,Fresh,40648
506,2019,2019-04-05,5,1,20,1,Field,1,0,3,166,136,Guy Herring,Marilyn Olson,Michael White,Rainy,Dusty,27258
507,2014,2014-04-01,2,8,5,8,Bat,8,36,0,188,152,Leah Berry,Deborah Yu,Julie Kerr,Rainy,Dusty,14690
508,2009,2009-05-11,6,4,2,6,Field,4,0,0,165,165,Samuel Johnson,Angela Johnson,Alyssa Howard,Cloudy,Used,36625
509,2023,2023-05-22,1,10,11,1,Bat,10,0,0,145,145,Jose Freeman,Stephanie Clark,Curtis Hatfield,Clear,Fresh,47585
510,2012,2012-04-07,3,10,11,10,Bat,3,0,0,151,151,Kelsey Taylor,Rachel Richard,Robert Morgan,Cloudy,Dusty,36907
511,2022,2022-04-24,7,2,20,2,Bat,7,0,0,126,126,Alan Morgan,Susan Cunningham,Jacqueline Rangel,Clear,Dusty,23887
512,2019,2019-05-09,7,5,13,7,Bat,7,85,0,215,130,Lisa Johnson,Frances Hogan,Eric Cross,Clear,Used,66278
513,2021,2021-05-11,5,3,12,5,Field,5,0,7,221,158,Larry Anderson,Kathryn Davis,Matthew Tran,Cloudy,Worn,13511
514,2017,2017-05-02,1,5,19,5,Bat,5,81,0,200,119,Robert Watson,Rodney Olson,Tracy Griffin,Cloudy,Dusty,10952
515,2020,2020-05-11,8,10,15,10,Field,10,0,4,178,154,Michelle Burns,James Norton,Jenna Adams,Clear,Worn,11480
516,2019,2019-04-21,7,9,16,9,Bat,7,0,0,144,144,Denise Griffith,Katrina Jacobs,Kimberly Wilson,Humid,Fresh,24116
517,2014,2014-05-21,7,1,3,7,Bat,7,27,0,195,168,Jon Garcia,Dr. Vincent Hicks Jr.,John Griffin,Clear,Used,24027
518,2014,2014-04-04,7,9,14,9,Bat,7,0,0,139,139,John Barker,Isabella Page,Timothy Kane,Rainy,Dusty,26801
519,2014,2014-05-14,9,3,4,3,Field,3,0,2,159,143,Brian Davis,Deborah Hudson,Eric Gutierrez,Clear,Used,36592
520,2010,2010-05-21,3,7,5,7,Field,7,0,6,204,138,Kayla Murphy,Michael Mcgee,Veronica Phillips,Humid,Worn,23236
521,2011,2011-05-05,1,6,4,6,Field,6,0,5,272,217,Kelly Davis,Tammy Hernandez,Sarah Lewis,Rainy,Used,12396
522,2009,2009-05-26,4,8,18,4,Bat,4,26,0,151,125,Aimee Patel,Tammy Lopez,Dawn Graves,Clear,Dusty,13402
523,2008,2008-04-07,3,10,2,3,Bat,10,0,0,165,165,Nicholas Torres,George Murphy,Barbara Mathis,Rainy,Used,43597
524,2014,2014-05-20,9,10,19,10,Field,9,0,0,172,172,Holly Morgan,Gloria Thomas,Linda Jackson,Humid,Fresh,15705
525,2018,2018-05-14,1,7,9,7,Bat,1,0,0,151,151,Omar Cox,Victoria Taylor,Jennifer Waters,Humid,Dusty,26813
526,2018,2018-04-04,8,10,1,8,Field,10,0,0,197,197,Craig Walker,Caroline Strickland,Scott Gould,Humid,Used,16905
527,2017,2017-04-13,1,5,3,1,Bat,1,54,0,207,153,Christopher Ramos,Eric Griffin,Steve Newman,Rainy,Fresh,28398
528,2008,2008-05-27,3,2,9,3,Bat,3,50,0,132,82,Amber Brown,Veronica Ryan,Jessica Roth,Cloudy,Fresh,14249
529,2022,2022-04-14,4,3,3,3,Bat,4,0,0,160,160,Mrs. Judith Fields MD,Karen Wilkinson,Luis Davis,Cloudy,Worn,25242
530,2021,2021-04-03,10,1,3,1,Field,1,0,4,230,194,Angela Nguyen,Amber Diaz,Joshua Merritt,Humid,Used,31498
531,2010,2010-04-09,5,6,10,6,Bat,5,0,0,153,153,Nicholas Chang,Cynthia Jones,Michael Williamson,Clear,Used,58958
532,2021,2021-04-21,1,9,13,9,Field,1,0,0,124,124,Julie Allen,Andrew Hale,Rebekah Avery,Humid,Worn,46373
533,2012,2012-04-24,5,4,6,4,Bat,4,49,0,190,141,Jay Clark,Linda Lynch,William Wilson,Cloudy,Worn,62925
534,2009,2009-05-11,7,3,18,7,Bat,7,81,0,197,116,Janet Howard,Katrina Mendez,Lisa Kramer,Clear,Dusty,23775
535,2013,2013-04-15,6,7,18,6,Field,6,0,9,265,166,Elizabeth Anderson,Danielle Anderson,Samuel Farrell,Humid,Dusty,21736
536,2013,2013-04-23,1,5,5,5,Field,5,0,6,172,136,Kimberly Brown,Robyn Anderson,Matthew Armstrong,Cloudy,Fresh,25594
537,2012,2012-04-26,10,1,17,10,Bat,1,0,0,138,138,Nathan Elliott,Alex Washington,Victoria Riley,Cloudy,Fresh,53067
538,2008,2008-04-26,8,10,12,8,Bat,8,40,0,185,145,Jillian Dunlap,Ashley Knight,Wendy Gallagher,Cloudy,Worn,27663
539,2015,2015-04-30,4,2,7,4,Bat,2,0,0,166,166,Melissa Anderson,Joel Boyd,Raymond Paul,Rainy,Worn,13071
540,2014,2014-04-24,2,5,3,5,Bat,2,0,0,193,193,Beth Fuller,Barbara Brown,William Campbell,Clear,Fresh,36142
541,2022,2022-04-18,2,7,5,7,Field,7,0,7,204,127,Matthew Romero,Jeffrey Brown,Monica Lee,Clear,Dusty,14980
542,2017,2017-05-06,10,5,19,5,Bat,5,10,0,210,200,Lawrence Flores,Julie Fernandez,Justin Walker,Rainy,Fresh,13745
543,2015,2015-05-22,3,5,18,3,Field,3,0,5,189,144,Samantha Thomas,Carlos Collins,Deanna Robbins,Humid,Used,23487
544,2019,2019-04-15,3,8,18,8,Bat,8,91,0,183,92,Sonya Rodriguez,Mr. James Nash,Kendra Morgan,Clear,Used,20487
545,2022,2022-05-12,8,7,18,8,Field,7,0,0,209,209,Gabriella Alvarado,Gerald Powers,Heather Bailey,Humid,Dusty,10448
546,2019,2019-05-11,1,5,17,1,Bat,1,87,0,190,103,Tony Collier,David Harris,Joseph Reed,Humid,Used,57710
547,2016,2016-05-26,10,2,11,10,Field,2,0,0,187,187,Larry Braun,Beth Gomez,Sonya Goodwin,Clear,Worn,15752
548,2012,2012-04-12,8,6,15,6,Field,8,0,0,145,145,Beverly Watts,Colton Hernandez,Brent Davis,Rainy,Worn,15672
549,2023,2023-05-02,6,9,20,6,Field,9,0,0,200,200,Tracy Hampton,Alicia Moore,Patricia Mathis,Clear,Worn,22742
550,2022,2022-05-04,10,1,20,1,Bat,10,0,0,157,157,Michelle Snow,Rodney Roberts,Jennifer Holt,Cloudy,Used,28090
551,2010,2010-05-21,7,4,5,7,Bat,7,75,0,141,66,Kenneth Bowman,Margaret Marks,Melissa Brown,Cloudy,Used,16430
552,2008,2008-05-12,4,5,14,4,Field,4,0,9,263,200,Garrett Leonard,Shawna Gonzalez,Pamela Brown,Humid,Dusty,46582
553,2021,2021-04-27,7,9,8,7,Bat,9,0,0,204,204,Penny Thomas,Darren Reeves,James Spencer,Humid,Worn,75029
554,2008,2008-04-04,6,7,8,7,Bat,6,0,0,183,183,Joshua Jones,David Delgado Jr.,Courtney Watson,Cloudy,Dusty,65464
555,2013,2013-05-06,5,2,1,2,Field,2,0,1,142,131,David Greer,Rachel Martinez,Heather Molina,Clear,Dusty,45493
556,2012,2012-04-08,3,4,5,4,Bat,4,62,0,123,61,Mrs. Anna Nichols MD,Christopher Sanchez,Brendan Morales,Clear,Worn,18173
557,2009,2009-04-22,1,10,6,1,Field,1,0,4,182,134,Ryan Gill,Jeffrey Kennedy,Jennifer Armstrong,Clear,Worn,18829
558,2023,2023-05-01,5,4,13,4,Bat,5,0,0,157,157,Anthony Morris,Mary Wise,Nicholas Palmer,Rainy,Fresh,19981
559,2013,2013-04-08,8,10,5,10,Bat,10,77,0,127,50,Christy Castillo,Rachael Cross,Jack Watts,Cloudy,Dusty,19212
560,2022,2022-05-10,9,5,1,5,Bat,5,97,0,151,54,Robert Hall,Jennifer Carroll,Paige Jackson,Humid,Worn,28979
561,2012,2012-04-06,8,4,16,8,Bat,8,17,0,162,145,Katherine Parks,Kim Davis,Cynthia Gallagher,Rainy,Dusty,29920
562,2008,2008-04-13,10,5,1,10,Field,10,0,8,226,138,Debra Sullivan,Amy Austin,Ashley Parks,Cloudy,Worn,19637
563,2018,2018-04-14,1,8,8,8,Bat,1,0,0,120,120,Jessica Hamilton,Christine Carter,Kimberly Ball,Rainy,Used,50740
564,2011,2011-04-09,6,7,5,6,Bat,7,0,0,148,148,Daniel Hill,Anthony Chandler,Robert Becker,Clear,Used,28018
565,2010,2010-04-14,1,3,12,1,Field,3,0,0,180,180,Pamela Taylor,Kyle Hernandez,James King,Clear,Fresh,18848
566,2022,2022-05-22,1,9,12,9,Field,9,0,2,146,126,Sandy Green,Felicia Prince,Frank Lin,Humid,Used,25703
567,2019,2019-04-09,7,1,12,7,Bat,7,43,0,195,152,Nicole Morrow,Kelly Black,Lindsey Rodriguez,Cloudy,Fresh,19067
568,2021,2021-04-19,3,9,11,3,Field,3,0,6,181,133,Robert White,Sarah King,Kristopher Wright,Humid,Dusty,22680
569,2017,2017-05-05,10,2,18,10,Field,10,0,8,220,164,Nicholas Perez,Jessica Lin,Adam Ingram,Cloudy,Used,19592
570,2021,2021-05-11,6,3,12,6,Field,3,0,0,142,142,Brandon Hancock,Kyle Davis MD,Brandon Schwartz,Humid,Worn,16832
571,2012,2012-04-17,8,10,4,8,Field,8,0,5,194,139,Hayley Nguyen,Allison Miranda,Reginald Chang,Rainy,Dusty,61109
572,2008,2008-04-21,1,5,17,1,Bat,5,0,0,208,208,Wendy Lee,Donald Craig,Tracy Turner,Humid,Used,28407
573,2017,2017-04-18,5,8,13,5,Bat,5,75,0,155,80,Pamela Hahn,Betty Stevenson,Edward Willis,Clear,Fresh,24890
574,2011,2011-04-06,2,9,15,2,Bat,2,10,0,157,147,Jeremy Johnson,Hunter Charles,Corey Kent,Rainy,Worn,34538
575,2012,2012-05-11,2,6,12,2,Field,2,0,3,243,213,Danielle Lawrence,Deborah Summers,Margaret Smith,Humid,Worn,34351
576,2016,2016-04-20,1,2,14,2,Field,2,0,7,248,213,Jeffrey Delacruz,Sonya Myers,Dawn Hughes,Cloudy,Dusty,18331
577,2022,2022-05-10,7,3,8,7,Bat,7,3,0,163,160,Elizabeth Cole,Barbara Davies,Jessica Martinez,Humid,Fresh,41610
578,2014,2014-05-14,3,9,12,9,Field,3,0,0,144,144,Lee Mccarthy,Danielle Collins,Kathleen Jones,Humid,Fresh,18081
579,2018,2018-05-05,5,3,20,3,Bat,3,39,0,164,125,David Fields,Brittany Robinson,Patty Wright,Clear,Dusty,20136
580,2023,2023-05-01,2,1,20,1,Bat,2,0,0,150,150,Sandra Gibbs,Nathan Lee,John White,Rainy,Fresh,12492
581,2019,2019-04-27,8,3,6,8,Field,8,0,3,250,214,Andrew Wong,Matthew Cox,George Gonzalez,Humid,Worn,68363
582,2022,2022-04-28,7,9,16,9,Bat,7,0,0,165,165,Jennifer Cook,Zachary Wilson,Monica Patrick,Humid,Used,26889
583,2018,2018-04-29,8,3,7,8,Field,3,0,0,188,188,Jorge Gomez,Cindy Ortiz,Amber Ortiz,Clear,Fresh,20063
584,2016,2016-05-21,3,4,20,3,Field,4,0,0,133,133,Zachary Garcia,Nathan Adams,Alicia Potts,Rainy,Fresh,22166
585,2016,2016-04-05,7,8,3,8,Field,8,0,7,208,166,Matthew Moreno,Chad Mayo,Heather Jackson,Humid,Worn,22645
586,2014,2014-04-01,10,4,11,10,Field,10,0,6,227,191,Ryan Stone,Joseph Smith,John Myers,Humid,Used,30991
587,2015,2015-04-03,4,7,1,4,Field,4,0,6,224,188,Charles Martinez,Whitney Bowman,Amanda Campbell,Cloudy,Used,34698
588,2012,2012-05-14,8,7,13,7,Field,7,0,1,215,207,Mrs. Christine Watts,Katelyn Guerrero,Karen Hansen,Clear,Worn,54525
589,2016,2016-05-29,8,10,8,10,Bat,8,0,0,176,176,Matthew Johnston,Kimberly Martinez,Wanda Murphy,Humid,Fresh,44793
590,2023,2023-05-08,6,9,15,9,Field,9,0,3,190,172,Kenneth Graves,Kristin Phillips,Jessica Reyes,Humid,Worn,11684
591,2017,2017-05-11,9,1,18,9,Bat,1,0,0,190,190,Joshua Boone,Christina Mcgee,Andrew Tyler,Cloudy,Dusty,12736
592,2011,2011-05-31,6,9,3,6,Bat,6,63,0,198,135,Katherine Walker,Jeffrey Wood,Angela Key,Rainy,Used,20944
593,2011,2011-05-11,3,6,15,3,Field,6,0,0,219,219,John Mcclure,Robert Chang MD,Dennis Page,Humid,Dusty,27169
594,2012,2012-04-29,6,3,20,6,Field,6,0,5,200,140,Seth Rodriguez,Ryan Goodwin,Alyssa Galloway,Humid,Fresh,16467
595,2010,2010-05-05,10,2,20,2,Bat,10,0,0,163,163,Brian Salinas,Victor Sullivan,Gloria Thompson,Cloudy,Fresh,10066
596,2020,2020-04-29,7,2,3,2,Field,7,0,0,166,166,Stephanie Brown,Michael Morgan,Samantha Woods,Clear,Used,13912
597,2017,2017-04-11,8,5,1,5,Bat,8,0,0,151,151,Tracy Thompson,Judith Armstrong,Erin Smith,Rainy,Dusty,38569
598,2011,2011-04-09,10,2,17,10,Field,2,0,0,158,158,David Carr,Yvonne Gonzalez,Stephanie Brooks,Cloudy,Used,37171
599,2008,2008-05-20,5,6,8,5,Bat,6,0,0,149,149,Melissa Sullivan,Rebecca Hancock,Julie Lozano,Clear,Worn,38261
600,2017,2017-05-21,6,4,1,6,Field,4,0,0,129,129,Timothy Rogers,Kristin Wagner,Kathryn Williams,Rainy,Dusty,46493
601,2020,2020-05-28,9,8,10,8,Field,8,0,2,194,182,Casey Mitchell,Donna Ayala,Lauren Benson,Humid,Used,40843
602,2012,2012-05-11,8,10,18,10,Field,8,0,0,139,139,James Bennett,Michael Richardson,Daniel Thompson,Cloudy,Dusty,15687
603,2012,2012-04-09,1,6,18,6,Bat,6,84,0,141,57,Amy Cortez,Tina Barrett,Erin Benjamin,Humid,Used,17461
604,2021,2021-04-04,7,2,8,2,Field,7,0,0,179,179,Grace Werner,Michael Cooper,Nathan Kelly,Cloudy,Worn,54104
605,2010,2010-05-09,3,9,10,9,Bat,3,0,0,213,213,Eric Allen,Janice Owens,Mitchell Callahan,Clear,Fresh,31761
606,2017,2017-05-08,10,6,11,6,Bat,6,65,0,210,145,Randy Young,Dennis Stewart,Morgan Allen,Cloudy,Used,47533
607,2020,2020-04-15,6,10,5,6,Bat,10,0,0,174,174,Joe Ward,Jeffrey Werner,Christopher Donaldson,Clear,Worn,25193
608,2009,2009-05-08,8,3,4,8,Bat,8,73,0,121,48,Erik Lewis,Ryan Case,Gregory Martinez,Humid,Dusty,15378
609,2013,2013-05-03,2,4,16,4,Bat,2,0,0,158,158,Edward Figueroa,Rachael Wilkerson,Patricia Miller MD,Rainy,Used,23711
610,2021,2021-05-23,6,4,8,6,Field,6,0,7,268,191,Sabrina Chan,Benjamin Hall,Omar Young,Humid,Dusty,10584
611,2021,2021-04-27,9,10,13,10,Field,10,0,7,197,127,Laurie Wang,Tanya Weaver,James Cross,Humid,Dusty,62008
612,2010,2010-04-13,1,6,9,6,Field,6,0,2,202,178,Sabrina Turner,Alexander Murillo,Tyler Adams,Cloudy,Fresh,35587
613,2010,2010-04-14,3,10,14,3,Field,10,0,0,189,189,Steven Jones,Robert Robles,Karen Moore,Humid,Dusty,18526
614,2021,2021-04-02,7,1,20,1,Field,7,0,0,141,141,John Morales,Gina Manning,Jennifer Burgess,Humid,Fresh,25683
615,2009,2009-05-04,1,2,4,2,Bat,2,33,0,171,138,Amy Williams,Barbara Gray,James Brown,Clear,Used,15571
616,2014,2014-05-07,1,7,15,1,Field,1,0,8,189,149,Kristen Crosby,Taylor Kerr,Nancy Pearson,Clear,Fresh,14332
617,2011,2011-05-23,5,1,16,1,Field,5,0,0,161,161,Sheila Williams,Paul Schmidt,Steven Lopez,Rainy,Worn,13244
618,2015,2015-05-04,1,7,8,7,Bat,7,83,0,123,40,Steven Hall,Veronica Dennis MD,Jeffrey Carter,Rainy,Worn,69935
619,2023,2023-05-31,2,5,17,5,Field,2,0,0,154,154,Mrs. Courtney Phillips,Amanda Adams,Pedro Lopez,Humid,Fresh,48752
620,2022,2022-05-06,2,5,15,2,Field,2,0,8,267,219,Joseph Liu,Janice Hardin,Renee Berry,Rainy,Worn,24568
621,2022,2022-04-13,10,7,14,10,Field,7,0,0,139,139,Donna Bush,Colleen Conway,Kimberly Clark,Clear,Dusty,47571
622,2022,2022-04-04,6,8,8,8,Field,8,0,9,239,185,Sabrina Wolfe,Mary Hammond,Charles Hess,Rainy,Used,39231
623,2018,2018-05-05,2,10,2,10,Field,10,0,7,207,158,Kim Martinez,Seth Mann,Lisa Gomez,Cloudy,Dusty,25608
624,2018,2018-04-24,1,9,15,1,Bat,9,0,0,205,205,Dean Holmes,William Lawrence,Joshua Barker,Clear,Worn,39980
625,2015,2015-05-21,10,7,12,10,Bat,7,0,0,147,147,Jason Scott,Rebecca Howard,Paul Golden,Humid,Used,12448
626,2016,2016-05-06,5,3,19,3,Bat,3,31,0,146,115,Matthew Oneal,Jose Ross,Joseph Gibson,Humid,Worn,11101
627,2020,2020-05-01,6,5,10,5,Bat,6,0,0,123,123,Allison Blanchard,Barbara Torres,Tiffany Figueroa,Humid,Used,74940
628,2010,2010-05-09,2,4,14,2,Field,4,0,0,159,159,Jessica Sheppard,Christopher Franklin,Jennifer Hoover,Rainy,Dusty,44215
629,2022,2022-04-24,2,6,20,2,Bat,2,71,0,192,121,Rebekah Brown,Cody Taylor,Crystal Butler,Clear,Dusty,17796
630,2019,2019-05-19,6,9,16,6,Field,6,0,4,254,214,Patrick Knox,Stephen Rhodes,Kenneth Rios,Cloudy,Used,11324
631,2020,2020-05-08,8,3,13,8,Bat,8,37,0,158,121,Eric Sullivan,Alexis Moses,Jill Roberts,Clear,Worn,50549
632,2011,2011-04-21,1,8,8,1,Field,8,0,0,172,172,Andrew Morgan,Tami Logan,Jessica Smith,Humid,Dusty,19035
633,2009,2009-05-15,3,7,19,3,Bat,3,7,0,168,161,Deborah Ward PhD,Ebony Miles,Todd Weber,Rainy,Dusty,16768
634,2014,2014-05-02,4,6,12,4,Bat,6,0,0,187,187,Jody Tate,Lauren Phillips,Pamela Martinez,Rainy,Dusty,29171
635,2019,2019-04-15,8,4,20,8,Field,8,0,4,181,133,Holly Keller,Alex Martinez,Corey Smith,Cloudy,Fresh,18934
636,2008,2008-05-07,4,2,9,2,Field,4,0,0,174,174,Victoria Smith,Mary Green,Zachary Thomas,Cloudy,Used,30557
637,2023,2023-05-10,1,6,8,6,Field,1,0,0,132,132,Michelle Arias,Lindsey Davis,Brian Robertson,Clear,Dusty,34304
638,2010,2010-05-12,4,1,20,4,Bat,4,13,0,156,143,Mr. Joel Larson MD,Thomas Middleton,Hannah Stone,Clear,Worn,20717
639,2017,2017-04-04,3,7,10,3,Bat,3,3,0,183,180,Adam Martin,Donald Bullock,David Alvarez,Clear,Used,36744
640,2013,2013-05-05,1,2,1,2,Field,2,0,6,215,173,Steven Solomon,Lori Davis,Joseph King,Clear,Worn,37303
641,2013,2013-04-20,2,8,7,2,Field,2,0,5,214,184,Christopher Rodgers,Brian Crawford,Emily Hayes,Cloudy,Dusty,13243
642,2022,2022-05-21,2,1,18,1,Field,1,0,5,227,167,William Garza,Sabrina Mathews,Jacqueline Fowler,Humid,Worn,11957
643,2013,2013-04-20,1,3,12,3,Field,3,0,5,173,128,George Bentley,Matthew Stout,Rhonda Meyer,Humid,Worn,38111
644,2021,2021-05-31,7,8,20,7,Bat,7,18,0,121,103,Lauren Warren,Miguel Cunningham,Michael Smith,Humid,Dusty,24756
645,2009,2009-05-05,4,7,19,4,Bat,4,26,0,200,174,Shannon Barrett,Teresa Johnson,Jay Butler,Humid,Dusty,12276
646,2010,2010-05-11,8,10,7,10,Bat,8,0,0,151,151,Timothy White,Patricia Acosta,Kelly Smith,Clear,Fresh,18562
647,2010,2010-04-01,1,6,14,6,Field,6,0,9,270,171,Jeremy Roberts,Cynthia Rios MD,Mallory Mccoy,Humid,Used,44455
648,2016,2016-05-30,3,7,5,7,Field,7,0,1,198,187,Louis Schmidt,Monique Jones,Michael Young,Clear,Used,17220
649,2013,2013-05-10,10,3,14,10,Bat,10,20,0,196,176,Mrs. Wendy Haynes,Dennis White,James Nguyen,Rainy,Worn,45144
650,2019,2019-04-21,1,3,3,1,Field,3,0,0,173,173,Anthony Bailey,Brandon Dennis,Jon Faulkner,Cloudy,Used,24173
651,2021,2021-05-07,4,10,19,10,Field,4,0,0,153,153,Jesus Hicks,Mr. Derek Bautista,Taylor Woods,Clear,Dusty,14109
652,2019,2019-04-22,2,4,2,4,Bat,2,0,0,169,169,James Romero,Paul Pacheco,George Burke,Cloudy,Used,20775
653,2023,2023-05-03,3,2,1,3,Bat,2,0,0,169,169,Margaret Curtis,Krystal Sexton,Ray Vang,Clear,Fresh,15594
654,2020,2020-05-21,7,8,11,7,Field,8,0,0,159,159,Tina Murray,Holly Phillips,Nathan Christensen,Humid,Worn,35099
655,2020,2020-04-30,6,5,3,6,Field,6,0,4,169,133,Michael Hill,Robert Price,Danny Dodson,Rainy,Worn,32357
656,2015,2015-04-07,5,10,10,5,Bat,5,12,0,187,175,Lauren Ramirez,Jennifer Andrews,Gail Nunez,Cloudy,Fresh,40174
657,2016,2016-04-30,4,8,11,8,Bat,8,35,0,207,172,Brandy Myers,Vincent Castro,Daniel Flores,Cloudy,Used,43210
658,2013,2013-04-20,4,3,20,3,Bat,3,15,0,176,161,Benjamin Warner,Lonnie Kelly,Gregory Murray,Humid,Worn,24461
659,2008,2008-04-19,3,4,20,4,Bat,3,0,0,180,180,Megan Weaver,Dennis Barber,Stuart Kennedy,Cloudy,Used,21930
660,2014,2014-05-25,6,8,3,6,Field,6,0,6,212,164,April Schneider,Mark Bush,Mary Williams,Cloudy,Dusty,16654
661,2018,2018-05-13,6,10,3,6,Field,10,0,0,126,126,Arthur Perkins,Devin Scott,Donna Hansen,Humid,Worn,13222
662,2023,2023-05-04,9,3,13,3,Bat,3,92,0,216,124,Ryan Howard,Brittney Vazquez,Susan Allen,Humid,Dusty,33058
663,2008,2008-05-25,10,1,1,10,Bat,10,62,0,193,131,Timothy Smith,Amanda Torres,Tammy Petersen,Clear,Worn,39208
664,2019,2019-04-29,3,4,12,3,Field,3,0,1,133,127,Tony Nelson,Renee Clark,Thomas Joseph,Humid,Dusty,15108
665,2016,2016-04-13,10,1,18,1,Bat,1,3,0,218,215,Justin Sutton,Christopher Smith,Tina Sanders,Clear,Dusty,16369
666,2008,2008-04-23,3,6,5,3,Bat,6,0,0,138,138,Angela Barnes,Tiffany Pham,Alyssa Wallace,Cloudy,Dusty,20018
667,2010,2010-04-08,2,5,8,2,Field,5,0,0,128,128,Tanya Smith,Linda Lee,Richard Hernandez,Clear,Used,27889
668,2012,2012-05-28,7,6,11,6,Field,6,0,2,229,211,Alejandra Martinez,Angela Kramer DDS,Jordan Bauer,Clear,Used,38144
669,2019,2019-04-28,5,4,19,4,Bat,4,43,0,128,85,Karen Ward,Lori Turner,Laura Holden,Clear,Dusty,21343
670,2012,2012-05-20,3,8,2,8,Field,8,0,4,158,130,Sara King,Megan Mclean,Shirley Cunningham,Humid,Dusty,19123
671,2015,2015-05-07,5,8,19,8,Field,8,0,5,233,188,Dana King,Michelle Smith,Charles Jones,Cloudy,Used,12951
672,2011,2011-05-12,8,4,1,4,Field,8,0,0,206,206,Sarah Smith,Sally Moreno,George Palmer,Rainy,Worn,44758
673,2019,2019-04-13,7,9,20,7,Field,9,0,0,138,138,Janice Smith,Stacey Buck,Chad Boyd,Cloudy,Worn,15491
674,2018,2018-05-22,10,1,3,10,Bat,10,30,0,206,176,Michael Doyle,Jamie Wagner,Jeffrey Thompson,Humid,Dusty,23237
675,2023,2023-04-21,3,1,11,1,Field,3,0,0,127,127,Brittany Lopez,Donald Mason,James Park,Humid,Worn,40264
676,2012,2012-04-27,10,1,6,1,Bat,10,0,0,120,120,Michael Kelly,Joseph Barber,Laura Lee,Clear,Fresh,33857
677,2011,2011-05-08,7,6,9,6,Field,7,0,0,179,179,David Peterson,Shawna Woods,Donna Perez,Clear,Dusty,36025
678,2023,2023-05-25,10,3,3,3,Bat,10,0,0,158,158,Thomas Holland,Lisa Rogers,Christopher Moody,Clear,Worn,16579
679,2015,2015-05-07,4,2,16,4,Bat,2,0,0,155,155,Crystal Berg,Martin Frederick,Thomas Hawkins,Rainy,Fresh,38066
680,2019,2019-05-13,1,9,11,9,Field,9,0,9,228,165,Caitlin Johnson,Janice Morris,Kevin Torres IV,Clear,Fresh,26605
681,2014,2014-04-04,2,1,17,1,Field,1,0,9,325,217,Michael Coleman,Maria Reyes,Brian Smith,Humid,Used,42091
682,2016,2016-05-08,2,7,3,7,Bat,7,83,0,144,61,Steven Mcguire,Justin Holt,Dawn Turner DVM,Cloudy,Fresh,12826
683,2019,2019-04-26,3,10,16,10,Field,3,0,0,192,192,Melissa Rivera,Scott Miller,Timothy Walters,Clear,Worn,38666
684,2020,2020-04-02,3,8,1,3,Field,3,0,7,231,147,Douglas Thomas,Jamie Romero,Lori Tucker,Humid,Used,37579
685,2023,2023-05-08,4,2,4,4,Bat,2,0,0,121,121,Diana Harris,Mrs. Megan Harrison,Ann Robinson,Clear,Dusty,15338
686,2018,2018-05-04,4,7,20,4,Bat,4,76,0,141,65,Timothy Decker,Crystal Bryant,Elizabeth Combs,Humid,Used,11195
687,2011,2011-04-03,4,7,20,4,Field,7,0,0,136,136,Sharon Heath,Christine Brown,Leah Abbott,Humid,Fresh,14433
688,2018,2018-05-08,10,1,12,10,Bat,10,59,0,172,113,Kevin Harvey,David Evans,Peter Barr,Cloudy,Used,34933
689,2022,2022-05-12,10,6,16,6,Bat,10,0,0,164,164,Jorge Hess,Sara Dillon,Paula Vargas,Cloudy,Fresh,11804
690,2021,2021-05-28,9,10,2,10,Bat,10,51,0,217,166,Tracy Martin,John Hernandez,Tammy Sullivan,Clear,Dusty,42668
691,2009,2009-04-19,2,4,7,2,Bat,4,0,0,145,145,Kara Andersen,Jennifer Guerrero,Daniel Williams,Humid,Dusty,12542
692,2016,2016-04-21,4,8,8,4,Bat,8,0,0,159,159,Donald Young,Jack Hunter,Tanya Sandoval,Cloudy,Worn,17083
693,2017,2017-04-07,10,5,17,5,Bat,5,54,0,123,69,Felicia Martinez,Kelly Vasquez,Antonio Hart,Humid,Fresh,29215
694,2018,2018-04-23,5,4,7,5,Field,4,0,0,162,162,David Edwards,John Clark,James Herrera,Cloudy,Worn,12038
695,2020,2020-04-08,7,5,19,7,Bat,7,94,0,204,110,Laura Hicks,Charles Cook,Jason Lee,Clear,Fresh,14668
696,2022,2022-05-23,7,3,1,7,Field,7,0,9,179,125,Samuel Little,John Bauer,Jordan Gonzalez,Rainy,Fresh,53048
697,2012,2012-05-12,4,3,7,3,Field,3,0,1,163,158,Anthony Colon,Audrey Logan,Terri Davis,Rainy,Worn,22642
698,2018,2018-04-26,1,4,1,4,Field,1,0,0,138,138,Mark Flores,Emily Douglas,Darrell Davis,Cloudy,Worn,44432
699,2012,2012-05-08,4,1,20,4,Bat,1,0,0,166,166,Joshua Daniels,Joseph Brooks,Eric Cook,Clear,Worn,27187
700,2011,2011-05-29,10,6,17,10,Bat,6,0,0,136,136,James Carter,Kenneth Williams,Sherry Roberson,Clear,Used,54762
701,2021,2021-05-05,5,4,3,4,Field,4,0,4,208,176,Gary Morse,Ashley Munoz,Michelle Pittman,Clear,Worn,36366
702,2012,2012-05-14,4,9,15,4,Bat,9,0,0,130,130,Eric Pope,Dawn Mason,Jill Burke,Rainy,Worn,11129
703,2023,2023-04-19,8,7,9,7,Field,7,0,8,179,123,Michael Garcia,Danny Williams,Brian Hernandez,Cloudy,Used,28223
704,2017,2017-05-16,10,3,11,10,Field,10,0,6,197,131,Joel Oliver,Melissa Garcia,Michael Lozano,Clear,Worn,14241
705,2021,2021-04-11,10,8,13,10,Bat,8,0,0,154,154,Russell Page,Elizabeth Carter,Michael Mills,Cloudy,Worn,56614
706,2008,2008-04-01,4,3,5,3,Field,4,0,0,174,174,Jennifer Golden,Eugene Wilson,Gabrielle Cooper,Rainy,Fresh,23501
707,2016,2016-04-13,2,7,16,2,Bat,7,0,0,129,129,Mary Lester,Randy Palmer,Shawn Gordon,Cloudy,Fresh,29447
708,2013,2013-04-30,8,3,9,3,Field,8,0,0,181,181,Chase Reed,Timothy Alvarez,George Stokes,Humid,Worn,32632
709,2012,2012-04-10,8,2,17,8,Bat,2,0,0,220,220,Chris Schneider,Patrick Roberts,Brandon Smith,Cloudy,Fresh,40353
710,2013,2013-04-27,3,1,10,1,Bat,1,39,0,168,129,John Wiggins,Mark Mejia MD,Carmen Hatfield,Clear,Dusty,15813
711,2010,2010-05-02,3,6,6,6,Field,3,0,0,215,215,Olivia Davis,Amy Garcia,Jeremiah Gay,Clear,Worn,14341
712,2012,2012-04-19,8,7,14,7,Field,7,0,4,183,143,Sheryl Thomas,Peter Davis,Leslie Mccarthy,Humid,Fresh,24867
713,2020,2020-05-08,1,4,15,4,Field,4,0,2,201,179,Jasmine Ramirez,Todd Martin,Suzanne Anthony MD,Humid,Worn,15202
714,2022,2022-05-06,7,3,3,3,Field,3,0,5,240,180,Sonya Jenkins,John Green,Lisa Hahn,Humid,Fresh,17518
715,2017,2017-04-12,8,3,3,8,Bat,3,0,0,160,160,Michele Collier,Tammy Mitchell,Cassandra Allen,Clear,Worn,22131
716,2022,2022-05-14,2,8,2,8,Field,8,0,9,283,184,Leah Mcfarland,David Kim,Timothy Richardson,Humid,Worn,41161
717,2020,2020-05-11,3,8,19,3,Field,8,0,0,185,185,Kathryn Kirk,Joseph Bates MD,John Sellers,Humid,Fresh,18740
718,2008,2008-04-06,1,2,11,1,Field,2,0,0,206,206,Dennis Li,Sarah Foster,Meghan Roberts,Rainy,Worn,10754
719,2017,2017-05-28,7,3,6,3,Field,7,0,0,157,157,Luis Bridges,Stephen Murphy,Lisa Johnson,Clear,Dusty,24639
720,2019,2019-05-25,4,10,4,10,Field,4,0,0,168,168,Cody Green,Michael Wallace,Alexis Stephens,Cloudy,Used,36791
721,2018,2018-05-25,6,9,5,9,Field,9,0,3,208,175,Morgan Johnson,Daniel Skinner,Megan Hanson,Rainy,Fresh,26493
722,2013,2013-05-19,10,4,18,10,Bat,10,87,0,131,44,Barry Martinez,Devin Mendoza,Emily Rios,Cloudy,Fresh,12912
723,2015,2015-04-12,5,10,18,10,Bat,10,4,0,178,174,Christopher Jones,Eddie Dillon,Dean Cook,Rainy,Used,20669
724,2020,2020-05-01,7,2,14,2,Field,2,0,3,145,124,Kevin Williams,Alexis Lee,Anthony Caldwell,Clear,Fresh,28350
725,2017,2017-05-15,9,6,10,9,Bat,6,0,0,167,167,Stacey Wilson,Rebecca Hoover,William Davis,Cloudy,Dusty,58357
726,2011,2011-04-22,1,6,17,1,Bat,6,0,0,174,174,Joshua Klein,Robert Martin,James Mayo MD,Cloudy,Fresh,14545
727,2021,2021-04-03,4,6,6,6,Bat,6,30,0,131,101,William Garcia,Michael Mckay,Darren Black,Clear,Used,33032
728,2008,2008-05-24,9,4,14,9,Field,4,0,0,169,169,Kimberly Mitchell,Jason Massey,Gabriel Murillo,Clear,Fresh,24779
729,2017,2017-04-25,9,8,1,9,Bat,9,62,0,218,156,Christine Hendrix,Sylvia Hudson,Francisco Bell,Humid,Worn,12945
730,2022,2022-05-26,4,10,1,10,Bat,4,0,0,142,142,Joel Baker,Mr. Richard Duffy DVM,Brandi Garrett,Clear,Used,18433
731,2011,2011-04-21,2,9,17,9,Bat,9,79,0,207,128,Michelle Novak,Christopher Spencer,David Howe,Clear,Dusty,28446
732,2020,2020-05-27,8,6,1,6,Field,6,0,1,205,194,Emily Mueller,Anthony Cook,Thomas Williams,Rainy,Fresh,14442
733,2014,2014-04-18,10,3,18,3,Bat,10,0,0,127,127,Tracy Garcia,Theresa Martinez,Jose Gonzalez,Rainy,Worn,14438
734,2013,2013-04-11,1,5,16,5,Bat,1,0,0,174,174,Maureen Griffin,Gregory Huff,Jared Leonard,Cloudy,Used,24361
735,2016,2016-04-04,4,7,18,4,Field,4,0,5,193,133,Jorge Benton,John Bishop,Amber Ho,Clear,Used,16367
736,2023,2023-04-26,8,4,13,4,Bat,8,0,0,125,125,Christopher Fleming,Jeremy King,Dominique Shah,Humid,Used,55481
737,2013,2013-05-23,5,10,19,5,Bat,10,0,0,148,148,Lisa Cook,Kathleen Dominguez,Keith Peck,Cloudy,Fresh,20447
738,2011,2011-04-27,10,2,11,2,Field,10,0,0,164,164,Peter Martin,Amber Morales DVM,Rickey Johnston DDS,Cloudy,Dusty,20078
739,2015,2015-05-30,9,3,15,9,Field,3,0,0,127,127,Gerald Walton,Kristine Bailey,Tina Fischer,Rainy,Worn,26978
740,2012,2012-05-01,1,6,11,1,Field,1,0,6,198,132,Hayden Nelson,Stephen James,Donald Sims,Rainy,Worn,32056
741,2023,2023-04-08,2,5,14,2,Field,2,0,1,178,170,Gary Perez,Michael Steele,Julie Baker,Clear,Fresh,44338
742,2018,2018-04-17,6,8,11,6,Bat,8,0,0,162,162,Michael Wright,Lori Hansen,Alicia Davis,Cloudy,Used,34081
743,2022,2022-05-12,3,1,12,1,Bat,3,0,0,166,166,Cynthia Brown,Paul Harmon,Molly Cook,Humid,Used,36199
744,2016,2016-05-27,3,2,12,3,Bat,3,34,0,158,124,Johnny Travis,David Dawson,Oscar Williams,Rainy,Worn,32076
745,2014,2014-05-22,1,5,2,1,Field,5,0,0,199,199,Donald Brown,Joshua Jones,Wendy Mccormick,Rainy,Worn,32530
746,2012,2012-04-08,1,4,16,4,Bat,4,82,0,133,51,Robert Bishop,Mariah Clark,Savannah Castillo,Rainy,Fresh,41037
747,2018,2018-04-28,5,2,1,2,Bat,2,22,0,149,127,Carlos Tapia,Timothy Davila,Aaron Rice,Clear,Worn,32148
748,2010,2010-05-25,7,6,20,6,Field,7,0,0,183,183,Fernando Hunt,Olivia Sanders,Jared Chavez,Clear,Dusty,21024
749,2019,2019-04-22,6,4,12,4,Bat,6,0,0,191,191,Deanna Fields,Daniel Jones,Timothy Sloan,Humid,Worn,30346
750,2016,2016-04-11,10,3,7,3,Bat,3,15,0,194,179,Diana Wu,Leah Fields,Jordan Adams,Humid,Worn,20628
751,2016,2016-04-15,1,9,17,1,Bat,1,67,0,145,78,Ashley Rogers,Susan Pace,Lorraine Jones,Clear,Used,46194
752,2009,2009-05-13,7,9,5,7,Field,7,0,5,183,128,Ashley Benton,Kevin Harris,Jerry Garcia,Cloudy,Dusty,27411
753,2019,2019-05-26,9,3,4,3,Field,3,0,2,145,127,Mathew Jennings,Stephanie Wilson,Justin Newman,Cloudy,Used,48560
754,2009,2009-04-12,9,3,10,3,Bat,9,0,0,168,168,Christopher Blair,Nicole Brown,Dr. Bethany Shaffer,Humid,Dusty,20346
755,2023,2023-05-24,1,6,5,1,Field,6,0,0,177,177,Andrea Hutchinson,Joanna Johnson,Vincent Brown,Humid,Dusty,19077
756,2012,2012-04-18,4,1,13,1,Field,4,0,0,167,167,Dennis Rich,Travis Marsh,Valerie Nguyen,Rainy,Fresh,43303
757,2015,2015-05-22,4,8,20,4,Bat,8,0,0,217,217,Christopher Leon,Eric Walters,Daniel Contreras,Rainy,Worn,20277
758,2011,2011-05-18,2,6,20,6,Bat,2,0,0,152,152,Lynn Anderson,Daniel Clayton,Kimberly Goodwin,Humid,Used,25452
759,2012,2012-05-10,6,10,2,10,Bat,6,0,0,156,156,Rebecca Stewart DVM,Kimberly Castillo,Geoffrey Braun,Humid,Fresh,16720
760,2018,2018-04-02,1,9,10,9,Field,1,0,0,156,156,Randy Walker,Karen Peterson,Joshua Mcdaniel,Humid,Fresh,37218
761,2016,2016-04-08,7,9,1,7,Bat,9,0,0,164,164,Dorothy Smith,Megan Nelson,Kathy Davis,Cloudy,Dusty,43020
762,2016,2016-04-15,8,6,19,6,Field,6,0,1,180,173,Jessica Richardson,Michelle Mccall,Rebecca Ellis,Cloudy,Used,12573
763,2023,2023-04-16,7,5,12,7,Field,7,0,2,198,188,Bryan Cooper,David Ramirez,April Carter,Rainy,Dusty,41254
764,2022,2022-05-15,6,7,19,7,Bat,7,42,0,174,132,Sherry Galloway,Timothy Jones,Elizabeth Herman,Clear,Used,14346
765,2008,2008-04-12,7,2,13,7,Field,2,0,0,157,157,Joanne Washington,Ariel Garcia,Joseph Frost,Clear,Worn,49410
766,2019,2019-05-05,7,4,13,4,Bat,4,22,0,167,145,Brandi Lopez,Tony Mejia,Jenna Wilson,Clear,Fresh,63256
767,2015,2015-05-04,4,2,16,2,Field,2,0,7,242,165,Frank Gould,Fernando Williams,Tara Gomez,Cloudy,Dusty,36280
768,2012,2012-05-02,4,5,8,5,Field,4,0,0,150,150,Gary Sutton,Paige Garcia,Jeffrey Martin,Rainy,Worn,12110
769,2012,2012-05-08,4,5,20,5,Field,5,0,7,216,174,Jesse Smith,Nicole Crawford,Jacqueline Reid,Rainy,Fresh,20557
770,2008,2008-04-14,9,4,8,4,Bat,4,7,0,206,199,Stacy Juarez,Tracy Little,Nicholas Richardson,Rainy,Dusty,60461
771,2008,2008-05-26,5,6,10,6,Field,5,0,0,137,137,Emma Richards,Thomas Brown,Bradley Graham,Clear,Dusty,64245
772,2013,2013-04-29,5,2,1,5,Field,2,0,0,179,179,Mark Garcia,Benjamin Jones,Ashley Golden,Rainy,Worn,44673
773,2011,2011-04-04,5,3,5,3,Field,3,0,9,250,142,Jackie Thomas,Derek Hammond,Michael Smith,Cloudy,Worn,12715
774,2009,2009-04-05,4,8,10,8,Bat,8,31,0,218,187,Bobby Gaines,James Ferguson,Dr. Mark Hardin MD,Humid,Used,11700
775,2008,2008-05-10,4,1,7,1,Field,1,0,6,246,198,Brandon Hughes,Maria Hernandez,Blake Lawrence,Humid,Used,13057
776,2010,2010-05-29,5,7,8,5,Bat,7,0,0,220,220,Curtis Proctor,Elizabeth Edwards,Robert Love,Rainy,Worn,21056
777,2009,2009-04-29,10,3,1,10,Field,10,0,3,240,204,Thomas Morgan,Courtney Stevens,Brandon Mann,Cloudy,Used,51548
778,2010,2010-04-17,7,1,2,1,Bat,1,92,0,202,110,Lisa Watson,Steve Kennedy,Michael Bell,Cloudy,Fresh,41685
779,2017,2017-05-22,7,10,16,7,Bat,7,4,0,197,193,Jerry Schmitt,Chelsea Porter,Alexis Marsh,Cloudy,Worn,20389
780,2012,2012-04-18,7,1,10,1,Field,7,0,0,158,158,Wanda Mosley,Carol Maxwell,Lance Young,Humid,Fresh,56050
781,2009,2009-04-29,6,9,19,9,Bat,9,33,0,168,135,Timothy Morales,Stacey James,Mariah Horne,Rainy,Dusty,18747
782,2016,2016-05-18,7,10,11,10,Bat,7,0,0,142,142,Jacob Alexander,Stephanie Chavez,Justin Steele,Clear,Used,25933
783,2012,2012-04-20,5,7,4,7,Field,7,0,7,174,139,Shannon Downs,Jennifer Walker,Dr. Andrew Meyer,Rainy,Dusty,32270
784,2023,2023-04-28,5,3,6,3,Field,3,0,4,174,130,Michael Chung,Derek Mccormick,Ryan Pittman,Cloudy,Fresh,58845
785,2009,2009-04-14,1,4,18,1,Field,4,0,0,135,135,Sabrina Walter,Jason Pena,Dr. Jacqueline Smith DDS,Clear,Fresh,20273
786,2020,2020-04-13,8,10,13,8,Field,10,0,0,156,156,Joseph Chaney,Christine Stewart,Lisa Flores,Cloudy,Worn,59304
787,2014,2014-04-28,3,4,3,4,Field,4,0,8,247,159,Carlos Martinez,Christina Owens,Jon Mclaughlin,Cloudy,Dusty,31745
788,2015,2015-04-21,4,5,12,5,Field,4,0,0,126,126,Nathaniel Woods,Brittany Wright,Karen Duncan,Rainy,Worn,35276
789,2010,2010-05-28,6,9,17,6,Field,6,0,9,198,153,Anthony Ryan,Ashley Miller,Jenna Jordan,Cloudy,Fresh,55172
790,2013,2013-05-17,8,5,7,5,Bat,8,0,0,188,188,Jessica Mcguire,Daniel Crawford,Jessica Robinson,Humid,Dusty,22325
791,2018,2018-04-29,8,5,13,5,Bat,5,97,0,182,85,Karen Diaz,Tracy Patterson,Alexandra Griffin,Rainy,Dusty,48521
792,2021,2021-05-26,6,4,17,4,Bat,4,34,0,220,186,Emma Martinez,Tony Benson,Matthew Sanchez,Clear,Worn,45674
793,2015,2015-05-25,3,1,2,1,Bat,1,81,0,211,130,Mark Le,Michele Smith,Matthew Jenkins,Clear,Fresh,36679
794,2019,2019-05-27,7,6,8,7,Bat,6,0,0,181,181,Nicholas Allen,Lisa Hall,Martha Olson,Rainy,Fresh,28549
795,2012,2012-05-03,3,1,19,3,Field,1,0,0,141,141,Ashley Sims,Alicia Collins,Isabel Nash,Humid,Fresh,14294
796,2023,2023-04-30,2,9,15,9,Field,9,0,9,235,190,Jason May,Christina Newman,Ashley Riddle,Cloudy,Dusty,22332
797,2020,2020-04-08,3,6,7,6,Field,3,0,0,133,133,Elizabeth Webb,Stacie Green,John Ellis,Humid,Fresh,23862
798,2022,2022-05-05,5,10,1,5,Field,10,0,0,216,216,Ashley Graham,Tiffany Haynes,Christopher Jones,Humid,Worn,41277
799,2010,2010-04-02,9,10,5,9,Field,9,0,2,199,177,Roberto Wheeler,Dylan Ray,Thomas Jones,Rainy,Worn,10837
800,2009,2009-04-23,6,3,11,6,Field,6,0,8,199,135,Jessica Townsend,Frank Taylor,Judy Lawrence,Cloudy,Used,11690
1,2014,2014-04-21,2,6,4,2,Bat,2,42,0,162,120,Taylor Kennedy,Stacy Wells,Joshua Chavez,Cloudy,Worn,38511
2,2015,2015-04-21,4,6,17,4,Field,4,0,2,161,139,Ashley Chen,Paula Mendez,Matthew Davenport,Cloudy,Worn,22236
3,2010,2010-04-04,4,10,9,4,Field,10,0,0,208,208,Samuel Morris,Cindy Jenkins,Michael Grant,Cloudy,Fresh,22574
4,2009,2009-04-17,3,4,10,3,Bat,3,77,0,169,92,Douglas Jones II,Dr. Mark Robinson,Christopher Thompson,Rainy,Used,25192
5,2011,2011-04-15,10,6,11,6,Bat,10,0,0,140,140,Angela Taylor,Martin Haynes,Kathryn Wright,Rainy,Used,43721
6,2014,2014-04-25,7,10,4,7,Bat,7,33,0,163,130,Sarah Terry,Timothy Mitchell,Brian Vega,Cloudy,Fresh,11736
7,2009,2009-05-30,10,5,18,10,Bat,5,0,0,158,158,Marie Walters,Kimberly White,Deborah Long,Clear,Worn,20652
8,2013,2013-04-02,4,6,19,6,Bat,4,0,0,157,157,Kristopher Edwards,Timothy Rogers,Crystal Freeman,Rainy,Fresh,11446
9,2022,2022-04-25,5,3,18,3,Field,3,0,2,142,132,Kenneth Yang,Nicholas Hunter,Wayne Johnson,Rainy,Fresh,17776
10,2018,2018-04-24,8,6,4,6,Bat,8,0,0,135,135,Andrew Townsend,Karen Green,Jacob Mann,Cloudy,Dusty,51451
11,2012,2012-04-26,1,5,17,1,Bat,1,84,0,194,110,Steven Hernandez,Emily Wallace,Valerie Porter,Humid,Dusty,14024
12,2012,2012-04-28,1,2,17,1,Field,1,0,4,197,169,Heather Hayes,Joanna Smith,Jared Gibson,Clear,Dusty,14693
13,2011,2011-05-12,9,2,10,9,Bat,9,98,0,199,101,Stephanie Johnson,Kaitlin Leach,Kimberly Mills,Cloudy,Used,20832
14,2018,2018-05-20,1,6,2,1,Field,6,0,0,149,149,Cody Hoffman,Julia Williams,Colleen Sweeney,Clear,Used,41177
15,2016,2016-05-08,4,9,6,9,Bat,4,0,0,197,197,Elizabeth Zavala,Andrew Rodriguez,Nicholas Jordan,Cloudy,Worn,38802
16,2023,2023-05-26,1,8,14,8,Bat,8,63,0,144,81,Marcus Williams DVM,Shirley Mitchell,Heather Myers,Cloudy,Worn,33731
17,2015,2015-04-23,6,7,10,6,Field,6,0,1,194,188,Brenda Villegas,Tyler Webb,Lindsey Martinez,Clear,Used,20699
18,2021,2021-05-26,3,2,11,2,Bat,2,29,0,217,188,James Mann,Matthew Cunningham,Justin Wilcox,Clear,Dusty,16377
19,2008,2008-04-04,10,7,1,10,Bat,7,0,0,147,147,David Morris,Emily Anderson,Christina Waller,Clear,Used,12818
20,2021,2021-04-27,10,7,3,7,Bat,7,65,0,132,67,Shelly Franklin,Eric Navarro,Bryan Hammond,Rainy,Fresh,24872
21,2019,2019-04-11,4,2,18,2,Bat,4,0,0,170,170,Kimberly Anderson DVM,Valerie Dickerson,George Waters,Cloudy,Used,15821
22,2012,2012-05-24,8,5,3,8,Field,8,0,9,239,158,Mia Mann,Sherry Gardner,Melissa Jackson,Rainy,Dusty,16372
23,2022,2022-05-01,6,8,13,8,Field,6,0,0,124,124,Danny Woodward,Erica Lynch,Richard Bates,Clear,Fresh,66125
24,2018,2018-04-14,1,3,2,3,Field,3,0,2,173,161,Gary Stephens,Jesus Craig,Dr. Sean Brown DDS,Rainy,Fresh,24792
25,2013,2013-04-14,10,8,14,8,Field,8,0,3,159,129,Alan Payne,Brittany Terry,Shannon Mcconnell,Clear,Dusty,15884
26,2016,2016-04-20,6,4,5,4,Field,6,0,0,178,178,Peter Lam,Katie Boyd,Stuart Thompson,Cloudy,Worn,22333
27,2017,2017-04-21,2,6,7,2,Bat,2,11,0,193,182,Leslie Villanueva,Kevin Butler,Donald Benton,Clear,Dusty,10377
28,2021,2021-05-18,2,3,3,2,Bat,2,86,0,190,104,Christopher Donovan,Rachel Sanders,Lisa Molina,Clear,Fresh,21609
29,2021,2021-04-20,1,5,1,5,Field,5,0,9,189,135,Joseph Jenkins,Emily Brennan,Joshua Calderon,Cloudy,Worn,19435
30,2013,2013-05-17,3,2,12,2,Field,3,0,0,136,136,Angela Mcdaniel,Kevin Alexander,Melissa Smith,Humid,Dusty,26322
31,2011,2011-04-15,9,7,6,7,Field,7,0,4,159,127,Antonio Smith,Penny Paul,Tyler Taylor,Rainy,Used,18825
32,2012,2012-04-01,4,3,16,3,Bat,3,78,0,146,68,Mr. Mark Allen,Randy Schmidt,David Grant,Clear,Dusty,38673
33,2016,2016-04-06,3,9,2,3,Bat,3,8,0,199,191,Cynthia Callahan,David Stevens,Rachel Torres,Clear,Dusty,32025
34,2019,2019-04-04,10,8,16,8,Bat,8,28,0,146,118,Katie Patel,Craig Mcintyre,Christopher Reed,Rainy,Dusty,42567
35,2010,2010-05-07,4,1,18,4,Field,4,0,1,186,180,Adrienne Briggs,Julia Jordan,Haley Richardson,Rainy,Used,10677
36,2023,2023-05-13,1,5,6,5,Bat,1,0,0,182,182,Damon Moss,Bryan Barnes,Sara Pierce,Humid,Worn,19846
37,2012,2012-05-05,8,6,15,8,Field,6,0,0,190,190,Robert Johnson,Rachel Harris,Kenneth Allen,Rainy,Used,40043
38,2014,2014-05-26,6,3,10,3,Field,6,0,0,162,162,Pamela Nguyen,Erika Harrison,Ms. Linda Martin DVM,Rainy,Worn,53829
39,2008,2008-05-18,9,1,2,9,Bat,9,43,0,151,108,Miss Sarah Carson,Rebecca Hernandez,Lauren Reid,Cloudy,Fresh,17305
40,2009,2009-05-14,5,3,20,3,Field,5,0,0,120,120,Nancy Gonzalez,Jeremy Frank,Jennifer Hall,Cloudy,Dusty,19920
41,2014,2014-04-12,5,3,1,3,Field,3,0,7,192,122,Timothy Gilbert,Scott Hines,Nicholas Forbes,Rainy,Fresh,43781
42,2017,2017-04-14,1,10,3,10,Field,1,0,0,123,123,Chad Jensen,Evan Taylor,Jason Turner,Cloudy,Worn,21510
43,2014,2014-05-22,2,8,19,8,Bat,2,0,0,166,166,Brandon Willis,Michael Patterson,James Graves,Clear,Fresh,19182
44,2012,2012-04-04,8,9,19,8,Bat,8,5,0,191,186,Christine Gilbert,William Keller,Justin Patterson,Clear,Worn,11167
45,2020,2020-05-05,1,8,20,1,Field,8,0,0,174,174,Margaret Wright,Ronald Hunt,Kenneth Wood,Cloudy,Dusty,21108
46,2023,2023-05-23,6,2,2,6,Field,6,0,6,229,199,Dr. Blake Moreno,Alison Mclaughlin,Jorge Owen,Humid,Fresh,11168
47,2009,2009-05-22,4,9,12,9,Bat,9,24,0,177,153,Michelle Joseph,Mike Duncan,Catherine Bell,Cloudy,Used,36085
48,2015,2015-05-13,3,1,3,3,Field,1,0,0,208,208,Vicki Estrada,Tanya Day,Cynthia Norman,Cloudy,Used,27437
49,2015,2015-05-15,4,8,10,8,Field,8,0,8,220,156,Brandon Marshall,Earl Tran MD,Nicole Cox,Rainy,Dusty,39966
50,2009,2009-05-02,7,8,20,8,Field,7,0,0,205,205,Angela Jackson,Karen Clements,Tim Garcia,Humid,Used,17132
51,2013,2013-05-29,9,8,5,8,Bat,8,4,0,157,153,Tommy Henson,Melissa Stuart,Mary Lowery,Clear,Worn,15464
52,2008,2008-05-22,2,4,2,4,Field,2,0,0,187,187,Nicole Harper,Lisa Taylor,Karen Perez,Clear,Fresh,12302
53,2012,2012-05-29,9,3,1,3,Bat,3,69,0,166,97,Samantha Anderson,Keith Hendricks,Justin Arnold,Cloudy,Dusty,43531
54,2009,2009-05-03,8,4,9,4,Field,4,0,2,183,159,Patricia Castro,Kristina Woods,Sherry Miller,Rainy,Fresh,22864
55,2018,2018-04-17,6,4,1,4,Bat,6,0,0,146,146,Eric Castillo,Angela Cox,Kayla Edwards,Rainy,Worn,49845
56,2023,2023-04-02,9,6,5,6,Bat,9,0,0,155,155,Katherine Krause,Daniel Lee,Sarah Oliver,Humid,Worn,25613
57,2010,2010-04-25,5,6,4,6,Field,6,0,4,159,139,Casey Nelson,Nicole Henry,Derek Rosales,Rainy,Fresh,39790
58,2013,2013-05-23,6,2,15,2,Bat,2,74,0,191,117,Ricky Robertson,Jesus Bailey,Meredith Booth,Clear,Used,25754
59,2011,2011-04-29,8,9,17,8,Field,9,0,0,141,141,Daniel Smith,Kyle Walters,Corey Garrett,Rainy,Used,35357
60,2013,2013-05-05,7,4,20,7,Field,7,0,8,309,213,Mr. Robert Wilson,Daniel Larson,Melody Price,Cloudy,Dusty,18819
61,2011,2011-05-10,3,9,16,3,Field,3,0,1,138,130,Eric Williams,Alice Hunter,Thomas Hernandez,Rainy,Dusty,36031
62,2009,2009-05-09,5,6,14,6,Bat,6,37,0,168,131,Michael Mejia,Christopher Vasquez,Monica Quinn,Rainy,Worn,32409
63,2021,2021-05-03,4,9,14,4,Bat,9,0,0,145,145,John Grant,Nicole Brown,Joel Perez,Clear,Fresh,35153
64,2020,2020-04-20,7,8,4,8,Field,7,0,0,181,181,Stephanie Jackson,Rebecca Hart,Jason Scott,Humid,Fresh,46403
65,2016,2016-05-25,2,5,12,5,Bat,5,17,0,169,152,Michelle Contreras,Robert Smith,Karen Douglas,Humid,Used,21426
66,2023,2023-05-18,9,5,4,9,Field,5,0,0,143,143,Angela Colon,Shelly Doyle,Valerie Aguirre,Cloudy,Worn,43117
67,2020,2020-04-18,9,8,19,9,Bat,9,99,0,168,69,Joshua Martinez,Brian Huynh,William Jones,Humid,Worn,16676
68,2020,2020-05-17,6,2,17,2,Field,6,0,0,137,137,David Glover,Mitchell Carpenter Jr.,David Gibson,Humid,Fresh,58663
69,2022,2022-05-29,2,7,7,2,Field,7,0,0,129,129,Kenneth White,Michael Norton,Amanda Klein,Humid,Fresh,21880
70,2021,2021-05-03,3,2,10,2,Bat,2,21,0,214,193,Kathryn Sherman,Linda Dudley,Richard Cooper,Cloudy,Worn,62871
71,2017,2017-05-28,1,3,7,1,Bat,3,0,0,157,157,Jennifer Macias,Jonathan Mills,Laura Wallace,Rainy,Worn,23312
72,2020,2020-04-20,5,1,15,5,Field,1,0,0,124,124,Thomas Harris,Brenda Smith,Danielle Santos,Cloudy,Worn,23724
73,2014,2014-04-09,7,1,1,1,Field,1,0,2,191,169,Jennifer Dean,Carla Rogers,Amy Johnson,Clear,Worn,14445
74,2010,2010-04-30,2,1,2,1,Bat,2,0,0,120,120,Catherine Morgan,Robert Sellers,Heather Thomas,Humid,Dusty,42157
75,2014,2014-05-21,7,9,15,9,Bat,7,0,0,159,159,Brian Smith,Collin Kane,Robert Valdez,Clear,Dusty,12840
76,2018,2018-04-03,8,6,20,6,Field,8,0,0,201,201,Ms. Denise Finley,Gregory Cruz,Walter Clayton,Rainy,Used,21507
77,2012,2012-04-03,10,3,4,10,Bat,3,0,0,184,184,Ryan Guerra,April Conway,Victor Wilson,Humid,Used,51144
78,2019,2019-04-28,6,9,14,6,Field,9,0,0,147,147,John Ibarra,Katherine Cook,Hannah Daniels,Cloudy,Fresh,35262
79,2016,2016-05-26,8,6,14,8,Bat,6,0,0,142,142,Sean Dickerson,Cindy Charles,Robert Pierce,Humid,Worn,35447
80,2009,2009-05-29,7,9,20,7,Bat,7,23,0,135,112,Tracy Griffin,Ariel Allen,Amy Hobbs,Rainy,Used,23236
81,2008,2008-04-15,4,9,8,4,Field,9,0,0,218,218,Julian Black,Andrea Cordova,Rhonda Robertson,Humid,Fresh,43430
82,2020,2020-04-16,4,1,4,4,Field,4,0,9,237,165,Rachel Young,Robert Garrison,Tonya Holloway,Cloudy,Used,47481
83,2023,2023-05-31,10,9,13,9,Bat,9,57,0,169,112,Michael Henry,Kari Martin,Roberta Olson,Cloudy,Used,52767
84,2013,2013-05-02,5,1,19,1,Field,5,0,0,194,194,Derek Keith,Angelica Wood,David Lee,Rainy,Dusty,18921
85,2021,2021-05-27,9,7,11,7,Field,9,0,0,123,123,Joshua Cox,Stephanie Grant,Laura Miller,Clear,Worn,19680
86,2016,2016-05-04,1,2,15,2,Field,1,0,0,187,187,Jenny Solis,Miranda Logan,Dr. Sandra Fox,Humid,Used,14297
87,2017,2017-05-11,5,10,9,10,Field,10,0,8,252,172,Holly White,Jacob Ware,Alexandra Manning,Rainy,Worn,24887
88,2021,2021-05-20,3,5,8,3,Field,3,0,9,214,133,Geoffrey Murray,Crystal Christensen,Kelly Bradley,Humid,Dusty,12822
89,2011,2011-05-10,3,2,11,3,Bat,2,0,0,182,182,Theresa Jackson,Jessica Brown,Donna Williams,Rainy,Worn,10635
90,2012,2012-05-11,7,1,12,7,Bat,7,70,0,213,143,Tina Kim,Stephanie Gonzales,Grant Howell,Rainy,Fresh,10593
91,2011,2011-05-15,7,8,12,8,Field,7,0,0,186,186,Jacqueline Smith,Christopher Church,Derek Jensen,Rainy,Used,20381
92,2017,2017-04-06,10,6,19,6,Bat,6,78,0,158,80,Lori Moore,Elizabeth Powers,Hailey Smith,Clear,Fresh,17202
93,2012,2012-05-18,7,8,17,8,Field,7,0,0,213,213,Kristina Oliver,Fred Pierce,Rachel West,Cloudy,Used,42995
94,2013,2013-05-01,2,3,10,3,Bat,2,0,0,132,132,Vicki Grant,Tina Thompson,Miranda Bailey,Humid,Worn,75379
95,2018,2018-04-27,7,4,18,4,Field,4,0,8,207,159,Gregory Patterson,Barry Hayden,Richard Cooley,Clear,Used,12889
96,2016,2016-04-17,9,4,16,4,Field,4,0,3,204,189,Joseph Hardy,Allison Gordon,Savannah Prince,Humid,Worn,33140
97,2009,2009-04-13,10,1,13,1,Bat,10,0,0,136,136,Lori Espinoza,Brian Wiley,Anthony Meyer,Cloudy,Dusty,44664
98,2016,2016-05-24,5,7,12,7,Field,7,0,2,224,200,Raymond Gilbert,Leslie Daniel,Tiffany Johnson,Clear,Worn,33749
99,2009,2009-05-29,1,3,11,1,Bat,1,28,0,179,151,Jade Williams,Christopher Atkins MD,Rebecca James,Clear,Dusty,34023
100,2015,2015-04-06,2,1,9,2,Field,1,0,0,174,174,Laura Miller,Mary Clayton,David Hoffman,Humid,Used,31339
101,2015,2015-04-14,7,5,8,7,Field,5,0,0,156,156,Mr. Robert Williams MD,Linda Washington,Nathan Simmons,Cloudy,Worn,67951
102,2017,2017-05-26,7,10,12,10,Bat,10,59,0,181,122,Jason Hansen,Timothy Schultz,Nicole Gonzalez,Rainy,Dusty,11717
103,2012,2012-05-22,6,9,9,9,Field,6,0,0,164,164,Tammy Jones,Kristopher Thomas,Joseph Diaz,Humid,Dusty,14290
104,2013,2013-05-24,7,4,15,7,Field,7,0,6,183,129,James Leblanc,Mark Robertson,Patrick Edwards,Rainy,Used,32900
105,2014,2014-05-31,7,5,6,5,Bat,5,85,0,145,60,Linda Harris,Mariah Patterson,Rebecca Martinez,Humid,Used,64190
106,2020,2020-05-30,6,1,16,6,Field,6,0,1,143,137,Rachel Chavez,Dustin Garcia,Frederick Williams,Cloudy,Fresh,29233
107,2018,2018-05-22,10,1,4,10,Bat,10,19,0,142,123,Brittany Knox,Michael Thompson,Kara Montoya,Rainy,Fresh,26086
108,2019,2019-05-23,2,4,18,4,Bat,4,19,0,151,132,Jillian Castro,Ann Rich,Mariah Jones,Humid,Used,13631
109,2023,2023-05-27,4,8,19,4,Bat,8,0,0,192,192,Margaret Clarke,Angela Maddox,Brandy Murphy,Cloudy,Used,18589
110,2015,2015-04-25,3,5,6,3,Bat,5,0,0,162,162,Elizabeth Hunt,Vickie Brown,Vanessa Phillips,Clear,Dusty,41167
111,2015,2015-05-28,8,3,5,8,Field,3,0,0,176,176,Brett Swanson,Maria Vaughn,David Hobbs,Rainy,Worn,12835
112,2012,2012-04-22,8,5,3,8,Bat,5,0,0,128,128,Mr. Benjamin Maldonado MD,Kristen Stevenson,Timothy Miller,Humid,Fresh,33929
113,2009,2009-04-23,3,7,16,3,Bat,7,0,0,198,198,Kenneth Osborne,Michele Mooney,Tami Morrison,Cloudy,Used,35469
114,2018,2018-04-17,4,10,20,10,Field,4,0,0,129,129,Mr. Kevin Escobar MD,Christine Jackson,Sonya Collins,Rainy,Used,25713
115,2021,2021-05-27,9,10,4,10,Bat,10,40,0,150,110,Adam Campbell,Willie Vazquez,Denise Melendez,Cloudy,Worn,31393
116,2021,2021-05-22,6,1,10,1,Field,1,0,6,157,121,Gloria Brown,John Snyder,Andrea Mcneil,Clear,Worn,69071
117,2022,2022-04-13,2,6,9,6,Bat,6,29,0,186,157,Tyler Brown,Cameron Walker,Margaret Jefferson,Rainy,Used,18805
118,2023,2023-05-22,2,7,3,7,Bat,7,21,0,161,140,Marissa Sullivan,Kenneth Williams,Alejandro Burke,Cloudy,Fresh,20460
119,2008,2008-04-07,5,2,9,2,Bat,5,0,0,160,160,Warren Hayes,Jessica Allison,Michelle Williams,Clear,Fresh,13499
120,2018,2018-05-08,5,10,12,5,Field,10,0,0,134,134,David Bryant,Maria Kirk,James Richards,Humid,Worn,22076
121,2016,2016-05-30,3,10,15,3,Field,10,0,0,207,207,Charles Rodriguez,Anthony Shields,Austin Roberts,Cloudy,Dusty,36469
122,2009,2009-05-22,9,4,19,9,Field,4,0,0,215,215,Bryan Webb,Riley Delgado,Rachel Esparza,Rainy,Fresh,17608
123,2010,2010-04-03,2,8,2,2,Bat,8,0,0,135,135,Amber Dominguez,Michael Mata,James Scott,Cloudy,Used,13376
124,2023,2023-05-22,4,7,3,7,Bat,7,29,0,197,168,Karen Blair,Sonya Gibbs,Elizabeth Joseph,Rainy,Used,21374
125,2014,2014-05-11,7,4,11,4,Field,4,0,4,213,193,Margaret Oconnor,Jack Harrison,Elizabeth Campbell,Rainy,Dusty,40647
126,2021,2021-04-29,10,8,10,8,Bat,8,37,0,191,154,Susan Phillips,Mr. Charles Moore,Shelley Shea,Cloudy,Fresh,63407
127,2014,2014-04-17,1,2,3,2,Bat,1,0,0,127,127,Sandra Morris,Joel Morales,Anthony Jones,Clear,Used,23568
128,2019,2019-04-20,3,9,4,9,Field,9,0,9,237,156,Elizabeth Nichols,Melissa Little,Gregory Rush,Cloudy,Dusty,13094
129,2013,2013-04-09,5,8,16,5,Bat,8,0,0,152,152,John Davis,Carly Ward,Amanda Gomez,Cloudy,Worn,33137
130,2019,2019-04-28,10,6,14,10,Bat,10,71,0,181,110,Cheryl Mosley,Brandy Hernandez,Lindsey Manning,Clear,Dusty,47933
131,2017,2017-05-19,8,1,14,1,Field,8,0,0,140,140,Daniel Wang,Steven Bowen,Kevin Rios,Cloudy,Worn,47741
132,2012,2012-04-13,7,6,16,7,Bat,7,45,0,146,101,Jennifer Roach,Brandon Molina,Jennifer Sanchez,Clear,Used,23255
133,2018,2018-05-13,6,1,15,6,Field,1,0,0,141,141,Michelle Roberts,Nina Landry,Aaron Zavala,Rainy,Fresh,39534
134,2022,2022-05-31,6,7,5,6,Bat,6,87,0,211,124,Kimberly Fowler,Stacie Schmidt,Michael Carlson,Cloudy,Fresh,17888
135,2012,2012-05-05,5,8,3,8,Field,8,0,1,173,167,Holly Ferguson,Mark Williams,Janet Fitzpatrick,Humid,Used,16214
136,2010,2010-04-21,5,1,11,1,Bat,1,51,0,163,112,Jessica Scott,Angel Rodriguez,Justin Martin,Rainy,Worn,30651
137,2017,2017-05-28,8,3,9,3,Field,8,0,0,152,152,Kristina Gonzalez,Ryan Soto,Julie Henderson,Clear,Worn,10140
138,2008,2008-05-09,1,4,15,4,Bat,4,31,0,194,163,Jesus Ramos,Katie Brooks,Tammie Wright,Humid,Worn,36989
139,2010,2010-04-25,9,6,12,6,Field,9,0,0,155,155,Michael Stephens,Jack Johnson,Alyssa Santiago,Cloudy,Dusty,27288
140,2011,2011-05-20,7,5,7,5,Bat,7,0,0,141,141,Lauren Douglas,John Estrada,Justin Taylor,Humid,Used,17986
141,2017,2017-04-27,2,9,4,2,Field,2,0,4,179,159,Melinda Cruz,Michael Sanchez,John Harris,Rainy,Worn,21750
142,2016,2016-05-17,6,7,7,6,Field,6,0,6,217,145,Brittany Munoz,Jeffery Morgan,Timothy Pearson,Humid,Worn,13350
143,2014,2014-05-13,4,8,3,4,Field,8,0,0,152,152,Patrick Owens,Hannah Ross,Jacob Jensen,Clear,Worn,24881
144,2016,2016-05-05,6,3,11,6,Field,3,0,0,143,143,Misty Pratt,Sharon Hernandez,Lauren Anderson,Cloudy,Dusty,25122
145,2014,2014-04-16,6,10,12,6,Field,10,0,0,158,158,Nicole Delgado,Tina Perez,Sara Jones,Clear,Worn,24454
146,2016,2016-04-13,10,6,5,6,Bat,10,0,0,143,143,Randall Cantu,Tracy Hernandez,Tonya Martinez,Humid,Worn,25641
147,2017,2017-04-10,4,2,13,2,Field,4,0,0,133,133,Jennifer Dunn,Jennifer Lee DVM,Ernest Weiss,Clear,Worn,23048
148,2023,2023-05-18,4,3,19,3,Bat,4,0,0,150,150,David Fletcher,Jason Mann,Preston Mitchell,Humid,Fresh,19483
149,2017,2017-05-03,8,5,7,8,Bat,5,0,0,144,144,Kelsey Nguyen,Casey Anderson,Jeffrey Wall,Clear,Dusty,11343
150,2023,2023-04-17,8,6,4,8,Field,8,0,5,241,211,Dakota Arellano,Leonard Singleton,Kristen Taylor,Rainy,Fresh,12860
151,2016,2016-05-21,5,3,6,5,Field,5,0,4,167,127,Joshua Hardy,Karen Lucas,Julie Washington,Humid,Worn,47066
152,2023,2023-04-18,4,6,11,4,Field,4,0,8,226,154,Scott Estrada,Erin Foster DDS,Sarah Rodriguez,Humid,Fresh,41826
153,2013,2013-04-23,2,8,2,2,Bat,2,49,0,123,74,Wendy Rubio,Linda Gay MD,Christopher Fuentes,Cloudy,Dusty,45124
154,2016,2016-04-05,1,4,16,1,Bat,1,62,0,203,141,Olivia Guerra,Jonathan Smith,Madison Castillo,Humid,Fresh,36504
155,2019,2019-04-23,8,2,12,2,Bat,2,77,0,157,80,Matthew Zamora,Daniel Clayton,Tony Cook,Humid,Used,41684
156,2020,2020-05-05,7,2,5,7,Field,7,0,2,238,214,Jeff Davis,Christine Chavez,Robert Phillips,Humid,Fresh,16431
157,2008,2008-05-19,4,1,5,4,Field,4,0,9,265,202,Bill Martinez,Wayne Herman,Kristin Howard,Rainy,Fresh,12702
158,2009,2009-04-13,9,6,7,6,Field,9,0,0,146,146,Denise Giles,David Parks,Lisa Yoder,Clear,Used,14271
159,2020,2020-05-31,3,9,18,3,Field,9,0,0,172,172,Kristina Chavez,Sabrina Simon,Cassandra George,Clear,Dusty,19622
160,2008,2008-04-29,4,9,9,9,Bat,9,99,0,162,63,Jessica Morgan,Laura Davis,Jeffery Hansen DDS,Rainy,Fresh,27262
161,2015,2015-04-20,6,8,18,8,Field,6,0,0,215,215,Christopher Harding,Michael Rojas,Jason Reeves DDS,Rainy,Fresh,24323
162,2009,2009-04-17,3,4,2,4,Bat,4,82,0,201,119,Mrs. Amy Fleming,Richard Hart,Kim Green,Rainy,Worn,19013
163,2009,2009-04-04,10,9,18,9,Field,9,0,6,245,209,Diane Gilbert,Michael White,Mark Brooks,Rainy,Used,24147
164,2010,2010-04-23,3,8,14,3,Field,8,0,0,200,200,Jonathan Bates,Tiffany Kemp,Kayla Stafford,Clear,Used,40484
165,2018,2018-05-22,9,1,11,9,Field,1,0,0,161,161,Christine Barton,Nancy Orr,Bryan Ramsey,Clear,Fresh,28140
166,2011,2011-05-30,1,7,2,7,Field,1,0,0,132,132,Robert Davis,Benjamin Fox,John Hart,Cloudy,Fresh,40337
167,2021,2021-05-14,6,3,17,3,Field,3,0,3,229,199,John Alvarez,James Hall,Stephanie Page,Humid,Used,48286
168,2020,2020-05-16,3,4,4,3,Field,4,0,0,140,140,Rachel Watkins,Helen Thompson,Katrina Reynolds,Clear,Used,51479
169,2012,2012-05-23,8,3,8,3,Bat,3,33,0,121,88,William Hill,Christine Martin,Laurie Bell,Rainy,Fresh,42277
170,2011,2011-05-02,2,7,14,2,Bat,7,0,0,120,120,Samantha Vasquez,Nicholas Friedman,Dr. Jennifer Anderson,Rainy,Dusty,48052
171,2009,2009-04-25,8,10,1,8,Bat,10,0,0,144,144,Kimberly Richards,Angela Williams,Erin Acosta,Cloudy,Used,10960
172,2009,2009-05-23,2,9,8,2,Bat,9,0,0,151,151,Christopher Zhang,Justin Farrell,Mr. Michael Marsh,Rainy,Worn,30123
173,2016,2016-04-17,9,4,6,9,Bat,9,90,0,197,107,Michael Brewer,Angela Wolfe,Christopher Williams,Rainy,Used,34290
174,2017,2017-04-21,1,6,20,1,Field,6,0,0,147,147,Kelly Nelson,Paul Bryan,Danielle Watkins,Clear,Fresh,13946
175,2018,2018-04-23,8,10,8,10,Field,8,0,0,150,150,Bradley Gutierrez,Corey Taylor,Anthony Atkinson,Rainy,Fresh,28219
176,2013,2013-04-14,1,7,18,1,Field,1,0,9,261,162,Christine Hicks,Jennifer Hill,Stacey Webb,Cloudy,Worn,21725
177,2019,2019-04-20,4,5,7,4,Bat,5,0,0,206,206,Michael Nelson,Cesar Brown,Katrina Lucas,Clear,Fresh,17265
178,2020,2020-05-22,9,4,5,9,Bat,9,1,0,194,193,Austin Roberts,Rodney Wilkerson,Tiffany Ramirez,Clear,Fresh,13149
179,2016,2016-04-19,7,1,17,1,Bat,1,3,0,165,162,Jill Braun,Nathan Crane,Sarah Johnson,Rainy,Fresh,21292
180,2012,2012-05-29,9,5,3,5,Bat,9,0,0,200,200,Katherine Hamilton,Mr. Jeffrey Ruiz,Carly Smith,Humid,Used,16960
181,2018,2018-05-21,7,3,2,3,Bat,7,0,0,161,161,Bradley Adams,Larry Lee,Daniel Schmidt,Rainy,Used,40282
182,2016,2016-04-09,6,2,20,6,Bat,6,78,0,207,129,Chelsea Willis,Christopher Dunn,Travis Williamson,Rainy,Worn,24809
183,2016,2016-04-01,10,2,10,2,Field,10,0,0,210,210,Deborah Jackson,Jeremiah Brown,Timothy Hammond,Humid,Dusty,45952
184,2008,2008-04-16,7,1,16,7,Bat,7,37,0,120,83,Logan Marks,Ryan Fowler,Cristian Black,Rainy,Dusty,35760
185,2014,2014-05-10,8,3,9,3,Bat,3,67,0,158,91,Brittany Mitchell,Katherine Gutierrez,Jose Stone,Rainy,Used,27023
186,2014,2014-05-16,8,2,8,2,Field,8,0,0,194,194,Kelly Odonnell,Timothy Moore,Kimberly Morrow,Clear,Fresh,61111
187,2014,2014-04-27,2,9,17,9,Field,2,0,0,162,162,Joshua Johnson,Michael Jones,Kathryn Stewart,Humid,Dusty,32489
188,2019,2019-04-27,10,5,19,5,Field,5,0,8,219,171,Kevin Ramirez,Kevin White,Robert Crosby,Clear,Used,17819
189,2020,2020-05-11,6,9,2,9,Bat,6,0,0,205,205,Steven Cunningham,Nichole Brooks,Jennifer Murphy,Humid,Dusty,43005
190,2009,2009-04-09,8,2,3,2,Field,2,0,8,286,190,Mr. James Ramsey,Karla Hammond,Brett Johnson,Cloudy,Worn,30698
191,2023,2023-05-09,9,1,17,1,Bat,1,25,0,179,154,Wanda Thomas,Jeremy Young,Carrie Garza,Clear,Used,40508
192,2017,2017-04-20,7,2,15,2,Field,7,0,0,179,179,Juan Thompson,Catherine Alvarez,Jennifer Arnold,Cloudy,Used,35028
193,2021,2021-05-31,9,1,7,9,Bat,9,84,0,200,116,Corey Malone,Katherine Mcgee,Colton Montgomery,Clear,Worn,13023
194,2015,2015-05-26,4,7,6,7,Field,7,0,5,167,122,John Frazier MD,Steven Griffin,Frank Carter,Cloudy,Fresh,63822
195,2011,2011-04-19,5,6,7,6,Bat,6,45,0,149,104,Michael Jackson,Marie Payne,Lisa Hanson,Cloudy,Worn,14097
196,2014,2014-05-20,2,10,11,10,Field,10,0,1,173,165,Rachael Howard,Taylor Bush,Amber Collins,Cloudy,Dusty,42855
197,2021,2021-05-08,9,3,13,3,Field,9,0,0,126,126,Todd Curry,Jordan Griffith,Nicholas Potts,Cloudy,Worn,17181
198,2016,2016-04-12,3,8,9,3,Field,3,0,7,247,170,Ryan Allen,Mrs. Angela Espinoza,Alicia Rivera,Rainy,Used,23387
199,2023,2023-04-03,5,7,19,7,Bat,5,0,0,133,133,Holly Johnson,Edward Ryan,Steven Walls,Humid,Dusty,16028
200,2010,2010-04-09,9,6,5,9,Bat,9,25,0,130,105,Laurie Thompson,Nathan Lee,Valerie Clark,Clear,Worn,22298
201,2022,2022-05-28,8,4,13,8,Field,8,0,7,263,186,Amber Rivera,Vanessa Osborne,Julia Foster,Humid,Used,55623
202,2013,2013-05-09,5,2,9,5,Field,5,0,3,195,177,Mr. Charles Newman MD,Jennifer Scott,Clinton Benjamin,Humid,Dusty,28680
203,2008,2008-04-13,1,9,9,9,Field,9,0,7,207,144,Chad King,Amanda Irwin,Kimberly Jordan,Cloudy,Worn,35851
204,2019,2019-05-11,5,3,7,3,Field,5,0,0,183,183,Stephanie Garner,Patrick Walker,Kathleen Quinn,Humid,Used,10523
205,2014,2014-05-06,9,5,6,5,Bat,9,0,0,162,162,Mrs. Amy Johnson,John Rangel,Jeffrey Carlson,Humid,Fresh,71098
206,2020,2020-05-19,4,10,7,10,Bat,10,21,0,196,175,Michelle Jensen,Dana Daniels,Morgan Jones,Rainy,Worn,12278
207,2022,2022-05-06,9,5,12,5,Bat,9,0,0,181,181,Jeffery Phillips,Tara Payne,Christina Holmes,Humid,Dusty,20367
208,2016,2016-05-15,6,1,4,1,Field,1,0,2,200,180,Sheri Cooper,Bianca Stone,William Lyons,Rainy,Dusty,43628
209,2010,2010-05-29,9,7,10,9,Field,9,0,4,225,189,Dr. Sabrina Robinson,Brian Walker,Jasmine Hughes,Clear,Fresh,73726
210,2018,2018-04-12,10,8,9,10,Field,8,0,0,174,174,James Branch,William Mckinney,Amy Crawford,Clear,Worn,24211
211,2013,2013-05-16,8,4,17,4,Field,8,0,0,200,200,Christopher Hicks,David Rojas,Tara Cummings,Clear,Dusty,53682
212,2009,2009-04-16,5,1,5,1,Field,5,0,0,183,183,Crystal Ayers,Gerald Armstrong,John Pitts,Humid,Worn,14182
213,2022,2022-04-02,6,4,20,6,Bat,4,0,0,199,199,Jeffrey Sparks,Cindy Mcclain,Vincent Tanner,Humid,Worn,22077
214,2009,2009-05-25,3,5,10,3,Bat,5,0,0,184,184,Martha Peterson,Mary Hawkins,Joanna Olsen,Cloudy,Fresh,63731
215,2012,2012-05-02,4,2,9,2,Bat,2,83,0,148,65,Miss Jennifer Anderson,Andrew Marshall,Robert Humphrey,Cloudy,Fresh,33045
216,2017,2017-05-19,9,7,18,9,Bat,7,0,0,191,191,David Gonzalez,Tiffany Hughes,Karen Rodriguez,Rainy,Dusty,12637
217,2022,2022-05-12,8,6,8,8,Field,8,0,8,228,156,Samantha Becker,Daniel Harding,Dylan Barrera,Humid,Worn,12234
218,2017,2017-05-22,8,3,13,8,Field,8,0,9,272,182,Aaron Hawkins,Christopher Nichols,Leah Sheppard,Cloudy,Dusty,62138
219,2010,2010-04-23,2,7,13,2,Field,2,0,1,214,203,Christine Stevens,Kimberly Rose,Katelyn Cooper,Humid,Worn,47717
220,2021,2021-05-31,9,7,7,9,Field,9,0,2,174,160,Sherry Jackson,Matthew Barnett DDS,Annette Adams,Clear,Dusty,15925
221,2017,2017-05-30,7,3,6,3,Field,3,0,6,231,177,Brian Armstrong,James Luna,Wendy Day,Humid,Fresh,40937
222,2022,2022-04-13,3,4,4,4,Field,3,0,0,177,177,Amy Marquez,Christy Wright,Hannah Kennedy,Cloudy,Used,26478
223,2023,2023-05-26,3,9,2,9,Bat,3,0,0,147,147,Ashley Lewis,Jordan Mitchell,Dorothy Ford,Cloudy,Dusty,14777
224,2011,2011-05-24,1,6,3,1,Bat,6,0,0,132,132,Jennifer Garner,Joseph Myers,Brandon Avila,Clear,Used,13096
225,2014,2014-05-15,7,9,13,9,Field,7,0,0,127,127,Claudia Johnson,Todd Hatfield,David Williams,Humid,Dusty,60867
226,2018,2018-04-28,10,3,10,10,Field,3,0,0,144,144,Kathryn Herrera,Kenneth Wilson,Vicki Bowers,Rainy,Worn,48043
227,2017,2017-04-25,9,3,6,3,Bat,9,0,0,141,141,Michael Morris,Lauren Dillon,Craig Reyes,Clear,Fresh,31842
228,2016,2016-05-11,8,3,18,8,Bat,3,0,0,153,153,Melissa Simmons,Carla Olson,Nicole Webb,Humid,Used,13537
229,2023,2023-05-30,7,10,1,7,Bat,10,0,0,137,137,Mackenzie Walker,Christine Orozco,Keith Rowland,Humid,Worn,14345
230,2013,2013-04-10,8,2,11,8,Bat,2,0,0,173,173,Kelly Kim,Tracy Salinas,Cody Bruce,Humid,Dusty,36383
231,2016,2016-05-12,5,6,7,6,Bat,5,0,0,166,166,Christina Graham,Danielle Moreno,Yolanda Rodgers,Rainy,Worn,20196
232,2013,2013-05-24,9,7,2,7,Field,7,0,6,211,157,Sean Mejia,Jeffery Schmidt,Scott Davidson,Cloudy,Fresh,34855
233,2015,2015-04-21,9,10,18,9,Field,9,0,2,148,132,Hannah Moore,Lisa Mcdowell,David Kidd,Cloudy,Worn,12498
234,2014,2014-04-26,9,7,9,7,Bat,7,27,0,121,94,Lori Williams,Rick Fisher,Shawn Williams,Clear,Used,28406
235,2017,2017-04-14,8,6,13,6,Field,8,0,0,140,140,Travis Oconnor,Brian Moore,Roger Hood,Clear,Fresh,54950
236,2019,2019-05-02,1,5,14,5,Field,5,0,2,153,131,Leslie Jefferson,Bobby Burgess,Meagan King,Cloudy,Used,34522
237,2015,2015-05-20,5,2,16,5,Bat,2,0,0,193,193,Crystal Powell,Gabriel Miller,Harold Williams,Cloudy,Used,24778
238,2022,2022-05-01,7,5,12,5,Bat,7,0,0,126,126,Heidi Garcia,Jennifer Orozco,Dr. Tracey Walter MD,Humid,Worn,22030
239,2011,2011-04-01,5,2,4,5,Field,2,0,0,172,172,Timothy Barnes,Matthew Johnston,Billy Nelson,Cloudy,Worn,26490
240,2011,2011-04-11,4,8,13,8,Field,8,0,5,220,185,Susan Smith,Anthony Tucker,Kathleen Hayes,Humid,Fresh,72451
241,2010,2010-04-12,9,4,16,9,Bat,9,83,0,220,137,Ronnie Lara,Shannon Dunn DDS,Vanessa Shannon,Cloudy,Dusty,37421
242,2023,2023-05-06,1,9,9,1,Bat,1,28,0,208,180,Elizabeth Mejia,Donald Thomas,Gregory Ward,Humid,Dusty,17320
243,2022,2022-05-02,8,1,7,8,Bat,1,0,0,188,188,Mrs. Karen Thomas,Matthew Hunt,Thomas Quinn,Humid,Fresh,19170
244,2012,2012-04-24,2,5,18,5,Bat,5,45,0,191,146,Nathan Baker,Krystal Brown,Christopher Ross,Cloudy,Worn,19620
245,2022,2022-05-14,2,5,4,2,Field,2,0,8,290,210,Amy Casey,Micheal Fields,Casey Taylor,Cloudy,Dusty,21300
246,2009,2009-05-01,1,7,3,7,Field,1,0,0,196,196,Melissa Wilson,Mark Smith,Cory Quinn,Clear,Dusty,30291
247,2022,2022-05-09,1,5,15,5,Bat,5,43,0,172,129,Erica Young,Sarah Soto,Kimberly Martin,Humid,Fresh,30898
248,2008,2008-04-09,5,10,7,5,Bat,10,0,0,134,134,Ryan Terry,Alexis Flores,Zachary Orr,Cloudy,Dusty,15377
249,2008,2008-04-04,5,9,19,9,Bat,9,34,0,158,124,Renee Aguilar,Monique Rogers,Matthew Wade,Rainy,Used,10834
250,2021,2021-05-07,5,7,3,5,Bat,5,11,0,133,122,Dean Armstrong,Phyllis Smith,Jeff Mcclure,Rainy,Used,22452
251,2008,2008-05-30,9,8,11,8,Bat,8,25,0,158,133,Stephanie James,Melissa Carpenter,Tiffany Velasquez,Cloudy,Fresh,34409
252,2013,2013-05-24,5,3,9,5,Field,5,0,8,246,158,Craig Jenkins,Kimberly Anderson,Ann Buchanan,Cloudy,Dusty,12360
253,2014,2014-05-16,4,9,7,9,Field,4,0,0,163,163,Matthew Calhoun,George Hall,Thomas Anderson,Clear,Used,20648
254,2015,2015-05-14,3,9,3,9,Bat,9,14,0,165,151,Alexander Morales,David Pope,Jonathan Romero,Rainy,Worn,32117
255,2020,2020-05-04,1,3,6,3,Bat,1,0,0,137,137,Jim Kelly,Steven Ruiz,Gerald Gallagher,Cloudy,Used,15926
256,2019,2019-04-24,3,1,9,1,Bat,1,2,0,194,192,Julie Leblanc MD,Patricia Hicks,Cassandra Ramirez,Humid,Fresh,23820
257,2014,2014-05-19,8,2,1,8,Field,8,0,2,213,199,Casey Mcclure,Shawn Castillo,Daniel Jones,Cloudy,Used,25217
258,2010,2010-04-06,1,4,8,4,Bat,4,15,0,217,202,Paul French,Jennifer Hernandez,Timothy Wiggins,Rainy,Dusty,49718
259,2008,2008-05-02,9,3,15,9,Bat,9,90,0,165,75,Carlos Murphy,Ashley Morales,Victor Bell,Humid,Fresh,20304
260,2014,2014-04-10,8,2,16,8,Bat,2,0,0,149,149,Sydney Davenport,Kevin Smith,Dustin Taylor,Humid,Worn,36347
261,2013,2013-04-10,2,10,1,2,Bat,10,0,0,131,131,Paul Lopez,Angel Velazquez,Gary Donaldson,Cloudy,Worn,32861
262,2010,2010-04-13,7,3,13,3,Bat,7,0,0,131,131,Michael Foster,Matthew Fernandez,Kiara Aguilar,Humid,Worn,52829
263,2020,2020-05-24,2,9,15,2,Bat,2,34,0,189,155,Christopher Horne,Dr. Caitlin Moore,James Gardner,Cloudy,Fresh,13388
264,2018,2018-05-20,7,4,2,4,Bat,4,52,0,213,161,Jacob Kim,David Pacheco,David James,Rainy,Dusty,28016
265,2011,2011-04-08,3,2,2,2,Bat,3,0,0,185,185,Gabrielle Hernandez,Anna Duran,Connie Martin,Cloudy,Fresh,30598
266,2008,2008-04-19,8,4,19,4,Bat,4,78,0,178,100,Ashley Owens,Robert Hickman,Katherine Bishop,Humid,Dusty,15998
267,2009,2009-04-01,5,2,20,5,Bat,2,0,0,168,168,Monica Baker,Amanda Shaffer,Nicole Sanders,Rainy,Dusty,24053
268,2023,2023-05-29,6,5,2,6,Field,6,0,1,157,145,Thomas Golden,Joshua Davidson,Cindy Hernandez,Clear,Fresh,33630
269,2010,2010-04-25,6,10,13,6,Field,6,0,3,165,150,David Stewart,Charles Holt,Adam Hurst,Rainy,Worn,62102
270,2016,2016-05-19,4,6,17,6,Field,4,0,0,167,167,Mark Watson,Andrew Martinez,John Robinson,Humid,Dusty,53774
271,2021,2021-05-31,6,8,3,6,Field,6,0,3,161,146,Carla Brooks,Tara Garcia,Kim Smith,Humid,Worn,14042
272,2014,2014-04-12,5,10,16,5,Bat,5,20,0,207,187,Dr. Stephanie Hodges,Hailey Randolph,Sarah Hall,Rainy,Dusty,13879
273,2019,2019-05-13,5,7,19,5,Field,7,0,0,187,187,Clayton Cruz,Samuel Nunez,Jesus Rodgers,Humid,Worn,13126
274,2023,2023-04-08,8,2,9,8,Field,8,0,9,220,121,Tracy Zimmerman,David Andrews,Brian Webster,Rainy,Fresh,20515
275,2018,2018-04-09,8,10,16,10,Bat,10,24,0,211,187,Robert Robertson,Christopher Hanna,Stephen Gardner,Rainy,Worn,15904
276,2012,2012-04-28,7,1,2,1,Bat,1,7,0,201,194,Mr. Anthony Leonard,Jennifer Peterson,Mr. Eric Ford PhD,Clear,Used,32442
277,2009,2009-05-08,6,9,14,6,Bat,6,37,0,125,88,Mark Lucero,Bobby Watkins,Carolyn Perez,Clear,Worn,37830
278,2020,2020-04-23,2,9,3,2,Bat,9,0,0,161,161,David Russo,Sharon Morris,Roberta Fitzpatrick,Cloudy,Dusty,10037
279,2018,2018-04-10,7,9,8,9,Field,9,0,3,174,144,Nicole Clay,Scott Castaneda,Heather Everett,Rainy,Worn,18556
280,2014,2014-04-06,5,9,15,9,Bat,9,88,0,143,55,Brenda Bailey,Jocelyn Robinson,Nicole Fletcher,Humid,Worn,23870
281,2020,2020-04-29,5,8,20,5,Field,8,0,0,214,214,Jeremy Harris,Stephanie Rodriguez,Robert Rice,Rainy,Fresh,10162
282,2008,2008-05-27,10,9,6,9,Bat,10,0,0,125,125,Gilbert Cole Jr.,Douglas Rice,Richard Washington,Humid,Dusty,18231
283,2015,2015-04-18,10,9,11,10,Field,10,0,5,170,120,Blake Hall,Corey Ross,Mr. Daniel Allen,Rainy,Dusty,47718
284,2015,2015-05-30,2,10,12,2,Field,2,0,3,194,164,Kevin Sanders,Betty Warner,Tina Stanley,Clear,Used,31684
285,2017,2017-04-13,2,5,13,5,Bat,5,84,0,178,94,Lori Jimenez,Brian Heath,Lori Sullivan,Clear,Dusty,47698
286,2015,2015-05-12,8,4,15,4,Bat,8,0,0,190,190,Dalton Newton,Joseph Lane,William Castillo,Rainy,Used,28375
287,2023,2023-04-20,6,10,12,6,Bat,10,0,0,157,157,Jonathan Roach,Kevin Sharp,Sergio Mahoney,Cloudy,Fresh,26578
288,2013,2013-04-05,6,1,13,1,Field,6,0,0,216,216,Christina Mcdaniel,Matthew Rodriguez,Pamela Rodriguez,Humid,Dusty,56728
289,2009,2009-05-15,5,4,13,5,Field,4,0,0,144,144,Renee Robinson,Sandra Park,Nicholas Fox,Cloudy,Dusty,35634
290,2016,2016-05-24,6,10,4,10,Field,10,0,8,221,173,James Burns,John Patterson DVM,Heather Brown,Humid,Worn,44802
291,2015,2015-05-28,3,1,10,1,Field,3,0,0,193,193,Christopher Jones,Gary Taylor,Kristina Johnston,Cloudy,Fresh,75086
292,2016,2016-05-03,8,2,3,2,Field,2,0,1,170,164,Lauren James,Christopher Williams,William Larson,Humid,Worn,30360
293,2009,2009-05-29,5,1,1,5,Field,1,0,0,176,176,Courtney Nguyen,Diane Gibson,Nathan Guerrero,Humid,Used,44185
294,2014,2014-05-31,8,7,10,8,Field,8,0,4,179,147,Allison Werner,Victoria King,Donald Noble,Rainy,Fresh,20447
295,2018,2018-05-01,6,3,3,3,Bat,6,0,0,184,184,Derek Gonzalez,Leah Boyd,Kimberly Soto,Cloudy,Fresh,19037
296,2016,2016-05-04,1,9,7,1,Bat,1,79,0,148,69,Douglas Rivera,Kelly Boyd,Stephen Harris,Clear,Used,13808
297,2019,2019-05-04,5,1,6,5,Field,5,0,9,253,163,Nathan Vasquez,John Perez PhD,Mary Horne,Clear,Fresh,32984
298,2014,2014-05-09,3,9,14,3,Bat,9,0,0,155,155,Matthew Smith Jr.,Taylor Newton,Brian Ho,Cloudy,Worn,46232
299,2021,2021-05-15,9,8,2,9,Bat,9,90,0,121,31,Jonathan Murphy,Christine Stevens,Christina Bishop,Humid,Fresh,31354
300,2008,2008-04-12,10,5,15,5,Field,10,0,0,148,148,Miss Christina Sullivan,Richard Cochran,Keith Wolf,Humid,Fresh,35851
301,2012,2012-04-28,4,8,17,4,Field,8,0,0,170,170,Ashley Price,Dr. Charles Maldonado DDS,Paul Thompson,Clear,Used,59545
302,2020,2020-05-23,8,2,14,2,Field,8,0,0,178,178,Craig Lewis,Emily Beard DDS,Jonathan Baker,Clear,Used,53542
303,2019,2019-04-12,5,8,15,8,Bat,5,0,0,158,158,Scott Johnson,Justin Goodwin,Dylan Hernandez,Rainy,Worn,25186
304,2022,2022-04-29,10,1,10,10,Field,1,0,0,181,181,Anthony Miller,Brandon Brown,Craig Dawson,Cloudy,Used,48982
305,2009,2009-04-30,7,2,8,2,Bat,2,10,0,154,144,Jordan Jones,Maria Mitchell,Erin Bryant,Cloudy,Fresh,24177
306,2009,2009-04-14,4,7,6,4,Field,7,0,0,153,153,Stephanie Bowers,Rebecca Mcclain,Jennifer Gray,Clear,Worn,59606
307,2023,2023-04-05,5,9,14,5,Field,5,0,1,160,150,Kevin Frye,Stephanie Ayala,Mary Tate,Rainy,Used,21962
308,2008,2008-04-05,2,5,10,5,Bat,5,32,0,185,153,Lisa Ward,Faith Clayton,Kim Brooks,Clear,Fresh,73528
309,2015,2015-05-15,2,5,17,2,Field,2,0,4,198,154,James Escobar,Derek Wilkins,Cheryl Rhodes,Humid,Fresh,58953
310,2012,2012-04-04,4,2,16,4,Field,4,0,3,234,207,Barry Powell,Zachary Mendoza,Jennifer Frye,Humid,Used,41465
311,2008,2008-05-31,3,5,8,5,Field,5,0,6,209,161,Christina Cantu,Andrew Ross,Jeanette Miller,Clear,Worn,63868
312,2013,2013-05-29,1,9,1,1,Bat,9,0,0,208,208,John Holmes,James Williams MD,Ashley Rodriguez,Rainy,Fresh,30065
313,2021,2021-05-11,9,10,5,10,Bat,10,57,0,204,147,Tonya Dillon,Trevor Cooper,Jacob Jennings,Clear,Dusty,28237
314,2023,2023-04-02,5,7,5,5,Field,5,0,4,220,180,Lisa Johnson,Angel Perez,Kathryn Austin,Rainy,Fresh,22668
315,2012,2012-05-14,5,2,16,5,Field,2,0,0,130,130,Jeff Burns,Kathleen Wheeler,Barbara White,Cloudy,Fresh,36754
316,2023,2023-05-19,10,2,3,10,Bat,10,10,0,147,137,Jacob Haas,Marcus Kim,Ann White,Rainy,Worn,20625
317,2011,2011-04-23,10,9,13,9,Bat,10,0,0,162,162,Tyler Sanchez,Troy Horn,Zachary Thompson,Humid,Fresh,38353
318,2023,2023-05-26,6,1,15,6,Bat,1,0,0,220,220,Andrew Becker,Lauren Preston,Christian Craig,Clear,Fresh,24961
319,2021,2021-04-16,9,7,8,7,Bat,9,0,0,176,176,Kevin Roberts,Denise Meyer,Matthew Fleming,Cloudy,Fresh,61767
320,2018,2018-04-08,8,3,10,3,Field,8,0,0,139,139,Mitchell Arnold,Isaiah Nguyen,Lawrence Castaneda,Rainy,Dusty,73528
321,2015,2015-05-18,2,4,5,2,Bat,2,89,0,172,83,Jennifer Khan,Nancy Ramirez,Jill Rodriguez,Clear,Dusty,28570
322,2008,2008-05-16,10,5,18,5,Bat,10,0,0,190,190,Alyssa Green,Calvin Shannon,Raymond Tucker,Cloudy,Dusty,15184
323,2021,2021-04-11,6,9,19,6,Field,6,0,7,198,128,Keith Hoffman,Jennifer Wilson,Roy Mccormick,Rainy,Fresh,12241
324,2013,2013-04-03,7,3,10,7,Bat,7,16,0,136,120,Mary Choi,James Gonzalez,Justin Hoffman,Cloudy,Worn,14140
325,2013,2013-05-17,6,7,13,7,Field,7,0,7,257,215,Leslie Durham,Maria Lucero,Christopher Castro,Humid,Dusty,11046
326,2021,2021-05-05,8,5,9,5,Bat,5,76,0,207,131,Laurie Price,Jane Snyder,Zachary Torres,Rainy,Used,29527
327,2008,2008-05-22,3,9,20,9,Bat,3,0,0,156,156,Megan Woods,Kimberly Brown,Scott Mckinney,Rainy,Used,14378
328,2011,2011-05-10,5,6,3,5,Bat,6,0,0,201,201,Heidi Gross,Dustin Taylor,Cole Henry,Rainy,Dusty,11306
329,2018,2018-05-08,3,4,16,3,Field,3,0,8,221,157,Brandi Wood,Jacqueline Hernandez,Michael Richard,Clear,Worn,16118
330,2022,2022-05-27,9,7,4,7,Bat,7,31,0,214,183,Samuel Perry,Ann Rogers,Peter Graves,Rainy,Used,33749
331,2010,2010-04-08,3,7,2,7,Bat,3,0,0,161,161,Sandra Thomas,Andrew Rose,Steven Cruz,Rainy,Worn,35191
332,2018,2018-04-12,7,8,6,7,Field,7,0,3,165,135,Brian Fisher,Rebecca Solis,Morgan Bird,Rainy,Used,48448
333,2023,2023-05-01,3,1,18,3,Bat,1,0,0,194,194,Scott Carr,Melissa Baker,Jon Johnson,Humid,Used,12208
334,2013,2013-04-27,7,5,18,7,Field,5,0,0,182,182,John Sanders,Bryan Phillips,Donna Brown,Humid,Used,11772
335,2009,2009-05-30,7,8,11,8,Field,8,0,1,178,169,Trevor Miller,Cesar Griffin,Daniel Eaton,Humid,Dusty,43642
336,2021,2021-04-21,3,9,9,9,Field,9,0,7,203,126,Adam Garcia,Michael Miller DDS,Nicholas Jones,Clear,Fresh,25916
337,2023,2023-05-31,5,1,11,1,Bat,1,52,0,153,101,David Atkins,Ricardo Smith,Daniel Mooney,Humid,Used,14438
338,2017,2017-05-23,3,6,16,3,Field,3,0,5,187,152,Peter Archer,Kimberly Anderson,Kathy Long,Cloudy,Worn,13337
339,2020,2020-05-21,3,1,12,3,Field,3,0,4,183,143,Pamela Stewart,Joshua Thomas,Tara Middleton,Clear,Dusty,37237
340,2008,2008-05-20,3,2,15,2,Field,3,0,0,136,136,Courtney Kramer,David Bowers,Kevin Wu,Clear,Used,31649
341,2015,2015-04-13,7,8,9,8,Bat,8,11,0,217,206,Courtney Lambert,Anthony Howard,Ashley Jimenez,Humid,Dusty,30469
342,2015,2015-04-10,1,5,10,1,Bat,1,44,0,171,127,Edward Reeves,Jennifer Martinez,John Zimmerman,Humid,Worn,17092
343,2008,2008-04-20,3,9,13,9,Bat,9,38,0,209,171,Kelsey Payne,William Hayes,Molly Cooper,Clear,Used,54723
344,2015,2015-04-14,4,10,8,10,Bat,4,0,0,142,142,Timothy Lewis,Benjamin Lopez,Karen King,Cloudy,Worn,72769
345,2020,2020-05-29,8,4,18,4,Field,8,0,0,197,197,Miss Stephanie Aguirre,Jennifer Thomas,Rebecca Brewer,Cloudy,Dusty,22069
346,2011,2011-04-19,2,6,17,6,Field,2,0,0,202,202,Michael Atkinson,Gregory Arnold,Debra Smith,Humid,Dusty,40983
347,2016,2016-05-10,9,2,19,9,Field,2,0,0,202,202,Jordan Hudson,Cynthia Gonzalez,Ashley Mayo,Humid,Worn,16039
348,2012,2012-04-21,7,8,3,8,Field,8,0,4,178,154,Michael Wilson,Douglas Kramer,Jacob Smith,Humid,Fresh,21700
349,2016,2016-05-21,4,3,7,3,Field,4,0,0,195,195,Jose Hunter,Courtney Tran,James Cole,Cloudy,Worn,15135
350,2021,2021-04-28,1,2,8,2,Field,2,0,6,235,199,Adam Hale,Robert Mitchell,Jennifer Brooks,Cloudy,Worn,48350
351,2017,2017-04-17,7,8,5,8,Field,8,0,9,250,151,Donna Schmitt,Garrett Washington,Vanessa Chapman,Rainy,Worn,21889
352,2020,2020-05-10,9,8,8,8,Field,8,0,5,245,200,Lauren Ward,Ebony Williams,Stephanie Juarez,Rainy,Worn,59530
353,2009,2009-05-15,7,1,19,1,Bat,7,0,0,169,169,Tyler Alvarez,James Nichols,Alexis Tate,Cloudy,Fresh,19740
354,2008,2008-04-01,6,7,13,7,Field,7,0,3,207,192,Jason Harris,Chelsea Cantrell,Danielle Rodriguez,Clear,Fresh,36188
355,2021,2021-04-08,5,8,7,8,Bat,8,82,0,120,38,Casey Ray DVM,Dana Gibbs,Gabrielle Russell,Clear,Used,17420
356,2019,2019-05-08,2,9,19,9,Bat,2,0,0,170,170,Patricia Smith,Alexis Edwards,Amy Rich,Cloudy,Fresh,20163
357,2021,2021-05-30,4,8,6,4,Bat,4,28,0,162,134,Tammy Smith,Eddie Fisher,Joseph Clements,Clear,Worn,24625
358,2008,2008-05-29,3,8,6,8,Field,3,0,0,195,195,Michael Lopez,Heather Jones,Tina Burke,Cloudy,Fresh,55989
359,2019,2019-04-16,4,2,13,2,Bat,4,0,0,124,124,David Williams PhD,Nathan Paul,William Adams,Humid,Dusty,37392
360,2014,2014-05-09,8,4,15,8,Field,8,0,2,205,183,Abigail Holmes,Reginald Monroe,Don Odom,Rainy,Dusty,33916
361,2022,2022-04-28,1,2,4,1,Field,2,0,0,174,174,Darren Holloway,Kristin James,Shelly Reilly,Cloudy,Worn,40972
362,2015,2015-04-03,2,10,8,10,Bat,2,0,0,197,197,Joel Thomas,Heather Griffin,Sharon Myers,Rainy,Used,49474
363,2021,2021-04-18,6,10,13,10,Bat,10,7,0,140,133,Heather Smith DDS,Christina Wilson,Seth Luna,Cloudy,Used,28970
364,2020,2020-04-11,3,8,20,3,Field,3,0,6,172,136,Michael Foster,Alvin Becker,Keith Dennis,Rainy,Used,16927
365,2022,2022-05-06,3,7,19,7,Bat,3,0,0,183,183,Heather Curry,Barbara Russo,Troy Kim,Humid,Fresh,12141
366,2021,2021-05-06,5,1,19,1,Field,5,0,0,144,144,Scott Reed,Christopher Carroll,David Jones,Cloudy,Worn,19627
367,2011,2011-04-28,8,10,13,8,Field,10,0,0,194,194,Elizabeth Miller,Danielle Green,Jonathan Richardson,Humid,Worn,36281
368,2018,2018-04-14,5,9,5,9,Bat,5,0,0,120,120,Ashley Manning,Felicia Bridges,Tracy Coleman,Rainy,Used,14458
369,2011,2011-04-20,2,1,1,1,Field,1,0,3,242,218,John Dennis,Angie Cox,Timothy Snyder,Humid,Dusty,40150
370,2017,2017-04-19,3,7,14,7,Field,7,0,1,190,179,Leah Herring,Julie Coleman,Hannah Garcia,Clear,Dusty,55441
371,2022,2022-04-18,10,3,14,3,Field,3,0,7,214,144,Randy Wall,Brian Carroll,Caitlin Brown,Humid,Dusty,23404
372,2010,2010-05-29,10,5,16,5,Field,10,0,0,135,135,Megan Tyler,Joseph Case,Kurt Cervantes,Clear,Dusty,19198
373,2015,2015-05-04,7,6,14,7,Field,7,0,2,165,143,William Valdez,Tracy Pearson,John Cruz,Humid,Worn,46467
374,2023,2023-04-19,1,10,15,10,Bat,10,50,0,210,160,Selena Beck,Michelle Harris,Monica Taylor,Cloudy,Dusty,24547
375,2019,2019-05-28,1,2,9,1,Field,1,0,9,290,182,John Winters,Aaron Campbell,Aaron Mckenzie,Rainy,Fresh,13711
376,2022,2022-05-05,6,9,5,6,Field,6,0,5,164,134,Cheryl Evans,Joshua Barnett,Joshua Lindsey,Humid,Fresh,28464
377,2014,2014-05-12,10,7,18,10,Bat,7,0,0,188,188,Nathan Horton,Tyler Hanson,Chris Kaufman,Rainy,Dusty,23194
378,2012,2012-04-12,10,6,14,6,Bat,6,48,0,200,152,Allison Yu,Brian Flynn,Jessica Vang,Humid,Dusty,46612
379,2020,2020-05-29,6,2,5,2,Bat,2,21,0,172,151,Robert Lowe,Tracy Pruitt,Courtney Gonzales,Humid,Worn,20417
380,2018,2018-05-05,3,2,5,3,Bat,2,0,0,139,139,Jonathan Rose,Joshua Mcguire,Todd Johnson,Cloudy,Used,20555
381,2016,2016-05-13,9,7,12,7,Field,9,0,0,187,187,Stephanie Ferguson,Michael Gilbert,Jorge Hernandez,Cloudy,Used,31002
382,2011,2011-05-08,2,7,20,7,Field,7,0,4,181,153,Wayne Harris DDS,David Casey,Jeffery Castillo,Humid,Dusty,13915
383,2021,2021-04-16,9,7,3,7,Bat,9,0,0,167,167,Christopher Williams,Richard Miller,Stephanie Williams,Rainy,Worn,22972
384,2022,2022-04-03,3,9,7,9,Bat,3,0,0,144,144,Zachary Meyer,Daniel Phillips,Taylor Garcia,Rainy,Fresh,15628
385,2022,2022-04-12,6,7,2,6,Field,7,0,0,195,195,Brandon Hansen,Scott Peters,Rita White,Rainy,Used,15368
386,2020,2020-04-01,4,5,5,5,Field,5,0,2,220,204,John Contreras,Jordan Ho,Lisa Wolf,Rainy,Fresh,20662
387,2016,2016-04-28,10,5,9,10,Field,5,0,0,136,136,Carol Vasquez,Kimberly Peterson,Mike Lucas,Clear,Dusty,12571
388,2020,2020-04-02,7,1,3,7,Bat,1,0,0,173,173,Dustin Hoffman,Jesse Arellano,Kenneth Elliott,Humid,Worn,18528
389,2015,2015-05-27,4,6,13,4,Field,6,0,0,188,188,Matthew James,Dominique Hill DVM,Jennifer Lee,Rainy,Worn,48339
390,2010,2010-05-12,6,4,3,4,Field,6,0,0,129,129,Courtney Jenkins,David Romero,James Fuller,Humid,Used,17053
391,2017,2017-04-02,6,7,2,6,Field,6,0,3,182,146,Catherine Scott,Collin Miller Jr.,Sarah Rodriguez,Rainy,Dusty,12466
392,2020,2020-04-12,9,3,18,3,Field,9,0,0,123,123,Thomas Gordon,Andrew Ray,Amanda Turner,Clear,Fresh,12406
393,2013,2013-04-17,2,6,13,6,Bat,6,41,0,146,105,Kiara Brown,Alison Brown,Robert Powers,Clear,Dusty,60518
394,2015,2015-05-27,4,7,20,7,Bat,4,0,0,164,164,Adrienne Scott DVM,Julie Wagner,Angela Parker,Cloudy,Worn,13960
395,2014,2014-04-21,3,9,4,9,Field,3,0,0,209,209,Rebecca Smith DVM,Emily Pena,Mary Lindsey,Rainy,Used,38076
396,2008,2008-05-29,1,3,14,1,Bat,1,5,0,156,151,Timothy Peters,Pam Reynolds,Scott Rhodes,Rainy,Used,43286
397,2008,2008-05-01,5,7,4,7,Field,7,0,1,220,212,Amanda Holland,James Torres,Nicholas Brown,Humid,Dusty,39739
398,2009,2009-05-06,3,10,20,10,Bat,10,59,0,135,76,Lisa Cain,Paige Kaiser,Martin Wilson,Clear,Dusty,17561
399,2009,2009-04-12,5,6,11,6,Bat,5,0,0,131,131,Brian Rios,Sheila Farmer,Amanda Harmon,Clear,Dusty,34424
400,2021,2021-04-06,8,7,20,8,Bat,8,35,0,130,95,Brent Warren,Stephanie Rose,Carla Savage,Clear,Worn,23753
401,2021,2021-05-17,10,8,13,8,Bat,10,0,0,139,139,Denise Jimenez,Joseph Knight,Brandon Burns,Humid,Used,20681
402,2018,2018-04-11,5,9,9,9,Bat,9,73,0,197,124,Sean Mcmillan,Elizabeth Singh,Justin Kim,Clear,Dusty,20101
403,2016,2016-04-04,9,8,8,8,Bat,9,0,0,134,134,Mr. Marc Freeman PhD,Jacob Smith,Chad Wheeler,Rainy,Used,61910
404,2014,2014-05-23,1,4,20,4,Bat,1,0,0,175,175,Paul Parker,Emily Saunders,Steven Bryan,Clear,Worn,16681
405,2021,2021-04-24,4,5,8,5,Field,5,0,5,175,125,Jose Stevens,Shannon Manning,Shannon Barron,Rainy,Worn,58658
406,2013,2013-05-03,2,7,14,7,Field,7,0,4,178,130,Deborah Garcia,Brianna Trevino,Lori Gates,Clear,Fresh,32532
407,2015,2015-05-27,4,5,14,4,Field,4,0,8,223,127,Peter Walton,Anne Brennan MD,Jacob Olsen,Humid,Fresh,25867
408,2016,2016-05-27,4,6,18,4,Field,6,0,0,159,159,Melanie Jones,Lucas Mcknight,Robert Hampton II,Rainy,Worn,17865
409,2012,2012-05-30,6,2,3,2,Bat,2,50,0,205,155,Benjamin Singh,Ashley Byrd,Sara Maldonado,Clear,Worn,30720
410,2023,2023-04-27,3,9,16,3,Field,9,0,0,124,124,Jacob Burns MD,Julia Gardner,Bethany Perez MD,Clear,Fresh,36401
411,2017,2017-04-21,6,9,18,6,Field,9,0,0,189,189,Mary Drake,Lisa Mills,Jacob Lin,Cloudy,Used,13388
412,2016,2016-04-21,9,1,3,9,Field,9,0,4,162,134,Cindy Hernandez,Ruth Cantu,Luis Nielsen,Humid,Fresh,21911
413,2015,2015-05-15,5,7,15,7,Field,7,0,4,253,209,Christopher Casey,Destiny Kane,Juan Kelly,Clear,Dusty,33731
414,2009,2009-04-14,7,5,12,5,Bat,5,19,0,126,107,Todd Grant,Austin Kerr,Brian Williams,Clear,Worn,37953
415,2017,2017-05-08,7,1,13,7,Bat,7,1,0,120,119,Cody Holt,Michelle Dougherty,Patricia Dunlap,Clear,Dusty,65168
416,2011,2011-05-04,7,10,13,10,Field,10,0,2,202,178,Veronica Moore,James Rodriguez,Amber Bowen,Rainy,Used,63001
417,2020,2020-05-25,5,4,20,5,Field,4,0,0,151,151,Dr. Patricia Mccann,Heidi Brady,Catherine Smith,Humid,Dusty,18607
418,2011,2011-05-17,8,5,17,8,Field,8,0,6,195,141,Julie Bowers DDS,Robert Johnson,Brittany Lin,Humid,Used,52160
419,2015,2015-05-02,3,6,6,6,Field,6,0,4,174,154,Kristine Horton,Nicole Carr,Catherine Cummings,Humid,Used,28843
420,2015,2015-04-01,4,2,17,2,Bat,4,0,0,175,175,Madison Gonzalez,Matthew Boyd,Austin Alvarez,Clear,Fresh,52458
421,2017,2017-05-31,10,9,8,10,Bat,9,0,0,192,192,Christine Davis,Karen Hickman,Andrea Sawyer,Cloudy,Dusty,58306
422,2014,2014-04-03,6,9,2,6,Field,9,0,0,124,124,Rebecca Odom,Amanda Doyle,Steven Miller,Cloudy,Dusty,21617
423,2010,2010-05-02,2,1,10,1,Bat,1,36,0,204,168,Shelia Gonzales,Carolyn Ortiz,Renee Fernandez,Clear,Fresh,41971
424,2015,2015-05-14,7,2,11,2,Bat,2,8,0,120,112,Rachel Lopez MD,Joseph Walker,Nicholas Roth,Clear,Dusty,26265
425,2023,2023-05-01,1,4,9,1,Bat,4,0,0,152,152,Steven Lowe,Justin Briggs,Gregory Henderson,Rainy,Used,10148
426,2009,2009-05-15,9,6,18,6,Bat,9,0,0,160,160,Scott Evans,Melissa Smith,Tina Bird,Rainy,Fresh,23928
427,2023,2023-04-30,2,3,2,2,Bat,3,0,0,151,151,Tammy Sheppard,Megan Davis,Christopher Melton,Rainy,Worn,24129
428,2022,2022-04-19,7,8,19,8,Field,8,0,1,142,137,Robert Parks,Michael Edwards,Lisa Soto MD,Humid,Used,10413
429,2011,2011-04-21,2,1,13,1,Bat,2,0,0,125,125,Michael Davis,Crystal Sanchez,Richard Leon,Cloudy,Fresh,46778
430,2022,2022-04-20,4,7,7,7,Bat,4,0,0,140,140,Laura Pearson,Douglas Shah,Sharon Robinson,Rainy,Worn,21936
431,2009,2009-05-09,10,8,11,10,Bat,8,0,0,210,210,Kelsey Willis,Sue Fisher,Raymond Kemp,Humid,Used,28724
432,2023,2023-05-30,7,3,4,7,Field,3,0,0,123,123,Anthony Black Jr.,Elizabeth Coleman,Amy Miller,Clear,Worn,31021
433,2016,2016-04-30,3,1,4,3,Bat,1,0,0,183,183,Taylor Kennedy,Jeffrey Ponce,John White,Humid,Used,33563
434,2023,2023-05-27,1,5,9,1,Field,5,0,0,188,188,Sandra Wagner,Brenda Spencer,Jordan Johnson,Clear,Fresh,23456
435,2011,2011-04-24,4,3,10,3,Field,4,0,0,155,155,Joshua Smith,Michael Hughes,James Carter,Cloudy,Dusty,11342
436,2020,2020-05-06,7,6,13,7,Field,7,0,2,136,124,Kenneth Collins,Eric Mack,Jeff Martinez,Clear,Used,35233
437,2015,2015-04-27,6,8,14,8,Bat,6,0,0,158,158,Patrick Reed,Melanie Mitchell,John May,Clear,Worn,48374
438,2016,2016-05-11,2,8,14,2,Field,8,0,0,163,163,Andrew Ross,Dana Huffman,Blake Stevens,Rainy,Dusty,43332
439,2016,2016-04-19,7,8,20,8,Field,7,0,0,163,163,Mark Schmidt,Gregory Wallace,Craig Gonzalez,Rainy,Worn,22048
440,2015,2015-05-13,9,10,8,9,Field,10,0,0,142,142,Melanie Adams,Brandon Yu,Amy Collier,Rainy,Dusty,20587
441,2011,2011-05-25,10,6,12,10,Bat,10,50,0,174,124,Eric Gonzalez,Nicole Mcpherson,Angela Brown,Cloudy,Dusty,15625
442,2014,2014-05-07,4,9,17,9,Field,9,0,7,264,194,Ashley Garcia,Joyce Best,Christopher Jackson,Rainy,Used,48661
443,2011,2011-05-04,1,5,8,5,Field,5,0,3,199,169,Glenda Carpenter,Chelsey Brown,Amber Sanchez,Humid,Worn,39424
444,2013,2013-05-20,8,1,10,8,Bat,1,0,0,162,162,Patricia Allen,Jacob Fox,Kimberly Turner,Clear,Fresh,75305
445,2017,2017-04-26,8,5,12,8,Field,5,0,0,151,151,Ashley Garner,Robert Willis,Brittany Gardner,Rainy,Used,34101
446,2008,2008-04-12,7,5,1,5,Field,5,0,6,227,173,Michael Harvey,Crystal Smith,Meghan Davidson,Rainy,Fresh,45531
447,2016,2016-04-05,9,1,7,1,Field,9,0,0,143,143,Linda Johnson,Jennifer Anderson,Kenneth Hayes,Cloudy,Worn,21186
448,2011,2011-04-21,8,7,7,7,Field,8,0,0,162,162,Amber Newman,Eric White,Marcus Jacobs,Rainy,Worn,17603
449,2018,2018-05-31,2,5,19,2,Bat,5,0,0,136,136,Jenna Foster,Caitlyn Thomas,Mark Tyler,Cloudy,Used,13993
450,2008,2008-04-28,2,6,8,6,Field,6,0,1,134,129,Tara Rowe,Adam Yoder,Monica Alvarez,Clear,Worn,17155
451,2023,2023-04-18,5,9,7,5,Field,5,0,4,196,168,James Mahoney,Julia Sullivan,Alicia Schneider,Clear,Dusty,13861
452,2014,2014-04-27,1,3,16,3,Field,1,0,0,190,190,Jacob Schmidt,Nicholas Wall,Mary Moore,Cloudy,Fresh,24355
453,2019,2019-05-18,1,8,11,1,Field,8,0,0,132,132,Alex Olson,Vickie Underwood,Alexa Lara,Cloudy,Fresh,47347
454,2020,2020-04-08,5,10,9,5,Bat,5,88,0,186,98,Melissa Campbell,Scott Mitchell,Tanya Arroyo,Clear,Worn,16040
455,2016,2016-05-13,7,9,9,7,Bat,9,0,0,203,203,Matthew White,John Barajas,Ryan Schmidt,Rainy,Worn,14502
456,2021,2021-04-25,3,4,9,3,Field,3,0,9,237,183,Douglas Meyers,Alexander Rodriguez,Michael Larson,Rainy,Worn,19265
457,2023,2023-05-02,5,7,17,5,Field,5,0,4,186,166,James Garcia,Robert Palmer,James Fritz,Rainy,Fresh,27806
458,2017,2017-05-30,9,7,9,9,Bat,9,88,0,152,64,Michael Thompson Jr.,Brent Serrano,Mary Yoder,Cloudy,Fresh,23203
459,2019,2019-05-05,10,4,7,10,Field,4,0,0,157,157,Carolyn Lambert,Antonio Taylor,Joseph Olson,Humid,Dusty,23002
460,2014,2014-05-11,9,8,14,8,Bat,9,0,0,172,172,Monica Chavez MD,Charles Serrano,Maria Wilson,Rainy,Used,33539
461,2009,2009-04-05,6,3,4,3,Bat,3,51,0,199,148,Jasmine Newton,Cassandra Beck,Jennifer Sanchez,Humid,Fresh,56379
462,2012,2012-05-28,6,7,6,6,Field,7,0,0,176,176,Sabrina Robertson,Michael Black,Vincent West,Rainy,Worn,46464
463,2008,2008-05-04,9,10,2,9,Field,9,0,8,202,154,Aaron Greene,Raymond Vazquez,James Barron,Humid,Dusty,12240
464,2017,2017-05-07,1,2,8,1,Field,1,0,3,191,164,Leslie Ellison,Martin Willis,Alexandria Carr,Rainy,Used,46711
465,2011,2011-05-24,7,8,17,7,Field,7,0,4,156,124,Dana Ward,Brian Wilson,Victor Mills,Cloudy,Dusty,46160
466,2008,2008-05-19,9,1,8,9,Field,9,0,1,148,142,Kara Wang,Gloria Bowman,Robert Cox,Clear,Dusty,24586
467,2015,2015-05-21,5,4,9,5,Bat,5,26,0,172,146,Peggy Castillo,Eric Nunez,Kimberly Castillo,Humid,Used,10615
468,2021,2021-04-28,4,9,15,4,Bat,4,78,0,185,107,Diana Cain,Jared Mcintosh,Wayne Wood,Humid,Fresh,35229
469,2020,2020-05-13,9,3,7,9,Field,3,0,0,121,121,Kristen Costa,Marcia Murray,Jeff Terry,Cloudy,Used,22772
470,2016,2016-05-17,3,1,2,1,Field,1,0,9,221,122,Michael Phillips,Taylor Golden,Benjamin Allen,Cloudy,Fresh,11553
471,2010,2010-05-22,8,9,3,8,Field,8,0,2,167,157,Robert Madden,James Parker DDS,Mandy Lowery DDS,Rainy,Used,10308
472,2021,2021-04-21,8,6,11,6,Bat,6,62,0,161,99,Heather Pace,Timothy Wilcox,Andrew George,Cloudy,Fresh,39224
473,2016,2016-04-15,1,5,6,1,Bat,5,0,0,127,127,Mark Reid,Ruth Webb,David Short,Rainy,Dusty,30012
474,2011,2011-05-06,10,5,13,5,Bat,10,0,0,172,172,Ernest Hayes,Jeffrey Whitehead,Austin Solis,Cloudy,Worn,57824
475,2017,2017-04-25,7,1,12,1,Bat,1,41,0,185,144,Angela Atkins,Sara Grimes,Trevor Shields,Cloudy,Dusty,36784
476,2020,2020-04-27,4,3,8,3,Field,3,0,2,159,137,Miranda Lopez,David Hunter,Michael Beard,Rainy,Worn,52949
477,2023,2023-04-15,4,10,20,4,Bat,4,12,0,146,134,Lisa Williams,Calvin Perez,Lindsay Medina,Humid,Dusty,16742
478,2021,2021-05-27,6,5,14,5,Bat,5,77,0,126,49,Diane Martinez,Danielle Lee,Mrs. Kimberly Miller MD,Humid,Worn,40392
479,2014,2014-04-30,3,7,18,7,Field,3,0,0,163,163,Jacqueline Robertson,Robert Simmons,Michael Richardson,Cloudy,Used,21432
480,2015,2015-05-31,2,4,8,2,Bat,2,15,0,174,159,Mark Campbell,Amy Mcgee,John Gutierrez,Rainy,Dusty,27142
481,2008,2008-04-26,10,6,10,6,Field,10,0,0,181,181,Rhonda Martinez,Derrick Wilson,Caroline Stewart,Clear,Fresh,15478
482,2011,2011-05-24,3,5,18,3,Field,3,0,7,188,139,Terry Luna,Kiara Castillo,Adam Davis,Humid,Used,22414
483,2013,2013-05-23,5,3,10,3,Bat,3,36,0,180,144,Cory Beltran,Justin Singh,Joshua Smith,Clear,Fresh,30362
484,2012,2012-04-21,10,8,19,10,Bat,10,5,0,124,119,Bradley Anderson,Ernest Raymond,Taylor Mejia,Cloudy,Dusty,17616
485,2018,2018-05-06,7,5,19,7,Field,7,0,3,213,195,Kaitlin Ward,Thomas Jones,Kimberly Carpenter,Rainy,Fresh,18939
486,2020,2020-04-22,9,10,3,9,Field,9,0,5,172,127,Mark Rodriguez,Pamela Moore,Laura Price,Clear,Used,15725
487,2019,2019-05-02,3,10,17,10,Field,10,0,5,185,150,Kyle Perry,Thomas Crosby,Laura Chandler MD,Humid,Dusty,50472
488,2010,2010-05-28,4,6,15,6,Field,4,0,0,180,180,Amanda Garrison,Joshua Morgan,Calvin Barron,Cloudy,Worn,19545
489,2014,2014-04-11,2,1,5,1,Field,1,0,3,176,155,Ryan Espinoza,Teresa Castillo,Michelle Fisher,Rainy,Dusty,22678
490,2014,2014-05-01,10,8,19,10,Field,8,0,0,138,138,Joshua Weaver,Matthew Braun,Marissa Romero,Rainy,Used,17083
491,2014,2014-05-05,9,2,1,9,Bat,2,0,0,141,141,Nancy Anderson,Ronnie Clarke,Kelly Jackson,Cloudy,Worn,28320
492,2009,2009-05-14,5,10,13,5,Field,10,0,0,131,131,Michael Peters,Jerry Franco,Cynthia Smith,Clear,Dusty,21154
493,2010,2010-04-24,4,8,7,4,Field,8,0,0,151,151,Michele Montgomery,Michael Johnson,Johnathan Goodman,Humid,Used,16816
494,2010,2010-05-04,10,5,18,10,Bat,10,14,0,125,111,Jason Bradley,Kenneth Hayes,Steven Bartlett,Rainy,Used,17718
495,2020,2020-04-20,3,9,16,3,Bat,9,0,0,123,123,Mr. Stephen Kelly Jr.,Juan Curry,Victor Berry,Humid,Dusty,35384
496,2009,2009-05-08,5,7,7,5,Bat,7,0,0,130,130,Maria Harris,Jacob Chapman,Michelle Donovan,Clear,Used,13181
497,2022,2022-05-02,6,3,3,6,Field,3,0,0,181,181,Jason Lopez,Carla Bennett,William Williams,Clear,Fresh,30731
498,2017,2017-04-10,5,1,4,1,Field,5,0,0,125,125,Kyle Duncan,Linda Rodriguez,Brian Hines,Humid,Used,47291
499,2008,2008-05-20,8,4,19,8,Bat,8,57,0,141,84,Angela Johnson,Roberto Wright,Randall Chapman,Humid,Fresh,11031
500,2020,2020-05-31,7,10,8,10,Bat,7,0,0,206,206,Jennifer Stewart,Tracey Lin,Kara Robinson DDS,Clear,Used,60965
501,2012,2012-05-11,10,5,3,10,Bat,5,0,0,178,178,Courtney Richards,Christian Ward,Lisa Tucker,Clear,Dusty,21850
502,2022,2022-04-17,1,6,5,6,Field,6,0,6,252,180,Amy Clay,Stephanie Duarte,Joel Holland,Humid,Fresh,20968
503,2014,2014-05-06,5,6,8,6,Bat,5,0,0,195,195,Robert Miller,Scott Choi,Suzanne Lopez,Rainy,Fresh,24013
504,2009,2009-04-17,8,2,12,8,Field,2,0,0,167,167,Patrick Soto,Caitlyn Wilkins,Nicole Fernandez,Cloudy,Worn,26085
505,2023,2023-04-12,4,6,17,6,Bat,4,0,0,146,146,Pamela Contreras,Devin Russell,Bobby Friedman,Humid,Dusty,59486
506,2012,2012-04-28,1,5,18,5,Field,5,0,3,234,201,Joshua Hunter,Savannah Smith,James Gonzales,Humid,Fresh,13371
507,2018,2018-05-29,5,10,20,10,Field,5,0,0,167,167,Judith Guerrero,Andrew Smith,Scott Knapp,Rainy,Dusty,17803
508,2015,2015-04-11,5,3,16,5,Field,3,0,0,185,185,Andrew Edwards,Jorge Rice,Whitney Kemp,Humid,Fresh,39822
509,2013,2013-04-16,1,6,9,1,Bat,6,0,0,170,170,Madison Alvarez,Cynthia Campos,David Simpson,Humid,Worn,14489
510,2023,2023-04-06,5,10,10,5,Bat,10,0,0,203,203,Leslie Lee,Dennis Benson,Rose Potts,Clear,Dusty,69674
511,2018,2018-05-11,5,1,18,5,Field,5,0,1,126,121,Beth Martin,James Collins,Ryan Nguyen,Cloudy,Fresh,22565
512,2018,2018-04-22,1,3,15,3,Bat,3,41,0,136,95,Randy Smith,Charlene Ramirez,Joseph Curtis,Rainy,Fresh,37757
513,2008,2008-05-04,9,5,1,9,Bat,9,79,0,150,71,Kimberly Herrera,James White,Bruce Whitehead,Cloudy,Worn,33926
514,2015,2015-04-07,3,5,8,3,Field,5,0,0,150,150,Carmen Martin,Emily Johnson,Zachary Yang,Cloudy,Dusty,15449
515,2009,2009-05-30,1,3,9,1,Field,3,0,0,129,129,Stacey Meza,Lauren Roberts,Daniel Bullock,Humid,Worn,17258
516,2019,2019-05-22,9,4,10,4,Bat,9,0,0,205,205,Kathryn Webster,Thomas Mckinney,James Kramer,Cloudy,Worn,34438
517,2017,2017-04-30,2,5,2,2,Field,5,0,0,160,160,Ryan Butler,Dana Boyd,Paul Salinas,Rainy,Worn,12704
518,2010,2010-04-23,4,7,18,7,Bat,4,0,0,204,204,Natasha Fields,Deborah Murphy,Scott Campos,Clear,Worn,12095
519,2018,2018-05-04,6,7,17,6,Bat,7,0,0,135,135,Gregg Terry,Samantha Salinas,Carol Smith,Cloudy,Worn,39013
520,2017,2017-04-23,6,8,5,6,Bat,6,87,0,205,118,Donna Larson,Samuel Jones,Dr. Samuel Smith Jr.,Humid,Used,17068
521,2015,2015-04-10,7,2,20,2,Bat,7,0,0,121,121,Morgan Henderson,Dr. Tonya Richard,Jennifer Moore,Clear,Used,24910
522,2010,2010-04-08,6,10,20,10,Bat,10,98,0,143,45,Christopher Johnson,Christian Wallace,Cindy Santos,Clear,Used,17794
523,2019,2019-05-25,7,6,19,6,Field,6,0,5,221,166,Hannah Salas,Robert Williams,Daniel Brown,Cloudy,Dusty,15327
524,2023,2023-05-11,5,6,14,6,Field,6,0,1,151,142,Alvin Sandoval,Nicole Golden,Dwayne Roberts,Cloudy,Dusty,19422
525,2023,2023-04-09,4,7,11,4,Bat,7,0,0,173,173,Jacqueline Johnson,Daniel Long,Heather Choi,Humid,Worn,37406
526,2018,2018-05-07,5,7,20,5,Bat,7,0,0,147,147,Tabitha Atkinson,Elizabeth Gates,Noah Jackson,Humid,Dusty,15733
527,2017,2017-04-28,5,9,10,5,Field,9,0,0,211,211,Sophia Kirby,Kristin Bennett,Christina Pruitt,Clear,Worn,57038
528,2020,2020-05-24,7,6,15,7,Bat,7,63,0,121,58,Patricia Miller,Ashley Rodriguez,Thomas Garza,Rainy,Fresh,12709
529,2017,2017-04-26,10,1,2,10,Field,10,0,3,153,132,Shannon Khan,Alison Shaw,Mark Gonzalez,Humid,Fresh,11141
530,2012,2012-05-16,6,1,12,6,Field,1,0,0,154,154,Ashley Bender,Barbara Wagner,Aaron Vasquez,Clear,Dusty,30224
531,2013,2013-04-25,8,6,2,6,Field,8,0,0,127,127,Robert Snyder,Thomas Bell,Danielle Wilkins,Humid,Fresh,28591
532,2015,2015-04-28,2,7,9,7,Bat,7,89,0,201,112,Amy Peters,Hailey Rodriguez,Kevin Gomez,Cloudy,Fresh,27434
533,2009,2009-05-12,4,7,15,4,Field,7,0,0,215,215,Nicole Valenzuela,Chelsea Thomas,Adam Sullivan,Cloudy,Dusty,25325
534,2014,2014-05-20,8,9,14,8,Field,9,0,0,215,215,Frank Carroll,Tara Moore,Russell Edwards,Humid,Used,18675
535,2020,2020-04-03,6,3,15,6,Field,3,0,0,168,168,William Stevens,Cindy Garcia,Carol Nelson,Cloudy,Dusty,22158
536,2018,2018-05-31,10,7,14,10,Field,10,0,3,220,202,Travis Best,Robert Gibson,Joy Sanchez,Cloudy,Fresh,41965
537,2020,2020-05-03,3,9,16,3,Field,3,0,2,136,126,Michael Gonzalez,Casey Jackson,Dawn Martinez,Cloudy,Fresh,27733
538,2014,2014-05-21,8,1,7,1,Bat,1,39,0,157,118,Kevin Hill,Kimberly Crawford,David Patton,Clear,Used,17244
539,2010,2010-04-05,2,9,20,2,Field,9,0,0,140,140,Mark Alexander,Clayton Johns,Joseph Cannon,Cloudy,Worn,22213
540,2019,2019-05-09,1,3,8,1,Field,1,0,2,189,171,Bradley Harvey,Jennifer Mclaughlin,Melissa Elliott,Rainy,Worn,22155
541,2021,2021-05-10,5,4,9,4,Bat,5,0,0,121,121,Jacqueline Winters,Christian Mack,Brittany Mullins,Rainy,Dusty,23062
542,2012,2012-04-10,6,3,14,3,Field,3,0,6,200,146,Fernando Poole,Robert Fuentes,Victor Mclaughlin,Rainy,Dusty,14037
543,2013,2013-04-19,10,2,16,10,Field,10,0,6,228,162,Mrs. Amanda Flores,Charles Patterson MD,Roberto Gentry,Humid,Used,17811
544,2023,2023-05-24,8,9,9,9,Field,9,0,9,220,121,Michelle Fleming,Sonya Klein,Angela Rivera,Cloudy,Dusty,12786
545,2015,2015-05-29,2,4,6,2,Bat,4,0,0,144,144,Nicholas Thomas,Nicholas Clark,Jacob Lynn,Humid,Dusty,26416
546,2015,2015-05-12,9,2,18,2,Field,2,0,5,247,197,Julie Cook,John Wright,Daniel Ross,Cloudy,Worn,16864
547,2015,2015-05-28,2,10,11,10,Bat,10,3,0,162,159,Randy Miller,Jennifer Houston,Mikayla Mendoza,Rainy,Used,39769
548,2010,2010-05-13,8,7,2,8,Field,8,0,2,192,180,Christy Anderson,Melissa Murray,Hannah Trujillo,Rainy,Fresh,27325
549,2017,2017-04-18,5,1,17,1,Bat,5,0,0,128,128,Crystal Jensen,William Jones,Charles Garcia,Rainy,Dusty,53715
550,2023,2023-05-23,5,9,2,9,Bat,9,3,0,149,146,Timothy Nguyen,Jeffrey Evans,Susan Cruz,Humid,Worn,11419
551,2022,2022-05-23,7,10,6,10,Field,10,0,4,227,203,Lisa Reyes,Kevin Ortiz,Sarah Jones,Rainy,Used,41962
552,2011,2011-04-06,10,4,4,4,Bat,10,0,0,137,137,Leslie Johnson,Andrew Davis,Chelsea Morris,Humid,Worn,65155
553,2019,2019-04-27,4,6,20,4,Bat,4,67,0,126,59,Patricia Dixon,Stephanie Stuart,Roy Phillips,Clear,Used,13475
554,2011,2011-05-31,1,6,15,6,Field,6,0,5,234,199,Clinton Gill,Michelle Jones,Melissa Harris,Humid,Worn,34744
555,2011,2011-04-03,3,7,6,7,Field,3,0,0,167,167,Lisa Brown,Alan Jenkins,Maria Williamson,Humid,Used,22598
556,2011,2011-05-05,4,5,19,5,Bat,5,74,0,155,81,Cameron Hill,Kristen Winters,Samantha Strickland,Cloudy,Worn,15391
557,2021,2021-05-03,9,4,6,9,Field,4,0,0,153,153,Crystal Martinez,Kenneth Davis,Carla Murphy,Cloudy,Fresh,65084
558,2011,2011-05-30,10,3,3,3,Field,10,0,0,124,124,Jon Hunter,John Cruz,Kathleen Mills,Humid,Used,20640
559,2021,2021-05-26,4,6,8,4,Bat,6,0,0,138,138,Mr. Nicholas Jefferson PhD,Gabrielle Phelps,Amy Stone,Rainy,Fresh,64625
560,2009,2009-04-27,1,8,18,1,Field,1,0,9,215,125,Alicia Santana,Connor Doyle,Kristin Rodriguez,Rainy,Used,17361
561,2016,2016-05-23,4,6,20,6,Field,4,0,0,169,169,Phillip Alvarado,Angela Simmons,Jeffrey Allen,Humid,Used,20903
562,2019,2019-04-09,3,1,10,3,Field,3,0,6,181,139,Steven Bishop,Cassandra Arias,Meredith Young,Cloudy,Dusty,48332
563,2015,2015-04-10,10,3,15,10,Field,3,0,0,151,151,David Wilcox,Joshua Phillips,Ronald Mendez,Humid,Dusty,33082
564,2020,2020-04-16,6,5,10,6,Field,5,0,0,203,203,Joan Brock,Sara Weiss,Olivia Holland,Cloudy,Dusty,65011
565,2019,2019-05-24,6,8,11,6,Field,8,0,0,152,152,Taylor Buckley,David Clark MD,Scott Taylor,Rainy,Fresh,46161
566,2023,2023-05-10,7,1,13,7,Field,7,0,2,196,172,Taylor Martinez,Bridget Fox,Bonnie Alvarado,Rainy,Used,63050
567,2021,2021-04-28,2,5,16,5,Field,2,0,0,158,158,Rachel Fisher,Jason Matthews,Brianna Davis,Rainy,Used,11947
568,2020,2020-05-26,2,9,18,2,Bat,2,99,0,163,64,Emily Yang,Julia Brooks,Shannon Sims,Clear,Dusty,18590
569,2011,2011-04-02,4,8,4,4,Bat,8,0,0,139,139,Sean Duran MD,Michael Mills,Gregory Mejia,Humid,Worn,37846
570,2012,2012-05-18,1,8,11,8,Field,8,0,1,153,146,Kenneth Harrell,Kimberly Gray,Christopher Mack,Clear,Fresh,24251
571,2016,2016-04-23,3,2,18,3,Bat,2,0,0,217,217,Tiffany Thomas,Brenda Beck,David Collins,Humid,Worn,14091
572,2022,2022-05-24,2,9,3,2,Field,2,0,5,180,130,Hailey Phillips,Jason Williams,Jeremy Vasquez,Humid,Fresh,15586
573,2012,2012-05-06,5,4,4,4,Field,5,0,0,143,143,Ashley Shah,Glenn Nguyen,Heather Sanchez,Rainy,Used,55891
574,2008,2008-05-10,1,9,19,1,Field,1,0,2,139,127,Dr. Bryan Davidson,Troy Terry,Jasmine Fritz,Cloudy,Worn,20847
575,2018,2018-04-03,10,4,18,4,Bat,10,0,0,194,194,Jennifer Camacho,Jeffrey Hawkins,Mr. Taylor Sanchez,Clear,Fresh,23755
576,2014,2014-05-14,3,1,14,3,Bat,1,0,0,196,196,Breanna Everett,Sean Cook,Thomas Flowers,Cloudy,Fresh,37905
577,2023,2023-05-15,5,7,2,7,Field,5,0,0,164,164,Clifford Burnett,Judy Hill,Ann Flynn,Clear,Fresh,44429
578,2019,2019-05-20,6,1,4,6,Bat,6,38,0,136,98,Alexis Wise,Paul Watson,Guy Newman,Rainy,Dusty,37852
579,2011,2011-04-15,2,10,1,10,Bat,2,0,0,193,193,Jason Gonzalez,Felicia Shah,Jonathan Jackson,Cloudy,Dusty,39740
580,2023,2023-05-02,9,2,18,2,Field,2,0,9,242,170,Brittany May,Crystal Prince,Lori Woodard,Clear,Dusty,18384
581,2023,2023-04-20,5,3,10,5,Bat,5,5,0,167,162,Sharon Kirk,James Dawson,Michael Hanna,Cloudy,Fresh,52447
582,2021,2021-04-24,6,3,10,3,Bat,6,0,0,180,180,Douglas Barton,Brian Wilkerson,Miss Mary Morales,Clear,Used,68440
583,2012,2012-05-26,1,4,20,1,Field,4,0,0,174,174,Ashley Carroll,Jason Sullivan,Roberto Rivers,Cloudy,Dusty,23990
584,2015,2015-04-23,5,4,13,4,Bat,5,0,0,131,131,Heidi Garcia,Jose Stewart,Richard Patterson,Clear,Worn,72245
585,2011,2011-04-12,1,4,2,4,Field,4,0,6,252,210,Frank Webb,Robert Williams,Casey Morgan,Rainy,Fresh,18192
586,2020,2020-04-20,7,9,10,9,Bat,9,28,0,133,105,Helen Sanchez,Mary Decker,Keith Fischer,Rainy,Dusty,32272
587,2020,2020-05-12,7,8,5,7,Bat,7,82,0,159,77,Raymond Daniels,Jonathan Cole,Kayla Stanley,Clear,Worn,24380
588,2015,2015-05-20,9,10,5,9,Bat,10,0,0,169,169,Rachel Schmitt,Mark Kelly,Jeremy Brown,Humid,Fresh,18435
589,2020,2020-04-13,7,10,20,7,Bat,10,0,0,153,153,Michael Griffin,Susan Johnson,Lori Williams,Humid,Worn,22380
590,2019,2019-05-21,1,2,10,2,Field,2,0,5,210,180,Makayla Fox,Megan Hernandez,Patricia Pineda,Cloudy,Used,19730
591,2014,2014-05-12,7,9,12,9,Bat,7,0,0,178,178,Charles Thompson,Whitney Morrison,Frederick Miller,Clear,Used,28197
592,2019,2019-04-12,8,10,9,10,Bat,8,0,0,202,202,Todd Chambers,Michael Miller,Paul Mcmahon,Humid,Worn,14310
593,2010,2010-04-30,10,4,19,10,Bat,10,2,0,134,132,Douglas Gill,Chad Rivas,Lisa Spears,Humid,Dusty,17014
594,2019,2019-05-17,6,8,11,6,Bat,6,98,0,190,92,Kelli Williams,Susan Palmer,Larry Cabrera,Humid,Used,22927
595,2011,2011-04-05,7,1,18,1,Field,1,0,2,157,133,Lindsey Moran,William Keith,David Flores,Cloudy,Used,10940
596,2021,2021-04-12,1,5,8,5,Field,1,0,0,138,138,Kelly Malone,Susan Davis,Charles Campbell,Rainy,Worn,23512
597,2010,2010-04-21,5,10,5,10,Field,10,0,6,175,139,Maria Johnson,Tara Nelson,Angel Drake,Cloudy,Used,15521
598,2010,2010-05-04,5,3,15,5,Bat,5,28,0,169,141,Tracy Reed,Jessica Hinton,Rebecca Smith,Humid,Used,25642
599,2012,2012-05-05,10,6,1,6,Field,6,0,8,212,172,Julie Suarez,Teresa Harrison,Leslie Nunez,Rainy,Fresh,19124
600,2019,2019-05-26,3,4,20,3,Bat,3,88,0,137,49,Elizabeth Ramirez,John Whitehead,Melvin Moreno,Humid,Used,21181
601,2011,2011-05-03,1,7,15,1,Field,1,0,3,154,139,Stephen Mills,Kathryn Larsen,Angel Carney,Cloudy,Dusty,19356
602,2018,2018-05-04,1,9,19,9,Bat,1,0,0,166,166,Renee Odonnell,Michael Kaufman,Wayne Booker,Rainy,Worn,20091
603,2012,2012-04-30,7,4,9,7,Field,7,0,3,162,135,Cassandra Curry,Bradley Harris,Theresa Coleman,Clear,Used,10445
604,2017,2017-05-08,3,10,19,10,Field,3,0,0,146,146,Katrina Hunter,Peter Kirby,Jeffrey Flores,Clear,Fresh,13297
605,2017,2017-05-15,8,10,4,8,Bat,10,0,0,184,184,Kathryn Bennett,Anna David,Linda Price,Cloudy,Used,47632
606,2019,2019-05-23,4,3,3,4,Bat,4,51,0,156,105,Andres Hernandez,Terry Atkinson PhD,Kimberly Rice,Humid,Worn,20426
607,2013,2013-05-11,6,9,10,6,Field,9,0,0,213,213,Barbara Vasquez,Kenneth Thompson,Jeremy Lynn,Cloudy,Fresh,59272
608,2020,2020-04-05,8,3,1,3,Field,8,0,0,150,150,Christopher Rivera,James Waters,Joseph Lara,Cloudy,Dusty,40164
609,2023,2023-04-20,9,5,4,9,Bat,5,0,0,140,140,Megan Martinez,Martin Hernandez,Elizabeth Gibson,Rainy,Worn,64680
610,2023,2023-05-05,9,5,19,5,Field,9,0,0,209,209,Stephen Brown,Alexander Anthony,Laura Werner,Cloudy,Used,12552
611,2017,2017-04-01,4,3,7,3,Field,3,0,3,253,220,Casey Graham,Justin Patterson,Dustin Martinez,Cloudy,Used,20873
612,2019,2019-04-29,10,2,19,10,Bat,2,0,0,151,151,William Barnett,Kristen Perkins,Jessica Brown,Humid,Fresh,19922
613,2020,2020-05-26,6,5,17,5,Field,5,0,6,184,124,Lori Diaz DVM,Jacob Washington,Linda Anderson,Rainy,Worn,30418
614,2018,2018-04-14,6,8,4,6,Bat,8,0,0,120,120,Gabriela Carey,Jamie Cook,Jason Wolfe,Clear,Fresh,40633
615,2020,2020-04-18,2,9,7,2,Bat,9,0,0,198,198,Christopher Fuentes,Jennifer Brown,David Watkins,Rainy,Dusty,10820
616,2016,2016-05-02,3,6,15,6,Bat,6,4,0,192,188,Nicole Coleman,Lisa White,Stacey Smith,Rainy,Fresh,36321
617,2019,2019-04-13,2,6,10,2,Field,6,0,0,154,154,Jeffrey Washington,Gregory Wilkinson,William Johnson,Humid,Used,15803
618,2020,2020-04-11,9,2,13,9,Bat,2,0,0,127,127,Margaret Simmons,Emily Perry,Allen Rose,Rainy,Worn,44040
619,2016,2016-04-23,3,8,2,8,Field,3,0,0,195,195,Lisa Lewis,Connie Schroeder,John Scott,Cloudy,Used,20409
620,2020,2020-05-11,10,3,6,10,Field,10,0,9,281,209,Linda Smith,Debra Richards,Ronald Faulkner,Cloudy,Fresh,40513
621,2016,2016-05-06,9,8,4,9,Bat,9,20,0,162,142,Shawn Davis,Carolyn Gutierrez,Bruce Jackson,Clear,Dusty,54582
622,2021,2021-05-03,10,2,11,10,Bat,10,60,0,200,140,James Lynn,Richard Wall,Chris Wright,Cloudy,Worn,40602
623,2019,2019-05-29,1,4,10,4,Bat,4,82,0,147,65,Martin Ruiz,Joshua Hood,Cassandra Cunningham,Cloudy,Fresh,69516
624,2023,2023-05-27,3,10,17,3,Bat,3,97,0,145,48,Scott Cook,Stephanie Moore,Rachel Walton,Humid,Worn,51913
625,2013,2013-04-28,7,6,19,6,Field,6,0,4,159,131,Jeremy Jones,Stephen Stewart,Eric Mckenzie,Rainy,Fresh,12848
626,2016,2016-04-25,4,3,20,4,Field,4,0,8,228,140,Karen Anderson,Mariah Brock,Johnny Watts,Rainy,Worn,14659
627,2023,2023-04-22,7,4,16,7,Bat,4,0,0,176,176,Kimberly Jacobs,Jeffrey Lee,Erica Morris,Cloudy,Used,36233
628,2016,2016-05-10,10,4,12,10,Field,10,0,4,157,121,Danny Bishop,Sally Cook,Barbara Miller,Humid,Worn,39325
629,2014,2014-05-22,7,10,2,10,Bat,10,67,0,145,78,Tracy Payne,Nancy Lynch,Peter Richardson,Cloudy,Dusty,38448
630,2023,2023-04-22,5,4,10,4,Field,5,0,0,126,126,Martha Riley,Kyle Wheeler,Patricia Estes,Rainy,Fresh,61129
631,2022,2022-04-19,4,6,17,6,Field,4,0,0,172,172,Wesley Payne,Kaylee Mejia,Richard Miller,Humid,Used,25879
632,2011,2011-05-28,8,9,17,8,Field,8,0,9,237,174,Kenneth Miller,Gregory Miller,Daniel Cortez,Clear,Used,11606
633,2023,2023-04-30,1,5,9,5,Bat,1,0,0,213,213,Elizabeth Smith,James Koch,Charles Johnson,Clear,Used,21111
634,2010,2010-05-20,8,3,16,8,Bat,3,0,0,214,214,Scott Hill,Matthew Marsh,Michael Jensen,Humid,Dusty,11289
635,2017,2017-04-24,1,3,16,3,Bat,3,80,0,157,77,Daniel Brown,Yolanda Gonzalez,Julie Conley,Cloudy,Worn,30212
636,2019,2019-04-22,6,2,11,2,Field,2,0,7,252,203,Dean Duncan,Brenda Scott,Earl Davis,Cloudy,Fresh,24317
637,2023,2023-04-01,8,1,6,8,Bat,8,52,0,125,73,Michael Mendoza,Kendra Hernandez,Tamara Murray,Humid,Dusty,59604
638,2014,2014-05-16,9,7,18,7,Bat,7,78,0,200,122,Timothy Cummings,Jessica Riley,Jeremy Cowan,Cloudy,Worn,15806
639,2021,2021-04-06,8,3,3,8,Bat,8,55,0,217,162,Stephen Robinson,Donald Reyes,Jessica Moon,Cloudy,Used,32158
640,2014,2014-05-11,1,10,4,10,Field,1,0,0,130,130,Kelly Fitzgerald,Taylor Ferguson,Aaron Bailey,Clear,Dusty,61689
641,2017,2017-04-30,4,9,3,9,Field,9,0,5,215,185,Greg Howard,Debra Smith,Adam Santiago,Rainy,Dusty,11443
642,2009,2009-05-18,6,4,1,4,Field,6,0,0,146,146,Heather Malone,Barbara Fuller,Jane Davis,Humid,Dusty,20584
643,2012,2012-04-20,4,6,13,4,Field,6,0,0,139,139,Melissa Sanders,Alexis White,Timothy Smith,Clear,Used,56645
644,2021,2021-04-20,10,5,10,10,Bat,10,55,0,215,160,Justin Reeves,Alexandra Ramirez,Tyler Wright,Rainy,Dusty,60146
645,2011,2011-05-13,3,1,15,3,Field,3,0,4,159,139,Chelsea Robertson,Charles Hunt,Steven Lyons,Humid,Dusty,19637
646,2013,2013-04-15,6,4,17,4,Field,6,0,0,212,212,Eddie Gregory,Tamara Grimes,Tonya Fuentes,Cloudy,Dusty,40320
647,2008,2008-05-13,6,4,16,4,Bat,4,40,0,130,90,Lisa Dean,William Peters,Cheryl White,Cloudy,Dusty,34281
648,2018,2018-05-31,6,1,10,6,Bat,1,0,0,153,153,Sandra Nelson,Scott Alvarado,Stacey Anderson,Rainy,Used,16047
649,2013,2013-04-11,9,5,10,9,Field,5,0,0,180,180,Isabella Peterson,Todd Day,Jacob Strong,Clear,Fresh,75446
650,2014,2014-04-24,5,2,11,2,Field,5,0,0,133,133,Steven Gill,David Smith,Ashley Johnson,Humid,Fresh,33052
651,2021,2021-04-08,2,4,17,2,Field,2,0,1,139,133,Catherine Cole,Karen Bailey,Patricia Porter,Clear,Fresh,15933
652,2012,2012-04-16,5,2,8,5,Field,2,0,0,153,153,Melissa Adams,Barbara Mata,William Calhoun,Cloudy,Fresh,20631
653,2013,2013-05-20,10,1,6,10,Bat,10,72,0,194,122,Aimee Bradley,Stephen Harris,Melissa Smith,Clear,Dusty,34769
654,2010,2010-04-04,9,5,2,5,Field,5,0,5,274,214,Shelby Evans,Scott Potts,Casey Rodriguez,Humid,Worn,20299
655,2008,2008-04-02,5,10,6,5,Bat,5,23,0,194,171,Mitchell Hawkins,Miranda Perez,Amanda Hale,Cloudy,Fresh,72629
656,2017,2017-05-18,8,10,3,10,Bat,8,0,0,217,217,Emma Strong,Curtis Smith,David Sanders,Rainy,Used,13830
657,2016,2016-05-12,6,4,9,4,Bat,6,0,0,219,219,Kevin Baker,Monica Hodges,Corey Mejia,Clear,Fresh,18323
658,2008,2008-04-28,8,1,15,8,Bat,8,57,0,165,108,Juan Preston,Allen Dean,Billy Sanchez,Rainy,Dusty,14107
659,2016,2016-05-07,5,4,20,4,Field,4,0,8,271,199,Christine Heath,Amy Blake,Christine Miller,Cloudy,Dusty,23620
660,2013,2013-04-25,7,2,19,7,Field,7,0,6,176,134,Jeffery Obrien,Christine Miller,Shawn Smith,Rainy,Dusty,16979
661,2015,2015-04-22,7,6,2,7,Field,7,0,1,162,153,Timothy Lopez,Leslie Gaines,Erik Rios,Cloudy,Used,44447
662,2009,2009-04-11,6,8,4,6,Bat,6,64,0,153,89,Lacey Brown,Amanda Stuart,Fernando Griffith,Humid,Worn,15741
663,2012,2012-04-13,7,4,20,4,Bat,4,95,0,148,53,Matthew Sanchez,Erik Gates,Natalie Li,Humid,Fresh,21720
664,2010,2010-05-04,6,8,3,6,Field,8,0,0,203,203,Judith Johnson,Andrea Tran,Jennifer Martin,Cloudy,Used,25426
665,2019,2019-05-02,9,10,20,9,Bat,9,86,0,183,97,Rodney Cohen,Erin Snyder,Madison Gonzales,Rainy,Used,24592
666,2014,2014-04-17,4,6,10,4,Bat,6,0,0,205,205,Lindsay Trujillo,Joshua Carpenter,Kimberly Meyer,Rainy,Dusty,34495
667,2023,2023-05-29,4,9,2,9,Field,4,0,0,202,202,Jennifer Jones,Javier Boyer,Tiffany Clements,Clear,Fresh,25518
668,2021,2021-05-12,3,6,20,3,Bat,6,0,0,154,154,Travis Vega,Kimberly Lee,David Sampson,Cloudy,Fresh,23367
669,2018,2018-05-20,2,7,2,2,Field,2,0,9,274,166,Anthony Hernandez,Jessica Perry,Shane Reilly,Clear,Dusty,17291
670,2010,2010-04-23,3,2,7,3,Field,3,0,8,219,155,Candace Lloyd,Joseph Hudson,William Willis,Cloudy,Worn,20413
671,2019,2019-05-21,8,7,13,8,Bat,8,74,0,184,110,John Scott,Karen Gonzalez,Dominique Oconnell,Humid,Used,10137
672,2018,2018-04-15,2,4,13,4,Field,2,0,0,158,158,Kendra Garner,Mr. Miguel Henderson,Ashley Lane,Humid,Fresh,15256
673,2017,2017-05-03,6,4,18,6,Bat,4,0,0,144,144,Donald Romero,Thomas Estrada,Maria Taylor,Rainy,Dusty,22061
674,2014,2014-05-06,4,8,11,8,Bat,8,79,0,135,56,Julie Collins,Geoffrey Miller,Stephanie Reed,Rainy,Dusty,19466
675,2013,2013-04-09,6,2,1,2,Field,6,0,0,176,176,Melissa Cardenas,Joseph Ross,Jennifer Butler MD,Rainy,Worn,23493
676,2019,2019-04-23,7,6,15,6,Bat,6,21,0,174,153,Courtney Roberts,Eric Rodriguez,Kristen Wilson,Cloudy,Used,10628
677,2022,2022-05-14,5,6,3,6,Bat,6,46,0,162,116,Patricia Bell,Randy Buckley,Vickie Anderson,Cloudy,Fresh,28602
678,2019,2019-05-11,4,1,6,1,Bat,4,0,0,126,126,Travis Melendez,John Kelly,Haley Barker,Rainy,Used,14064
679,2018,2018-04-19,1,7,11,7,Bat,7,49,0,191,142,Patrick Jensen,John Smith,Jacob Yates,Clear,Fresh,10711
680,2019,2019-04-13,10,7,4,10,Field,7,0,0,144,144,Jennifer Briggs,Mark Gomez,Debra Prince MD,Humid,Used,42761
681,2013,2013-04-25,9,2,2,2,Field,9,0,0,122,122,Adam Schneider,William Matthews,Michael Green,Humid,Dusty,34614
682,2013,2013-05-16,9,10,3,10,Field,10,0,1,173,165,Sarah Robinson,Toni Potts,Brandi Dominguez,Humid,Fresh,26025
683,2016,2016-04-19,5,10,9,5,Field,5,0,8,201,121,Ms. Shannon Webb,Troy Rice,Brandy Oconnor,Rainy,Worn,33694
684,2023,2023-05-13,3,7,5,7,Field,7,0,5,224,169,Cynthia Alexander,John Contreras,Timothy Anderson,Clear,Used,16023
685,2017,2017-04-20,2,1,14,1,Field,2,0,0,140,140,Jillian Clark,April Shah,Crystal Castillo MD,Rainy,Worn,20893
686,2015,2015-04-29,3,6,15,3,Bat,6,0,0,183,183,Willie Stevenson,Michael Martin,Emily Blake,Humid,Worn,25539
687,2015,2015-05-19,10,3,5,10,Bat,3,0,0,140,140,Beverly Olson,Christine Green,Paul Phillips,Rainy,Fresh,20044
688,2023,2023-05-06,7,5,3,7,Bat,5,0,0,157,157,Barbara Wilkinson,Gary Pena,Penny Green,Humid,Worn,25508
689,2019,2019-04-04,3,2,14,2,Field,2,0,1,161,156,Shelia Evans,Steve Velez,Rachel Peterson,Cloudy,Dusty,21952
690,2011,2011-04-07,7,3,3,3,Field,7,0,0,141,141,Caleb Johnson,Blake Hodges,Dawn Campbell,Humid,Fresh,35457
691,2012,2012-04-21,3,9,7,9,Bat,9,85,0,185,100,Cole Austin,Shawn Lewis,Jessica Weaver,Humid,Dusty,14037
692,2023,2023-05-26,7,10,15,10,Bat,7,0,0,189,189,Randy Castillo,Catherine Bryan,Benjamin Webster,Humid,Worn,28182
693,2013,2013-05-17,4,9,8,4,Field,4,0,9,219,174,Jessica Bond,Hannah Austin,Kristin Robertson,Humid,Used,27370
694,2016,2016-05-04,7,10,11,10,Field,10,0,3,203,179,Derrick Miller,Andrea Herrera,Ashley Morales,Cloudy,Fresh,45411
695,2014,2014-05-13,5,2,20,5,Field,2,0,0,121,121,Roy Shaw,Adam Beltran,Stephanie Meyer,Rainy,Used,22474
696,2023,2023-05-10,2,3,3,3,Bat,3,97,0,180,83,Deborah Thomas,Chris Bauer,Kelly Hernandez,Clear,Dusty,13366
697,2021,2021-04-28,9,2,19,2,Bat,2,59,0,161,102,Mark Blair,Troy Bush,Christopher Smith,Cloudy,Dusty,10023
698,2011,2011-05-16,3,6,4,6,Bat,6,54,0,137,83,Michael Gallegos,Jeffrey Decker,Michael Davis,Humid,Dusty,54989
699,2020,2020-05-30,8,7,1,7,Bat,8,0,0,166,166,Chad May,Susan Burton,Matthew Acevedo,Clear,Worn,51192
700,2012,2012-05-18,1,6,17,1,Field,6,0,0,122,122,Lisa Cohen,Riley Cantrell,Morgan Martinez,Clear,Worn,54140
701,2012,2012-04-03,9,5,16,5,Bat,5,36,0,172,136,Kari Henderson,Paul Richardson,Tara Cooper,Rainy,Worn,28745
702,2011,2011-05-12,4,10,5,10,Bat,4,0,0,148,148,Michael Garcia,Angela Rice,Brian Morris,Humid,Worn,10563
703,2018,2018-04-29,9,2,12,2,Field,9,0,0,210,210,Lisa Whitney,Harry Delacruz,Jeanne Hall,Cloudy,Worn,33636
704,2019,2019-05-19,5,1,12,5,Bat,5,13,0,217,204,Edward Howard,Lori Williams,David Rodriguez,Clear,Dusty,27497
705,2012,2012-05-04,5,9,14,5,Bat,5,43,0,132,89,Samuel Paul,Cody Frost,Sarah Hernandez,Humid,Used,37916
706,2017,2017-05-13,5,8,8,5,Bat,8,0,0,149,149,Elizabeth Reynolds,Ashley Rogers,Paul Manning,Clear,Fresh,23403
707,2016,2016-04-01,5,9,17,5,Bat,5,37,0,153,116,Catherine Flores,Hannah Miller,Erin Ruiz,Clear,Fresh,41742
708,2019,2019-05-17,10,8,8,10,Field,10,0,9,257,167,Nicole Mercado,Samantha Rodriguez,Alexander Garcia,Humid,Dusty,40148
709,2021,2021-04-26,10,9,17,10,Bat,10,27,0,218,191,Juan Jones,April Brown,Micheal Baldwin,Humid,Worn,10746
710,2023,2023-05-31,5,9,12,9,Field,5,0,0,194,194,Ronald Gomez,Peter Haney,Megan Santos,Rainy,Fresh,13379
711,2019,2019-04-03,2,7,5,2,Bat,7,0,0,176,176,Elizabeth Lewis,Joseph Edwards,Mrs. Lauren Gonzalez,Cloudy,Fresh,24117
712,2020,2020-04-16,8,7,20,7,Bat,7,18,0,217,199,Michael Washington,Adam Mitchell,Alexandra Perry,Cloudy,Worn,19188
713,2009,2009-05-28,2,10,1,10,Field,2,0,0,155,155,Laura Nolan,Allison Roman,William Richardson,Rainy,Worn,44212
714,2016,2016-05-05,6,10,19,10,Field,10,0,6,214,148,Jeff Pearson,Michael Morrison,Derrick Huff,Cloudy,Dusty,17620
715,2016,2016-05-21,7,2,7,7,Bat,2,0,0,198,198,Timothy Price,Frances Gill,Patrick Guzman,Cloudy,Worn,21129
716,2018,2018-04-17,10,8,13,8,Bat,10,0,0,123,123,Carmen Richards,Lisa Jackson,Dr. Holly Middleton,Rainy,Fresh,42601
717,2020,2020-05-02,10,6,12,10,Field,10,0,9,226,154,Jacob Richardson,Carlos Porter,Jessica Carpenter,Cloudy,Dusty,24917
718,2023,2023-04-27,1,9,16,1,Field,1,0,9,197,152,Latasha Rodriguez,Ryan Bell,Haley Carroll,Humid,Worn,16699
719,2016,2016-05-13,7,1,11,7,Field,7,0,1,193,185,Amanda Carter,Renee Swanson,Jason Evans,Clear,Worn,18107
720,2023,2023-05-10,4,9,11,4,Bat,9,0,0,129,129,Brandon Reed,Stephanie Watkins,Kimberly Calhoun,Humid,Used,41591
721,2014,2014-04-24,7,1,13,7,Bat,1,0,0,184,184,Carrie Smith,Cindy Williams,Pamela Anderson,Cloudy,Dusty,14404
722,2009,2009-04-02,8,1,11,8,Bat,8,78,0,170,92,Deanna Walker,Cody Stewart,Michael Liu,Humid,Dusty,45112
723,2021,2021-05-02,8,4,13,8,Bat,4,0,0,200,200,Amber Young,Mark Skinner,Lisa Novak,Humid,Worn,12130
724,2020,2020-05-19,4,1,12,4,Bat,4,26,0,201,175,Stephanie Long,Thomas Kent,Jose Evans DDS,Cloudy,Fresh,20346
725,2023,2023-05-27,6,9,3,6,Bat,9,0,0,165,165,Donald Alexander,Edward Smith,Alexander Robinson,Cloudy,Fresh,28844
726,2010,2010-04-06,3,5,6,3,Bat,5,0,0,173,173,Parker Williams,Brenda King,Kathy Rivers,Cloudy,Worn,25181
727,2022,2022-05-05,3,4,4,4,Field,3,0,0,124,124,Caitlin Jones,Breanna Morris,Shawn Jackson,Clear,Worn,67749
728,2023,2023-04-29,8,9,12,8,Field,9,0,0,160,160,Aaron Gross,Jeffrey Morris,Madison Garcia,Humid,Fresh,11002
729,2013,2013-05-07,5,6,17,6,Bat,6,21,0,126,105,Steven Gray,Marco Johnson,Christina Warner,Humid,Fresh,15638
730,2017,2017-05-25,6,7,7,6,Field,7,0,0,170,170,Nathan Lewis,Brian Gutierrez,Barry Grimes,Humid,Dusty,18271
731,2015,2015-04-13,4,10,4,4,Field,10,0,0,169,169,Lauren Thomas MD,Cynthia Richardson,Andrew Herrera,Rainy,Used,55430
732,2013,2013-04-28,9,3,10,9,Bat,3,0,0,158,158,Scott Herrera,Beverly Hughes,Jennifer Sampson,Rainy,Worn,18515
733,2015,2015-04-29,9,8,14,9,Field,8,0,0,165,165,Matthew Andrews,Brittany Roberts,Derek Rose,Rainy,Worn,13112
734,2012,2012-05-16,6,9,8,9,Field,9,0,9,224,143,Diana Davis,Joseph Boyd,Terri Burns,Humid,Dusty,13459
735,2008,2008-04-28,1,10,19,10,Bat,1,0,0,212,212,Michael Nelson,Charles Williams,Amanda Campbell,Rainy,Fresh,13651
736,2021,2021-04-13,8,7,1,8,Bat,8,14,0,212,198,Amanda King,Gregory Murphy,Andrew Hill,Humid,Fresh,24752
737,2023,2023-04-14,2,10,2,10,Field,2,0,0,147,147,Meghan Martin,John Hanson,Dr. Matthew Welch III,Rainy,Dusty,11183
738,2015,2015-04-30,6,9,6,6,Field,9,0,0,160,160,Christopher Mosley,Jessica Long,Ashley Webster,Clear,Dusty,46472
739,2020,2020-04-02,1,2,18,1,Field,2,0,0,219,219,Jesus Bryant,Rebecca Nicholson,Jessica Richardson,Rainy,Used,16554
740,2012,2012-04-10,10,7,11,7,Bat,7,53,0,201,148,Paula Johnson,Johnny Oneal,Jessica Roberson,Rainy,Worn,22873
741,2019,2019-04-16,7,6,14,7,Field,6,0,0,135,135,Barbara Wilson,Mrs. Ruth Chan,Alexander Sawyer,Clear,Fresh,45349
742,2014,2014-04-21,8,6,17,8,Field,6,0,0,212,212,Angela Myers,Mitchell Daniels,David Kirby,Humid,Worn,46128
743,2012,2012-04-30,4,9,20,4,Bat,9,0,0,122,122,Monica Harrison,Susan Wolfe,Brenda Lewis,Humid,Fresh,10200
744,2013,2013-04-02,4,1,16,1,Field,4,0,0,125,125,Heather Rose,Michelle Andrews,Allison Wilson,Rainy,Used,20582
745,2017,2017-04-20,9,3,8,9,Bat,9,32,0,215,183,Ian Moore,William Ritter,Isaac Beck,Cloudy,Worn,54428
746,2015,2015-04-04,1,10,13,1,Field,1,0,4,230,190,Marie Long,James Lewis,Patrick Fischer,Clear,Fresh,24149
747,2014,2014-05-21,2,5,20,2,Field,2,0,5,176,146,Darrell King,Nicole Munoz,Kristy Davidson,Humid,Dusty,13181
748,2016,2016-05-18,6,1,18,6,Bat,1,0,0,183,183,Patricia Gibson,Bonnie Christensen,Kelly Cooper,Clear,Fresh,10196
749,2022,2022-05-27,4,9,15,9,Field,9,0,2,230,210,Angela Peters,Eric Cannon,Ashley Huang,Humid,Worn,19721
750,2015,2015-05-25,8,2,13,2,Field,2,0,7,169,134,Danielle Byrd,Jason Garcia,Renee Ramirez DDS,Rainy,Dusty,60424
751,2011,2011-05-02,7,2,15,7,Bat,7,3,0,129,126,Patrick Peterson,Lisa Norris,Crystal Nguyen,Clear,Fresh,30657
752,2021,2021-05-21,10,5,5,5,Field,5,0,9,240,195,Timothy Perry,Christopher Walters,Erika Donovan,Cloudy,Worn,17031
753,2013,2013-05-16,2,1,2,1,Bat,2,0,0,168,168,Victor Freeman,Elizabeth Rodgers,Amy Michael,Clear,Worn,33810
754,2011,2011-04-17,7,6,3,6,Bat,6,44,0,202,158,George Williams,Dakota Bailey,Michael Robinson,Rainy,Dusty,15143
755,2017,2017-05-07,3,10,1,3,Field,3,0,5,158,128,Stephanie Wilson DVM,Nicole Schwartz,Amber Frazier,Clear,Used,41479
756,2021,2021-04-10,6,5,9,5,Field,6,0,0,185,185,Rodney Wright,Chad Montgomery,Nicole Byrd,Cloudy,Worn,26308
757,2020,2020-05-29,8,10,20,10,Field,8,0,0,176,176,Thomas Carlson,Holly Mccall,Susan Parker,Humid,Used,11298
758,2019,2019-05-29,5,7,3,7,Bat,5,0,0,129,129,Megan Evans,Amber Atkins,Kimberly Huffman,Rainy,Fresh,23390
759,2010,2010-04-05,10,7,12,7,Bat,10,0,0,129,129,Susan Reeves,Travis Tran,Mark Romero,Clear,Fresh,35938
760,2015,2015-05-30,8,7,18,7,Bat,8,0,0,128,128,Corey Lester,Martin Young,Xavier Stanley,Humid,Worn,22377
761,2010,2010-04-11,10,8,16,10,Bat,10,25,0,151,126,Anthony Franklin,Elizabeth Willis,Dr. Christine Cobb,Humid,Fresh,16921
762,2016,2016-05-19,3,6,20,6,Field,6,0,8,193,137,John Rice,Mark Young,Alejandro Barrett,Humid,Worn,16418
763,2015,2015-04-24,3,4,8,4,Field,3,0,0,201,201,Lisa Murphy,Susan Carey,Michael Young,Clear,Worn,30606
764,2013,2013-04-27,7,5,13,7,Field,7,0,9,182,137,Brianna Chapman,Scott Lewis,Bradley Rhodes,Cloudy,Fresh,36587
765,2020,2020-05-10,2,8,15,8,Field,8,0,1,214,206,Cindy Thompson,Miguel Johnson,Jack Caldwell,Humid,Used,29756
766,2010,2010-05-05,1,3,15,1,Field,1,0,9,234,135,Whitney Robinson,Amy Davis,Taylor Perez,Cloudy,Fresh,31422
767,2014,2014-04-11,5,8,2,5,Field,5,0,7,274,197,Drew Mcdaniel,Kylie Weaver,Robert Smith,Rainy,Used,23624
768,2020,2020-04-19,10,1,11,1,Field,1,0,9,220,139,Michele Bryant,Mark Griffin,Terri Schwartz,Rainy,Worn,38139
769,2020,2020-04-06,7,2,3,7,Field,2,0,0,171,171,Kristina Brown,Anthony Horton,Amy Hernandez,Rainy,Worn,19065
770,2022,2022-04-05,7,6,4,6,Bat,7,0,0,198,198,James Harrison,Whitney Andrews,Walter Payne,Humid,Fresh,33319
771,2014,2014-04-20,2,9,7,2,Field,2,0,3,144,126,Rachel Anderson,Cole Willis,Rachel Durham,Clear,Dusty,21008
772,2013,2013-05-16,10,4,1,10,Bat,10,52,0,165,113,Cheryl Watson,Teresa Johnson,Timothy Jones,Humid,Dusty,49044
773,2022,2022-04-13,8,3,18,3,Bat,8,0,0,137,137,Jamie Porter,Michael Moody,Donald Velazquez,Cloudy,Used,19216
774,2019,2019-05-27,5,4,14,4,Field,4,0,8,282,210,Marilyn Davis,David Cox,Gary Marshall,Clear,Dusty,29359
775,2021,2021-05-20,5,8,19,8,Bat,8,62,0,197,135,Rebecca Roberts,Shaun Jones,Candice Delgado,Rainy,Used,16390
776,2023,2023-04-30,6,10,1,10,Field,6,0,0,172,172,Erica Lee,Danielle Parsons,Melissa Quinn,Cloudy,Worn,45316
777,2008,2008-05-26,4,1,3,4,Bat,4,86,0,209,123,Margaret Thompson,Makayla Bonilla,Richard Alvarado,Cloudy,Dusty,25911
778,2016,2016-04-25,9,8,11,9,Bat,8,0,0,142,142,Eric Mcknight,Carolyn Medina,Nicholas Smith,Clear,Used,31560
779,2022,2022-05-20,3,8,20,3,Field,8,0,0,180,180,Russell Strickland,Taylor Heath,Susan Harrison,Rainy,Used,19483
780,2020,2020-04-26,4,6,14,6,Bat,4,0,0,159,159,Kyle Daniels,Nicole Franklin,Kathryn Freeman,Cloudy,Worn,29355
781,2022,2022-04-04,4,8,19,4,Field,4,0,3,192,171,George Martinez,James Delacruz,Kim Flynn,Humid,Used,13433
782,2022,2022-04-04,7,3,4,3,Bat,7,0,0,182,182,Melissa Watts,Cheryl Paul,Deborah Mullins,Rainy,Worn,60578
783,2020,2020-05-30,10,8,13,8,Bat,8,23,0,122,99,Joshua Byrd,Austin Carpenter,Teresa Barnes,Rainy,Worn,71152
784,2010,2010-04-09,7,8,8,7,Field,7,0,9,289,199,Richard Harvey,Cameron Guzman,Michael Calderon,Humid,Dusty,70208
785,2015,2015-05-04,6,2,9,6,Bat,2,0,0,189,189,Tracy Matthews,Katie Lee,Patrick Martinez,Rainy,Worn,10534
786,2020,2020-05-22,1,9,6,1,Field,1,0,4,182,142,Dean Bowen,Adam Cannon,Wendy Melendez,Clear,Used,37587
787,2018,2018-04-08,10,9,18,9,Bat,9,50,0,170,120,Anthony Hernandez,Mrs. Brenda Mills,Matthew Lang,Cloudy,Dusty,12992
788,2019,2019-04-20,8,4,4,8,Field,4,0,0,125,125,Sheri Tucker,Michele Payne,Andrew Anderson,Humid,Used,47828
789,2017,2017-05-15,7,3,11,7,Bat,3,0,0,161,161,Dr. Miguel Grimes DDS,Bianca Meza,Spencer Smith,Clear,Dusty,15718
790,2010,2010-05-04,3,7,10,3,Field,3,0,7,238,161,Jessica Jones,Shane Lopez,Raymond Hunter,Humid,Dusty,57023
791,2022,2022-05-15,6,10,9,10,Bat,10,38,0,131,93,Jade Nunez,Teresa Martin,Benjamin Jones,Humid,Used,34329
792,2022,2022-05-01,6,5,17,5,Bat,5,42,0,145,103,Megan Richardson,Michael Taylor,Sheila Phillips,Cloudy,Fresh,56542
793,2019,2019-05-17,7,4,11,7,Field,7,0,3,236,203,Jennifer Gordon,Amber Allen,Christopher Lane,Cloudy,Fresh,11708
794,2023,2023-04-05,4,5,16,5,Bat,4,0,0,135,135,Paula Wilson,Monique Marshall,Yvonne Taylor,Rainy,Used,29826
795,2008,2008-05-01,8,10,19,10,Field,10,0,3,169,133,Jay Chavez,Michelle Smith,Joshua Salas,Clear,Worn,13195
796,2014,2014-04-30,5,6,15,6,Bat,5,0,0,182,182,Julia Garcia,Rebecca Harvey,William Gibson,Cloudy,Fresh,25346
797,2015,2015-04-12,6,8,8,6,Field,6,0,6,213,159,Christopher Stanley,Martha Sullivan,Mark Davis Jr.,Humid,Fresh,45896
798,2017,2017-05-09,3,4,12,3,Field,3,0,4,169,125,Catherine Yates,Sonia Luna,Joshua Vaughn,Cloudy,Fresh,20734
799,2021,2021-04-16,3,6,6,3,Bat,3,59,0,215,156,Jane Simpson,Erin Hayes,John Richardson,Cloudy,Used,28556
800,2009,2009-05-24,4,7,12,4,Bat,4,47,0,198,151,Stephanie Ray,Jacqueline Ward,Anthony Lam,Clear,Dusty,28564
1,2020,2020-05-03,3,8,12,3,Bat,3,33,0,163,130,Joseph Hayes,Mary Hernandez,Stephanie Lawrence,Clear,Used,28320
2,2022,2022-04-16,4,8,14,4,Bat,4,29,0,206,177,Isabel Barnes,Mathew Bryan,Justin Herrera,Rainy,Used,34356
3,2014,2014-05-31,4,3,11,4,Field,4,0,6,237,195,Robert Weber,Kenneth Beard,Alexis Hudson,Clear,Dusty,10530
4,2020,2020-05-28,9,6,7,6,Field,6,0,5,230,190,Tyler Wilson,Gary Ortega Jr.,Alexandra Edwards,Clear,Fresh,18230
5,2013,2013-05-20,10,3,3,10,Bat,10,30,0,122,92,Lisa Lewis,Allison Vazquez,Danielle Holden,Cloudy,Dusty,17808
6,2008,2008-04-08,5,9,5,5,Field,9,0,0,182,182,Jonathan Bell,Claire Ellis,Veronica Mitchell,Cloudy,Worn,24010
7,2015,2015-04-30,8,5,12,5,Field,8,0,0,183,183,Samantha Hoover,Charles Weeks,Paul Blankenship,Rainy,Fresh,16558
8,2017,2017-04-24,2,8,9,2,Field,2,0,9,249,177,Caleb Burgess,Michael Cunningham,Adam Foster,Cloudy,Fresh,12616
9,2023,2023-05-21,7,8,11,7,Bat,7,2,0,214,212,Michael Hunt,Lee Lewis,Nicole Griffin,Humid,Used,41307
10,2023,2023-04-01,8,2,12,8,Bat,8,86,0,141,55,Christine Osborne,Melissa Miller,Krystal Guerra,Humid,Fresh,17659
11,2016,2016-05-12,6,8,12,8,Bat,6,0,0,191,191,Kimberly Franco,John Kim,Tiffany Mccall,Rainy,Used,10689
12,2020,2020-04-09,1,2,18,2,Field,2,0,7,220,171,Aaron Sloan,John Campbell,Dana Wilson,Cloudy,Fresh,21075
13,2014,2014-05-12,3,6,5,3,Field,3,0,3,232,202,Jeffery Flores,Brooke Mclaughlin,David Perry,Clear,Fresh,21445
14,2016,2016-04-21,1,8,19,8,Field,1,0,0,166,166,Gabriel Smith,Troy Boyer,David Lynch,Humid,Fresh,19594
15,2014,2014-04-22,7,1,9,1,Bat,1,64,0,196,132,Courtney White,Jared Bates,Monica Johnson,Clear,Fresh,18624
16,2023,2023-04-22,3,1,16,1,Field,1,0,1,169,163,Dustin Ferguson,Debra Brown,Gabriel Wheeler,Rainy,Fresh,23475
17,2010,2010-04-08,5,2,13,5,Field,2,0,0,140,140,Samantha Barnes,Ryan White Jr.,Clinton Franco,Clear,Fresh,46652
18,2012,2012-05-26,3,5,14,5,Bat,3,0,0,184,184,Carlos Taylor,Jacob Rice,Shane Fox,Cloudy,Dusty,15121
19,2021,2021-05-18,9,4,9,4,Bat,4,77,0,209,132,Olivia Collier,Richard Turner,Donna Love,Cloudy,Used,27395
20,2019,2019-05-16,10,1,18,1,Field,10,0,0,152,152,Diane Alvarado,Diana Lee,Taylor Vasquez,Rainy,Fresh,17416
21,2009,2009-05-28,3,10,7,10,Field,10,0,1,179,171,Michael Williams,Joel Cruz,David Harrison,Clear,Dusty,10061
22,2021,2021-05-04,9,3,7,3,Bat,3,89,0,129,40,Jeremy Alvarado,Nathan Perez,Willie Williamson,Cloudy,Worn,11578
23,2016,2016-05-17,3,9,6,3,Field,9,0,0,187,187,Theresa Collins,Vanessa Jackson,Jessica Booth,Humid,Dusty,53344
24,2009,2009-04-24,1,4,2,1,Bat,1,28,0,176,148,Wendy Williams,Sean Peterson,Richard Stewart,Cloudy,Fresh,35806
25,2015,2015-05-05,1,9,7,1,Field,9,0,0,170,170,Meghan Clark,Holly Park,Levi Mclaughlin,Humid,Dusty,11249
26,2009,2009-05-02,7,10,9,10,Bat,7,0,0,136,136,Erica Roman,Sean Clark,David Rodriguez,Rainy,Worn,31053
27,2014,2014-05-17,4,3,20,3,Field,4,0,0,143,143,Andrew Brown,Michael Martin,Julie Davidson,Humid,Worn,23618
28,2019,2019-04-09,7,2,20,2,Bat,2,45,0,173,128,Michael Tucker,Jessica Smith,George Compton,Rainy,Used,18664
29,2022,2022-05-26,1,10,16,10,Field,1,0,0,133,133,Scott Aguilar,Karen Smith,Brandi Adkins,Humid,Worn,22895
30,2018,2018-04-12,1,8,1,8,Bat,8,92,0,180,88,Juan Pacheco,Christopher Franklin,Misty Sharp,Clear,Used,16365
31,2019,2019-04-18,1,7,6,7,Field,7,0,3,146,128,Jessica Torres,Christopher Wright,Christopher Holt,Clear,Fresh,22224
32,2016,2016-04-23,7,8,4,7,Field,8,0,0,183,183,Stephen Fernandez,Lindsey Anderson,Cindy Pennington,Clear,Dusty,17390
33,2019,2019-04-27,7,6,10,7,Bat,7,35,0,120,85,Steven Ortiz,Gregory Gibson,Diamond Callahan,Rainy,Dusty,10361
34,2008,2008-04-11,6,9,12,6,Field,9,0,0,141,141,Dr. Ethan Adams,Michael Lewis,Diane Sanders,Rainy,Dusty,25405
35,2010,2010-04-17,6,9,13,9,Field,6,0,0,138,138,Renee Dunn,Elizabeth Arnold,Michael Cook,Humid,Dusty,34247
36,2023,2023-05-14,6,10,4,6,Field,10,0,0,141,141,Max Whitaker,Lisa Hendrix,Tracy Elliott,Rainy,Fresh,42252
37,2021,2021-04-06,10,2,20,2,Bat,2,9,0,152,143,Antonio Chase,Mary Marshall,Ariana Shannon,Clear,Dusty,15841
38,2009,2009-04-24,1,7,20,1,Bat,1,22,0,146,124,Jennifer Wall,Kenneth Herrera,Richard Navarro,Cloudy,Used,22725
39,2014,2014-05-27,5,1,1,5,Bat,5,10,0,163,153,Robert Lambert,Deborah Johnson,Sandra Jones,Rainy,Dusty,12338
40,2013,2013-04-13,3,9,2,9,Bat,3,0,0,135,135,Catherine Johnson,Gregory Edwards,Cheryl Hernandez,Clear,Dusty,37772
41,2016,2016-04-26,1,9,19,9,Field,9,0,2,155,141,Erika Rhodes,Michael Lynch,Kevin Nguyen,Rainy,Dusty,13058
42,2008,2008-04-27,1,2,12,2,Bat,1,0,0,129,129,Robert Guerrero,Christina Williams,Jeremiah Lawson,Clear,Worn,36788
43,2012,2012-05-31,10,4,5,4,Bat,4,78,0,137,59,Daniel Delgado,Anthony Sexton,Alejandro Fletcher,Clear,Worn,11537
44,2023,2023-05-23,7,5,12,5,Bat,5,95,0,166,71,Dawn Dawson,Tanner Norris,Rachel Rodriguez,Rainy,Worn,27089
45,2008,2008-05-03,9,10,7,10,Field,10,0,9,265,211,Ryan Solomon,Jacob Ramirez,Joshua Hayes,Rainy,Worn,19085
46,2009,2009-05-18,5,6,2,5,Field,5,0,2,171,159,Chase Sanchez,Nicole Frazier,John Baker,Clear,Worn,12377
47,2021,2021-05-27,8,4,18,8,Bat,8,60,0,143,83,Shannon Mcconnell,Barbara Jackson,Jennifer Raymond,Rainy,Dusty,13754
48,2023,2023-05-05,2,9,10,9,Bat,2,0,0,199,199,James Johnson,Ryan Curtis,Gregory Berry,Rainy,Dusty,34532
49,2009,2009-04-26,7,6,10,6,Field,6,0,3,164,143,Maria Murray,William Gaines,Amanda Johnson,Clear,Used,46478
50,2013,2013-05-21,2,1,18,1,Bat,1,27,0,204,177,Carla Morales,Steven Obrien,Kyle Dixon,Rainy,Fresh,20795
51,2013,2013-05-09,6,3,1,3,Bat,3,32,0,170,138,Mitchell Keith,Christine Hill,John Melton,Cloudy,Used,30616
52,2020,2020-04-27,3,2,13,3,Field,3,0,1,178,166,Robert Reid,Vickie Lane,James Adams,Cloudy,Dusty,50513
53,2018,2018-05-08,3,9,2,3,Field,9,0,0,182,182,Keith Kaufman,Connie Lee,Christopher Herrera,Cloudy,Worn,15363
54,2010,2010-05-21,10,8,6,8,Field,8,0,5,214,189,Alec Fox,Colleen Butler,Matthew Morales,Clear,Worn,43928
55,2021,2021-04-14,4,3,5,3,Bat,3,54,0,152,98,Robert Cain,Kara Webb,Krista Robinson,Clear,Used,25767
56,2019,2019-05-05,7,10,7,10,Field,7,0,0,126,126,Joann Jenkins,John Johnson,Casey Sosa,Clear,Worn,10753
57,2008,2008-04-14,2,7,2,2,Bat,2,12,0,147,135,Howard Ruiz,Megan Parker,David Peterson,Humid,Used,11998
58,2020,2020-05-07,4,3,6,3,Bat,4,0,0,164,164,David Hernandez,Amanda Landry,Timothy Christensen,Clear,Fresh,21797
59,2011,2011-05-07,3,1,2,3,Field,1,0,0,144,144,Steven Powell,Robyn Harris,Timothy Avila,Humid,Fresh,31549
60,2023,2023-05-10,4,7,1,4,Field,4,0,9,287,215,Laura Graham,Alexander Rodriguez,Shawn Ryan,Cloudy,Worn,31698
61,2014,2014-05-22,1,7,18,7,Bat,1,0,0,172,172,Mrs. Tiffany Reynolds MD,Eric Delacruz,Jamie Campbell,Cloudy,Fresh,14019
62,2013,2013-05-24,9,3,19,9,Field,3,0,0,160,160,Kim Mills,Timothy Burton,Jordan Thompson,Humid,Dusty,15573
63,2015,2015-05-01,9,7,13,9,Bat,7,0,0,159,159,Allison Bailey,Justin Gallegos,Corey Copeland,Rainy,Used,42588
64,2016,2016-05-03,5,3,3,3,Bat,5,0,0,139,139,Alexis Silva,Phillip Ferrell,Sophia Morgan,Rainy,Dusty,27840
65,2016,2016-05-25,6,10,17,10,Bat,6,0,0,162,162,John Porter,Paul Oconnor,Nathaniel Sweeney,Cloudy,Worn,54185
66,2021,2021-04-04,7,9,10,7,Field,9,0,0,153,153,Angela Murphy,Christopher Arnold,Randall Johnson,Rainy,Fresh,40219
67,2014,2014-04-17,1,3,20,3,Field,3,0,5,190,135,Laura Jackson,Elizabeth Smith,Lawrence Davenport,Clear,Dusty,17185
68,2010,2010-05-02,4,2,14,2,Bat,2,8,0,165,157,Diana Smith,Crystal Martin,Anthony Armstrong,Rainy,Worn,17572
69,2017,2017-04-03,1,5,5,1,Bat,5,0,0,207,207,Roberta Thompson,Andrea Kelly,Michelle Oneill,Rainy,Dusty,25721
70,2023,2023-05-02,5,8,10,8,Bat,8,20,0,143,123,Connie Harris,Robert Waters,Frank Holloway,Humid,Worn,68960
71,2022,2022-04-19,1,10,4,1,Field,1,0,9,244,136,John Vargas,Stacy Ford,Whitney Barnes,Cloudy,Worn,51642
72,2015,2015-05-04,4,3,3,4,Field,3,0,0,183,183,Michael Orr,Kelli Long,Karen Reynolds,Cloudy,Used,18284
73,2012,2012-04-09,8,3,6,8,Field,3,0,0,147,147,Joshua Ortiz,Jimmy Perez,Mr. David Stafford PhD,Clear,Used,48438
74,2019,2019-05-24,2,3,6,3,Bat,2,0,0,127,127,Charles Foster,Sarah Phelps,Patrick Moran,Rainy,Worn,31985
75,2009,2009-04-23,3,4,2,3,Field,3,0,2,144,128,Patricia Farmer,Peggy Rhodes,Robert George,Clear,Used,25972
76,2011,2011-05-27,6,4,19,6,Bat,6,99,0,217,118,Jill Lee,William Simpson,Dawn Burton,Cloudy,Worn,14062
77,2010,2010-05-17,3,4,2,3,Field,3,0,8,286,206,Michael Becker,Laura Weber,Christine Flores,Clear,Worn,29360
78,2020,2020-04-15,10,7,10,7,Field,7,0,9,255,156,Charles Guzman,Robert Padilla,Calvin Brooks,Clear,Fresh,32899
79,2019,2019-05-19,3,5,12,5,Bat,3,0,0,210,210,Timothy Ortiz,Brian Scott,Vickie Humphrey,Humid,Dusty,35323
80,2017,2017-04-12,1,4,13,4,Field,4,0,2,167,143,Leon Wagner,Amanda Reynolds,Aaron Garza,Rainy,Fresh,65451
81,2022,2022-05-28,5,1,3,1,Bat,1,5,0,157,152,Kimberly White,Karen Reynolds,John Murphy,Cloudy,Worn,15769
82,2017,2017-05-27,8,2,20,2,Bat,8,0,0,149,149,Julie Mcneil,Bradley Jones,Donald Thomas,Clear,Fresh,20685
83,2018,2018-05-28,3,8,2,3,Bat,3,69,0,155,86,Erika Farmer,Ronnie Richard,Kelly Lawrence,Clear,Fresh,14734
84,2023,2023-04-30,3,4,7,3,Bat,4,0,0,159,159,Joseph Archer,Christine Sanchez,Jennifer Hill,Clear,Fresh,12504
85,2010,2010-05-02,9,5,3,9,Bat,9,20,0,203,183,Eric Bruce,Michael Hamilton,Theresa Campos,Humid,Dusty,31092
86,2020,2020-05-26,5,1,20,5,Bat,5,45,0,123,78,Karen Nicholson,Alexander Hebert,Julie Stafford,Rainy,Fresh,22077
87,2012,2012-04-18,1,2,17,2,Field,2,0,7,245,182,Shannon Wright,Patricia Freeman,Danielle Hernandez,Humid,Fresh,10924
88,2012,2012-04-03,7,3,6,7,Bat,7,13,0,160,147,Tracy Long,Virginia Powell,Monica Melton,Rainy,Fresh,51809
89,2012,2012-04-04,2,9,8,2,Bat,9,0,0,208,208,Rebecca Morrison,Todd Parker,Rebecca Price,Rainy,Fresh,19724
90,2020,2020-04-14,9,10,9,10,Field,10,0,8,278,190,Monique Morales,Douglas Valencia,Larry Sharp,Clear,Dusty,23760
91,2017,2017-05-06,10,2,6,2,Field,10,0,0,210,210,Nathan Wiley,Brittany Adkins,Carolyn Palmer,Clear,Worn,61960
92,2022,2022-05-23,4,6,6,6,Bat,6,54,0,193,139,Joel Rivera,Elizabeth Durham,Cody Morgan,Clear,Dusty,61330
93,2014,2014-05-12,1,3,13,1,Field,3,0,0,149,149,Laura Harris,Jared Lowery,Jacob Morales,Clear,Fresh,12707
94,2022,2022-05-09,10,4,14,4,Field,10,0,0,157,157,Patrick Crawford,Catherine Smith,Veronica Burch,Cloudy,Worn,36166
95,2009,2009-04-23,4,6,16,4,Field,4,0,9,205,151,Kevin Day,Lisa Collier,Kristen Jones,Rainy,Dusty,16388
96,2019,2019-04-17,6,2,3,2,Field,6,0,0,149,149,Tammy Martin,Walter Brown,Christine Russo,Cloudy,Used,31175
97,2023,2023-04-28,9,4,9,4,Field,4,0,4,178,142,Cindy Brooks,Daniel Lin,Kimberly Miller,Humid,Worn,32442
98,2014,2014-05-14,2,10,15,10,Bat,2,0,0,158,158,Jennifer Patrick,Ashley Martin,Nathaniel Mora,Rainy,Worn,39474
99,2014,2014-04-05,1,2,14,2,Bat,1,0,0,199,199,Thomas Jenkins,Debbie Jordan,Victoria Smith,Cloudy,Worn,49268
100,2023,2023-05-05,3,7,2,3,Field,7,0,0,157,157,Monica Smith,James Schwartz,Jonathan Hampton,Clear,Used,43234
101,2016,2016-04-02,9,2,17,9,Bat,2,0,0,190,190,Jared Jefferson,Bryan Wheeler,Jill Stewart,Clear,Used,38793
102,2023,2023-05-22,6,2,1,2,Bat,2,22,0,157,135,Teresa Horton,Edwin Collier,Diane Hudson,Clear,Dusty,44778
103,2022,2022-04-18,5,8,14,8,Bat,5,0,0,173,173,Gary Haney,Stephanie Diaz,Vanessa Nguyen,Rainy,Worn,23440
104,2017,2017-05-27,7,9,6,9,Bat,7,0,0,199,199,Luis Navarro,Brittany Williams,Christina Duarte,Humid,Dusty,31753
105,2009,2009-05-03,3,7,4,7,Bat,7,100,0,135,35,April Martin,Mrs. Ashley Wright,Carol Walters,Clear,Fresh,51777
106,2013,2013-04-13,3,8,7,3,Field,8,0,0,209,209,Barbara Sharp,Kyle Wallace,Thomas Wolf,Cloudy,Worn,11177
107,2011,2011-05-07,5,1,5,5,Bat,1,0,0,122,122,Dennis Carroll,Albert Potter,David Austin,Rainy,Dusty,20076
108,2017,2017-05-11,8,9,8,9,Bat,9,92,0,126,34,Jennifer Rivas,Teresa Martinez,Michelle Brown,Clear,Fresh,56670
109,2019,2019-05-30,9,10,13,9,Field,10,0,0,184,184,Jessica Chavez,Bryan Miller,David Green,Clear,Fresh,23510
110,2020,2020-05-26,1,4,14,4,Bat,4,54,0,174,120,Diane Hall,Rodney Gilbert,Brittany Roberts,Rainy,Worn,34871
111,2013,2013-04-27,6,1,5,6,Bat,6,12,0,149,137,Tiffany Vaughn,Richard Casey,Andrew Zamora,Rainy,Used,11860
112,2019,2019-04-14,5,2,2,2,Field,2,0,7,184,149,Erica Cameron,Brooke Morris,Wesley West,Cloudy,Fresh,39996
113,2008,2008-04-29,9,8,18,8,Bat,9,0,0,176,176,Rodney Phillips,Kristen Boone,Monica Castillo,Clear,Used,14679
114,2020,2020-05-23,7,3,3,3,Field,7,0,0,180,180,Elizabeth Smith,James Tucker,Alisha Beck,Clear,Worn,34294
115,2008,2008-05-08,5,9,17,5,Bat,9,0,0,153,153,Molly Torres,Jesse Harvey,Jacqueline Abbott,Clear,Dusty,13808
116,2013,2013-04-05,7,6,7,7,Field,6,0,0,171,171,Robert Garcia,Stephanie Sherman,Jennifer Roberts,Clear,Worn,22473
117,2020,2020-04-05,2,4,12,2,Field,4,0,0,150,150,Lauren Smith,Jonathon Johnson,Daniel Clark Jr.,Humid,Fresh,14106
118,2011,2011-05-30,8,4,8,4,Field,4,0,6,203,149,Joseph Dixon,Derrick Huff,Jonathan Smith,Humid,Worn,65202
119,2020,2020-05-02,3,2,8,3,Bat,3,8,0,198,190,Aaron Jones,Donald Cooper,Gwendolyn Smith,Clear,Dusty,20009
120,2020,2020-05-06,5,3,11,5,Bat,3,0,0,138,138,Diana Daniel,Alicia Mata,Autumn Fitzpatrick,Clear,Used,18705
121,2013,2013-04-03,6,2,1,6,Bat,2,0,0,139,139,Randy Hess,Heather Gibson DDS,Steven Holmes,Cloudy,Worn,41345
122,2016,2016-05-13,1,9,8,9,Field,9,0,3,189,156,James Bailey MD,Christopher Lewis,Tyler Patterson,Cloudy,Dusty,72698
123,2023,2023-05-18,3,8,4,8,Bat,8,57,0,154,97,Robert Johnson,Cindy Goodman,James Cooper,Cloudy,Used,64088
124,2021,2021-05-24,1,5,17,1,Field,1,0,5,205,175,Valerie Padilla,Anna Baker,Brittany Strickland,Cloudy,Dusty,23901
125,2008,2008-05-12,4,3,13,3,Field,4,0,0,146,146,Lawrence Brown,Donald Andrews Jr.,Douglas Walker,Rainy,Fresh,58083
126,2023,2023-05-12,7,1,7,7,Field,7,0,5,155,130,Kathryn Leonard,Michael Long,Mark Holt,Humid,Fresh,23701
127,2017,2017-05-03,2,1,20,2,Bat,2,8,0,158,150,Alexandria Gill,Lisa Phillips,Ian Rowe,Clear,Used,14354
128,2022,2022-05-26,7,9,6,7,Bat,7,14,0,128,114,Valerie Chen,Alicia Smith,Joseph Freeman,Cloudy,Used,23991
129,2014,2014-04-04,7,4,15,4,Bat,7,0,0,168,168,Sara Sampson,Lisa Anderson,Jasmine Wood MD,Clear,Fresh,22417
130,2008,2008-04-18,2,4,8,2,Bat,4,0,0,144,144,David Blevins,Mary Hunt,Cassie Rodriguez,Rainy,Fresh,73423
131,2015,2015-04-13,4,6,5,6,Bat,6,28,0,136,108,Christopher Clark,Dawn Davis,David Buckley,Cloudy,Dusty,22180
132,2018,2018-05-15,8,1,15,8,Field,1,0,0,144,144,Charles Smith,Elizabeth Liu,Cheyenne Stafford,Humid,Fresh,11794
133,2012,2012-05-07,2,6,17,6,Bat,6,84,0,192,108,Stephanie Thomas,Jessica Potter,Cody Stanton,Humid,Fresh,24587
134,2011,2011-04-18,6,4,20,6,Bat,4,0,0,149,149,Joseph Johnson,Kristen Neal,Connie Martin,Rainy,Worn,26216
135,2010,2010-04-07,6,9,2,6,Bat,6,74,0,128,54,Steven Cook,Lisa Pratt,Belinda Wood,Clear,Dusty,19272
136,2011,2011-05-09,2,5,17,5,Field,5,0,2,146,136,William Collins,David Manning,Wendy Wilson,Rainy,Worn,40290
137,2022,2022-04-19,1,2,4,1,Bat,2,0,0,189,189,Jacqueline Roberts,Annette Taylor,Alan Espinoza,Humid,Dusty,45927
138,2017,2017-05-17,8,3,11,8,Field,3,0,0,139,139,Daniel Hinton,Dr. Scott Smith,Timothy Miller,Humid,Dusty,46901
139,2010,2010-05-29,8,6,15,6,Bat,8,0,0,128,128,Laurie Crawford,Teresa Anderson,Stephanie Bradley,Clear,Worn,16234
140,2015,2015-04-17,4,8,18,8,Bat,4,0,0,143,143,Anthony Crawford,Crystal Carter,Robert Morse,Humid,Fresh,21591
141,2015,2015-04-07,9,4,4,9,Field,4,0,0,147,147,Mark Johnson,Shannon Adams,Bonnie Smith,Cloudy,Fresh,34431
142,2017,2017-05-21,2,7,14,7,Bat,2,0,0,148,148,Jennifer Wilkerson,Alexander Hudson,Nathaniel Johnson,Humid,Fresh,28325
143,2017,2017-04-18,9,8,18,8,Field,9,0,0,186,186,David Morse,Gary Cook,Christopher Small,Cloudy,Fresh,19916
144,2017,2017-05-05,5,7,1,5,Field,7,0,0,179,179,Sarah Schmidt,David Davis,Amy Wang,Rainy,Worn,38166
145,2014,2014-04-16,1,5,14,1,Field,1,0,1,227,219,Paula Hudson,Morgan Pacheco,Jennifer Decker,Clear,Dusty,26465
146,2011,2011-05-24,9,4,12,4,Bat,4,13,0,138,125,Zachary Bryant,Holly Kim,Andrew Morales,Humid,Worn,25785
147,2016,2016-04-09,4,7,14,7,Field,7,0,9,197,152,Joshua Strickland,Brandon Coleman,William Chen,Rainy,Fresh,29225
148,2015,2015-05-01,2,4,5,2,Field,2,0,5,202,167,Teresa Acosta,Michael Clark,Stephanie Jones,Rainy,Dusty,21922
149,2021,2021-04-19,7,6,10,7,Field,6,0,0,200,200,Ryan Campbell,Desiree Brown,Timothy Moore,Cloudy,Fresh,43216
150,2022,2022-04-22,6,5,15,6,Bat,5,0,0,181,181,Mrs. Kendra Hill,Kelly Johnson,Sara Carlson,Rainy,Fresh,27154
151,2009,2009-04-25,5,7,11,7,Field,5,0,0,161,161,Michael Carroll II,Andrew Sanchez,Tammie Jenkins,Cloudy,Fresh,28187
152,2018,2018-04-22,10,2,4,2,Field,10,0,0,138,138,Dr. Donald Miller,Jennifer Hall,Raymond Bryant,Clear,Dusty,24770
153,2008,2008-04-17,1,6,11,1,Field,6,0,0,196,196,Kevin Washington,William Hunt,Selena Diaz,Cloudy,Fresh,30294
154,2021,2021-04-26,10,6,19,6,Bat,6,1,0,217,216,Michael Rivera,David Allison,Rachel Mitchell,Humid,Worn,11993
155,2018,2018-04-12,7,10,10,10,Bat,10,75,0,216,141,Patricia Green,Jose Smith,Mark Garcia,Humid,Dusty,16513
156,2018,2018-04-14,10,9,12,9,Field,9,0,8,231,143,Nicholas Williams,Mario Mills,Rachel Ford,Humid,Dusty,16666
157,2016,2016-05-06,7,3,3,3,Field,7,0,0,144,144,Wendy Tucker,Steven Hall,Richard Burgess,Rainy,Fresh,32824
158,2010,2010-04-17,3,4,17,3,Bat,3,47,0,157,110,Joshua Wilson,Heather Lewis,David Watson,Clear,Dusty,45091
159,2015,2015-04-20,9,5,8,9,Field,5,0,0,174,174,Jesse Lee,Joseph Rollins,Natalie Brown,Rainy,Used,55787
160,2013,2013-05-11,9,5,11,5,Bat,9,0,0,206,206,Alan Williams,Timothy Garcia,Cody Rodriguez,Humid,Fresh,35066
161,2011,2011-04-09,3,5,4,3,Bat,5,0,0,194,194,Colleen Padilla,Robert Hinton,Mary Robbins,Rainy,Dusty,59212
162,2016,2016-05-12,5,2,6,5,Field,2,0,0,178,178,Sandra Reyes,Sonya James,Adam Golden,Humid,Used,47062
163,2014,2014-04-24,5,9,10,5,Field,9,0,0,148,148,Joe Stanley MD,Jerome Stewart Jr.,Robert Rivera,Humid,Worn,44932
164,2012,2012-05-14,3,6,12,3,Bat,3,24,0,122,98,Steven Robertson,Tony Beck,Danielle Gutierrez,Rainy,Fresh,13622
165,2022,2022-04-25,2,7,19,7,Field,7,0,5,181,131,Cindy Taylor,Jennifer Wong,Ashley Rowland,Cloudy,Used,10569
166,2011,2011-04-20,2,6,5,6,Bat,6,69,0,198,129,Matthew Lambert,Gregory Owens,Amy Santos,Humid,Worn,18968
167,2017,2017-05-29,7,1,5,1,Bat,7,0,0,202,202,Ryan Gonzalez,Melanie Buchanan,Dennis Evans,Cloudy,Used,24489
168,2020,2020-05-08,10,9,14,10,Field,9,0,0,146,146,Michael Farmer,Charles Kennedy,Kimberly George,Cloudy,Used,34630
169,2013,2013-05-21,5,9,12,5,Field,5,0,6,222,150,Ashley Anderson,Robert Stevenson,Bryan Campbell,Cloudy,Used,22333
170,2015,2015-05-21,3,6,8,6,Field,6,0,7,226,184,Benjamin Flores,Lauren Johnson,Alexa Wright,Humid,Fresh,47361
171,2021,2021-05-17,6,3,4,3,Bat,3,51,0,120,69,Jeffrey Martinez,Wanda Powell,Alyssa Adams,Clear,Used,41329
172,2021,2021-05-05,8,10,12,8,Field,10,0,0,166,166,Justin Walton,Joseph Spencer,Suzanne Bailey,Rainy,Fresh,21110
173,2018,2018-04-05,5,4,15,5,Bat,5,60,0,156,96,Rebecca Simon,Stephen Robinson,Joanna Reid,Rainy,Dusty,29296
174,2010,2010-05-25,2,4,2,2,Field,4,0,0,177,177,Cynthia Brown,Casey Richards,Marcia Aguilar,Humid,Fresh,39770
175,2017,2017-05-28,1,8,11,1,Field,8,0,0,128,128,Susan Pearson,Brittany Rhodes,Tyler Mitchell,Humid,Fresh,21751
176,2018,2018-05-07,3,6,18,6,Bat,6,58,0,205,147,Rhonda Thompson,Jessica Smith,Barbara Harris,Clear,Used,20432
177,2018,2018-05-12,6,7,3,7,Field,7,0,9,215,161,Dana Hanna,Sophia George,Sarah Chen,Cloudy,Dusty,34267
178,2016,2016-05-08,4,6,4,4,Field,6,0,0,125,125,Melinda Walker,Kelly Walker,Elizabeth Anderson,Rainy,Fresh,65985
179,2012,2012-04-09,8,1,18,1,Field,1,0,7,203,140,Crystal Obrien,Joshua Conner,Jo Cannon DDS,Humid,Worn,21604
180,2020,2020-05-23,7,1,20,7,Bat,1,0,0,197,197,Timothy Barrett,Zachary Meyer,Jessica Wilkerson,Rainy,Worn,19531
181,2015,2015-05-10,1,6,10,1,Bat,1,43,0,195,152,Tina Benson,Robert Chavez,Brandon Ellison,Humid,Fresh,60544
182,2018,2018-04-27,2,9,19,2,Bat,2,58,0,175,117,Nicole Weber,James Castillo,Vincent Smith,Cloudy,Worn,18770
183,2017,2017-04-17,3,2,4,3,Bat,3,94,0,195,101,Sarah Ruiz,Aaron Shelton,Danny Wheeler,Rainy,Dusty,24869
184,2023,2023-04-03,5,8,16,8,Field,8,0,6,200,134,Lisa Gomez,Kristin Mclaughlin,Christopher Todd,Rainy,Dusty,32073
185,2019,2019-05-17,5,1,11,5,Field,1,0,0,140,140,Nicholas Sandoval,Jamie Hawkins,Faith Gardner,Humid,Worn,26031
186,2008,2008-05-21,4,7,11,7,Bat,4,0,0,181,181,Jacob Delgado,Sara Brown,Michael Gallagher,Humid,Worn,27416
187,2018,2018-04-10,7,10,13,10,Bat,10,67,0,215,148,Daniel Lester,Dr. Ethan Thompson,Christina Avila,Rainy,Dusty,30175
188,2011,2011-04-26,7,9,17,9,Bat,7,0,0,127,127,Jennifer Kennedy,Angela Gonzalez,Taylor Lee,Cloudy,Fresh,58850
189,2020,2020-05-04,9,6,14,9,Bat,6,0,0,145,145,Ashley Miller,Jennifer Rodriguez,Amanda Smith,Cloudy,Dusty,47952
190,2021,2021-05-07,7,1,5,1,Field,7,0,0,181,181,Ryan Curry,Tammy Austin,Holly Gates,Humid,Dusty,27889
191,2018,2018-04-04,4,8,3,8,Field,8,0,6,222,168,Mary Lynch,John White,Julie Stanley,Clear,Used,24456
192,2011,2011-05-22,3,8,5,3,Bat,8,0,0,132,132,Gary Taylor,Daniel Hamilton,Marcus Howard,Humid,Worn,11456
193,2013,2013-04-12,6,10,14,10,Field,10,0,3,176,146,Christy Ray,James Banks,Jennifer Guerrero,Rainy,Fresh,49919
194,2009,2009-04-27,2,7,4,7,Field,2,0,0,155,155,Marissa Montgomery,Troy Rodriguez,Erin Marsh,Rainy,Fresh,53030
195,2012,2012-05-12,8,6,1,8,Field,8,0,4,170,130,Benjamin Johnson,Jennifer Miller,Heidi Hunt,Clear,Used,29934
196,2021,2021-05-25,6,9,7,6,Bat,6,63,0,152,89,Jasmine Walton,Carlos Hill,Willie Butler,Cloudy,Used,15852
197,2010,2010-04-20,3,6,15,3,Field,3,0,7,172,130,James Jones,Tara Ford,Gary Estrada,Humid,Dusty,35468
198,2011,2011-05-06,8,4,11,4,Bat,4,62,0,186,124,Mark Murphy,Eric Benson,Pamela Adams,Clear,Worn,17940
199,2015,2015-05-19,10,9,20,9,Field,9,0,4,229,189,Jonathan Monroe,Lauren Taylor,Annette Miller,Clear,Used,26712
200,2023,2023-05-30,6,3,6,3,Bat,6,0,0,180,180,Anthony Johnson,Kara Tanner,Michele Lucas,Cloudy,Dusty,47266
201,2014,2014-05-06,2,9,18,9,Bat,2,0,0,129,129,Melissa Evans,Derrick Bush,Penny Gentry,Clear,Dusty,11783
202,2015,2015-04-10,1,8,3,8,Field,8,0,4,183,151,Jessica Smith,Mr. John Morris,Stacey Solomon,Humid,Fresh,10897
203,2023,2023-05-30,10,6,12,10,Field,10,0,4,182,162,Isabel Morton,Maxwell Brown,Samantha Woods,Cloudy,Worn,31136
204,2010,2010-04-03,2,3,2,3,Bat,3,100,0,134,34,Elizabeth Swanson,Robert Baldwin,Tonya Sutton,Rainy,Used,14782
205,2014,2014-05-13,2,3,6,2,Field,3,0,0,139,139,Jennifer Garcia,Jacqueline Mclean,Mary Ray MD,Rainy,Used,71932
206,2009,2009-04-04,10,6,13,10,Field,6,0,0,187,187,David Thompson,Lori Wong,Gary Valdez,Clear,Used,17904
207,2015,2015-05-30,9,10,10,10,Field,9,0,0,189,189,Randy Pope,Brooke Stone,William Gibbs,Cloudy,Dusty,43773
208,2013,2013-04-11,3,9,20,3,Bat,3,67,0,173,106,Teresa Moore,Kimberly Parker,Brett Jackson,Cloudy,Used,23269
209,2019,2019-05-29,10,5,6,5,Bat,5,93,0,208,115,Michelle Jackson,Christie Ray,Gabriela White,Rainy,Dusty,50545
210,2023,2023-05-17,2,5,15,2,Field,2,0,2,195,179,Crystal Hayes,Debra Hall,Robert Oliver,Clear,Worn,15457
211,2010,2010-05-31,9,5,13,5,Bat,5,82,0,132,50,Christian Hernandez,Aaron Werner,Tiffany Thomas,Cloudy,Dusty,57411
212,2014,2014-04-06,6,7,18,6,Field,6,0,2,165,141,Joshua Dean,Christine Willis,Jerry Shepherd,Humid,Fresh,14023
213,2012,2012-04-28,3,10,17,3,Bat,3,19,0,212,193,Patrick Cobb,James Parker,Jaclyn Ryan,Cloudy,Fresh,35227
214,2023,2023-05-27,1,9,18,1,Field,9,0,0,121,121,Lauren Morgan,Richard Ford,Janice Miller,Rainy,Dusty,22393
215,2018,2018-05-31,4,2,6,4,Field,4,0,7,165,123,Tamara Santiago,Paul Cook,Robert Porter,Humid,Fresh,46036
216,2009,2009-05-29,7,4,1,4,Bat,7,0,0,158,158,Mr. Adam Garcia,Paul Powell,Jerry Miller,Rainy,Dusty,42777
217,2016,2016-04-13,5,2,2,5,Field,5,0,4,181,133,Dorothy King,Richard Singleton,Cristian Spencer,Rainy,Dusty,44296
218,2021,2021-05-12,9,4,5,9,Field,4,0,0,198,198,Christine Nelson,Charles Flores,Brian Ross,Humid,Worn,10188
219,2021,2021-05-15,10,3,20,10,Field,3,0,0,153,153,Nina Gonzalez,Scott Fletcher,Regina Hess,Rainy,Worn,19136
220,2012,2012-04-20,7,10,4,10,Field,10,0,7,256,207,John Anderson,Kimberly Baker,Carl Sloan,Clear,Used,25152
221,2017,2017-04-01,4,6,19,6,Bat,6,41,0,220,179,Dawn Rangel,Amanda English,Ricardo Fleming,Cloudy,Dusty,16228
222,2011,2011-05-14,2,8,14,2,Bat,8,0,0,136,136,Eric Roach,Dillon Carey,Lawrence Gates,Rainy,Dusty,16639
223,2008,2008-04-08,8,10,12,8,Field,8,0,9,211,157,Todd Smith,Alexander Harris,Emily Woods,Humid,Fresh,22133
224,2015,2015-05-31,2,8,8,8,Bat,2,0,0,138,138,William Lewis,Christopher Abbott,Mark Morgan,Rainy,Dusty,74065
225,2014,2014-04-14,6,2,8,2,Bat,6,0,0,211,211,Amy Davis,James Grant,Michael Mercer,Clear,Fresh,72333
226,2019,2019-05-27,5,4,18,5,Bat,4,0,0,171,171,John Griffith,Jason Miller,Danielle Chavez,Cloudy,Fresh,16240
227,2019,2019-05-25,1,2,7,1,Bat,1,15,0,181,166,Michael Lawrence,Mark Reyes,Leonard Osborn,Rainy,Fresh,13347
228,2012,2012-04-21,6,9,10,9,Field,6,0,0,179,179,Barbara Sexton,Samantha Smith,Nancy Benitez,Cloudy,Dusty,21683
229,2016,2016-05-27,7,6,1,6,Field,7,0,0,151,151,Michael Lee II,Joshua Roman,Kenneth Kramer,Rainy,Dusty,45616
230,2016,2016-04-15,4,1,13,4,Field,4,0,6,234,162,Cheryl Morgan,Deborah Mason,Christina Williams,Rainy,Used,25648
231,2009,2009-05-27,1,5,1,5,Field,5,0,7,205,135,Jasmine Mcmahon,Hannah Steele,Lisa Moore,Clear,Worn,28909
232,2011,2011-04-08,3,1,1,3,Field,3,0,1,173,162,Robin Marshall,Kenneth White,Mario Gray PhD,Cloudy,Dusty,16085
233,2019,2019-04-12,8,2,20,8,Bat,8,54,0,132,78,Jose Small,Tonya Hernandez,Julie Robertson,Rainy,Fresh,20031
234,2008,2008-04-07,8,10,2,10,Field,8,0,0,174,174,Jeffrey Torres,Mary Edwards,Timothy Cardenas,Humid,Worn,21130
235,2011,2011-04-04,5,4,3,4,Field,4,0,9,284,194,Brendan Harris,Mary Acosta,Carrie Warren,Cloudy,Worn,13190
236,2019,2019-04-05,6,4,1,6,Bat,6,77,0,160,83,Amy Cortez,Monica Thornton,Dalton Williamson,Humid,Used,29171
237,2009,2009-05-22,7,9,16,9,Bat,9,54,0,154,100,Angela Smith,Adam Davis,Sarah Armstrong,Cloudy,Used,37268
238,2013,2013-05-21,9,3,5,9,Field,3,0,0,179,179,Jeremy Marks,Samuel Green,Carol Nicholson,Rainy,Used,15635
239,2020,2020-04-01,2,7,1,2,Field,7,0,0,127,127,Cindy Wilson,Sharon Ross,Eric Jones,Clear,Fresh,45120
240,2020,2020-04-13,8,9,7,9,Field,9,0,3,156,126,William Owens,Crystal Ayers,Whitney Sloan,Clear,Dusty,10199
241,2016,2016-04-04,6,9,11,6,Bat,6,93,0,214,121,Jessica Young,Michael Nguyen,Michael Lopez,Clear,Dusty,32357
242,2022,2022-05-03,6,10,19,6,Field,10,0,0,123,123,Diane Green,Austin Cordova,Hannah Mendoza,Clear,Worn,10698
243,2013,2013-05-19,10,3,19,10,Bat,3,0,0,147,147,Tanya Wilson,Michael Green,Andrea Schroeder,Humid,Worn,21978
244,2019,2019-04-20,6,2,18,2,Field,2,0,8,217,177,Monica Hayes,Steve Taylor,Samantha Jackson,Cloudy,Worn,22964
245,2018,2018-05-20,1,6,2,6,Bat,1,0,0,189,189,Rachel Williams,Donald Hamilton,Lisa Kelley,Cloudy,Worn,44653
246,2018,2018-04-30,10,2,13,10,Bat,2,0,0,178,178,Heather Howard,Stephanie Lawrence,Catherine Stevenson,Cloudy,Worn,11562
247,2010,2010-04-25,6,5,6,5,Bat,6,0,0,174,174,Anna Jefferson,Amy Perez,Stephen Baldwin,Humid,Used,71231
248,2016,2016-05-07,4,2,1,2,Field,2,0,7,215,152,Daniel Moore,Allison Campbell,James Hess,Clear,Worn,28678
249,2011,2011-05-31,4,3,7,4,Bat,3,0,0,135,135,Matthew Taylor,Katherine Miller,Sean Barrera,Humid,Worn,23283
250,2016,2016-05-26,10,9,1,9,Bat,9,35,0,163,128,Elizabeth Heath,Mark Richards,Alexander Ryan,Clear,Fresh,33581
251,2011,2011-05-09,6,1,16,6,Bat,6,38,0,130,92,Andrew Henderson,Alexis Williams,Stephanie Hurst,Clear,Used,12888
252,2015,2015-04-23,1,9,1,1,Field,1,0,4,183,147,Joseph Henson,William Trevino,Rose Sanders,Cloudy,Used,20285
253,2011,2011-05-02,9,6,4,6,Bat,9,0,0,159,159,Michelle Villa,Patricia Blake,Erica Gomez,Cloudy,Dusty,15309
254,2020,2020-05-29,2,10,4,2,Bat,2,61,0,207,146,Christopher Beck,Patrick Willis,Brittany Pena,Humid,Used,62298
255,2014,2014-05-28,8,1,11,1,Field,1,0,7,255,199,Jennifer Johnson,David Valentine,Daniel Thompson,Rainy,Dusty,37737
256,2023,2023-04-10,3,10,12,10,Bat,10,69,0,161,92,Danielle Ponce,James Lopez,Kathleen Hanson,Rainy,Fresh,14017
257,2015,2015-05-20,7,6,17,6,Field,6,0,7,215,173,Kayla Brown,Rebecca Patrick,Andrew Perez,Clear,Fresh,47897
258,2020,2020-04-11,5,10,12,10,Field,5,0,0,164,164,Lee Jones,Sarah Vaughn,William Morgan,Humid,Used,30388
259,2015,2015-05-19,4,9,12,9,Field,4,0,0,220,220,Tracy Padilla,Marilyn Rangel,Casey Johnson,Cloudy,Fresh,36280
260,2015,2015-05-11,4,3,19,4,Field,3,0,0,156,156,Cristian Velasquez,Christopher Weaver,Laura Bauer,Cloudy,Dusty,19040
261,2008,2008-05-18,1,5,2,1,Field,1,0,9,292,211,Tracy Velez,James Morales,Erik Lucas,Humid,Worn,23619
262,2008,2008-05-08,9,5,12,5,Field,9,0,0,193,193,Dawn Grant,Laura Wright,Jesse Vargas,Clear,Worn,19251
263,2022,2022-05-30,10,9,8,10,Field,9,0,0,123,123,James Lewis,Carlos Black,Stephanie Drake,Rainy,Worn,62364
264,2013,2013-05-20,6,4,3,6,Bat,6,23,0,162,139,Emily Allen,Vincent Chase,Cody Nelson,Cloudy,Dusty,21443
265,2012,2012-05-24,7,3,6,7,Bat,7,80,0,155,75,Kellie Potts,Daniel Jones,Shaun Perez,Rainy,Worn,65323
266,2019,2019-05-25,8,10,14,8,Field,10,0,0,194,194,Edward Bradley,Bethany Faulkner,Anthony Rodriguez,Rainy,Dusty,22683
267,2018,2018-05-20,1,4,3,4,Bat,1,0,0,164,164,Tammy Ramirez,Amy Reed,Christopher Winters,Clear,Worn,32298
268,2008,2008-04-12,10,1,4,10,Field,1,0,0,143,143,Samuel Hansen,Jeffery Robles,Mr. Todd Mcneil,Cloudy,Worn,53678
269,2019,2019-05-18,10,4,8,4,Field,10,0,0,153,153,Timothy Campbell,Nicholas Frost,Daniel May,Humid,Used,70289
270,2009,2009-05-20,4,9,10,4,Field,4,0,3,153,135,James Marshall,Kayla Pham,Steven Smith,Cloudy,Fresh,31182
271,2020,2020-04-06,1,2,9,2,Bat,2,96,0,191,95,Christian Stone,Rhonda Acevedo,Sharon Torres,Cloudy,Used,34618
272,2016,2016-05-21,4,8,4,8,Bat,4,0,0,155,155,Andrew Garrett,Alyssa Garcia,Sharon Bowen,Clear,Fresh,36292
273,2020,2020-05-14,6,8,10,8,Field,8,0,6,198,126,Richard Mcmillan,Maria Hanna,Dr. Carl Martin MD,Humid,Used,51191
274,2010,2010-05-09,2,9,10,2,Bat,2,72,0,160,88,Kerry Garcia,Brandon Nguyen,Wendy Rogers,Clear,Used,50989
275,2014,2014-04-26,7,3,8,3,Bat,7,0,0,193,193,Meghan House,Michael Robinson,Joseph Parks,Rainy,Dusty,58493
276,2013,2013-05-25,8,6,20,8,Field,6,0,0,148,148,Steven Pollard,Thomas Baker,Kevin Brown,Rainy,Fresh,26335
277,2008,2008-05-29,10,2,11,10,Bat,10,44,0,123,79,Nicholas Brown,Nicholas Thomas,Michael Gonzalez,Humid,Dusty,24992
278,2010,2010-04-14,10,1,11,1,Bat,1,52,0,168,116,Amy Brooks,Sheryl Chavez,Eduardo Lynch,Clear,Fresh,11138
279,2020,2020-05-22,5,7,15,5,Field,5,0,9,242,161,Robert Crosby,William James,Valerie Miller,Cloudy,Fresh,37764
280,2018,2018-05-01,5,6,7,5,Field,5,0,6,195,165,Robert Rodriguez,Roger Gonzalez,Mark Middleton,Clear,Dusty,22256
281,2012,2012-05-12,7,6,12,7,Field,7,0,3,157,121,April Cruz,Monica Hill,Frederick Chavez,Humid,Dusty,29962
282,2021,2021-05-28,9,5,19,9,Bat,9,1,0,157,156,Jaime Anderson,Jason Hunter,Alexis Schmidt,Rainy,Worn,10232
283,2022,2022-04-07,2,5,17,2,Field,5,0,0,153,153,Loretta Atkins,Karina Weber,Jesse Carr,Rainy,Fresh,14250
284,2016,2016-05-11,2,9,1,2,Field,9,0,0,170,170,Barbara Harris,David Small,Debra Williams,Humid,Fresh,13251
285,2010,2010-04-22,2,4,11,2,Field,4,0,0,157,157,Tom Davis,James Baker,Blake Simpson,Clear,Worn,32114
286,2012,2012-05-19,9,8,16,8,Field,8,0,1,126,120,Eric Michael,James Gonzales,Emily Gilbert,Rainy,Worn,19483
287,2020,2020-05-03,3,6,5,3,Field,6,0,0,129,129,Sheila Evans,Darin Vaughn,Nancy Reese,Rainy,Dusty,24787
288,2008,2008-05-15,8,7,7,7,Bat,7,32,0,145,113,Michael Schultz PhD,Claire Walton,Mark Clark,Cloudy,Dusty,21813
289,2021,2021-04-04,6,2,13,2,Bat,2,41,0,164,123,Mary Baker,Elizabeth Parsons,Jessica Gonzalez,Humid,Used,32459
290,2017,2017-04-05,5,6,12,6,Field,5,0,0,131,131,Amanda Baxter,Jeffrey Jones,William Rosario,Cloudy,Dusty,15619
291,2020,2020-04-08,9,3,12,9,Bat,9,82,0,151,69,Clayton Reyes,Andrea Cox,Brittany Miller,Humid,Used,27124
292,2021,2021-05-18,3,10,9,3,Field,3,0,9,271,208,Katherine Gomez,Alexander Williams,Linda Reyes,Rainy,Dusty,31295
293,2009,2009-05-05,9,3,2,3,Bat,9,0,0,159,159,Amy Brown,Steven Moore,Jon Gregory,Humid,Used,17690
294,2018,2018-04-16,5,10,17,10,Bat,5,0,0,178,178,James Vazquez,Elizabeth Powell,Joseph Zimmerman Jr.,Humid,Worn,15557
295,2023,2023-04-05,9,10,11,10,Bat,9,0,0,186,186,James Franco,Mark Morales,Jose Smith,Rainy,Fresh,11016
296,2008,2008-05-05,4,5,17,4,Bat,4,65,0,193,128,Cristina Logan,Andrew Smith,Theresa Chambers,Clear,Dusty,15217
297,2018,2018-04-24,7,2,15,2,Bat,2,8,0,202,194,Jerry Arnold,Holly Mckinney,Austin Davidson,Clear,Fresh,19118
298,2010,2010-05-14,8,7,4,8,Field,7,0,0,156,156,Seth Hansen,Tristan Banks,Frederick Bush,Humid,Worn,51726
299,2009,2009-04-09,8,3,17,3,Field,3,0,9,185,140,Courtney Mcknight,Amanda Arias,Thomas Edwards,Rainy,Used,42150
300,2019,2019-04-07,2,5,16,2,Field,2,0,4,175,139,Deborah Chang,Michael Baker,Jamie Mendoza,Rainy,Used,18512
301,2022,2022-04-30,10,8,20,10,Field,10,0,2,201,187,Michael Olsen,Mackenzie Simmons,Arthur Walker,Cloudy,Used,21840
302,2022,2022-04-23,7,4,12,7,Bat,7,54,0,143,89,Christopher Torres,Nicole Hicks,Thomas Kennedy,Clear,Worn,15663
303,2022,2022-04-16,6,9,2,6,Field,6,0,2,175,163,Rebecca Briggs,Kelli Barnes,Gary Sanchez,Clear,Fresh,18063
304,2013,2013-05-30,1,4,12,4,Bat,4,53,0,198,145,Emily Taylor,Donald Larson,Victor Thompson,Cloudy,Worn,12314
305,2012,2012-04-01,9,5,17,9,Bat,5,0,0,181,181,Veronica Williamson,Travis Jenkins,Christopher Martinez,Clear,Fresh,38780
306,2020,2020-05-23,9,6,11,9,Bat,6,0,0,206,206,Daniel Holmes,David Williams,Robert Thomas,Cloudy,Dusty,40210
307,2017,2017-04-23,5,1,16,1,Bat,5,0,0,187,187,Stephen Lewis,Tara Blackwell,Ryan Knight,Clear,Used,24813
308,2021,2021-05-21,9,1,20,9,Field,1,0,0,155,155,Abigail Armstrong,Michael Perez,Justin Kelly,Rainy,Used,16994
309,2022,2022-05-15,4,10,12,4,Field,4,0,6,187,151,Justin Phelps,Megan Mcdonald,Leslie Cox,Cloudy,Worn,34255
310,2020,2020-05-06,10,8,4,8,Field,8,0,2,130,120,Cheryl Acevedo,Lori Garza,Juan Weiss,Cloudy,Used,10699
311,2018,2018-05-05,6,3,4,6,Bat,6,5,0,146,141,Heather Harrington,Elizabeth Herring,Thomas Miles,Clear,Fresh,57824
312,2015,2015-04-23,5,10,1,10,Bat,5,0,0,174,174,Carmen Lee,Darren Wolfe,Pamela Sharp,Humid,Worn,20294
313,2014,2014-04-08,6,7,9,7,Bat,6,0,0,179,179,Gerald Lopez,Nicholas Woodard,Maria Wright,Humid,Fresh,23582
314,2017,2017-05-01,5,1,5,5,Bat,5,94,0,153,59,Brian Lambert,Wanda Sanders,Christopher Torres,Cloudy,Worn,26007
315,2016,2016-04-03,9,7,11,7,Bat,7,96,0,160,64,Carol Washington,Robert Hobbs MD,Keith Jackson,Humid,Worn,23897
316,2023,2023-04-30,9,5,8,5,Bat,5,79,0,204,125,Andrew Mccann,Roger Bowman,Jesse Davis,Cloudy,Dusty,71182
317,2016,2016-05-26,5,6,18,5,Bat,5,82,0,214,132,Mr. James Page,Melissa Douglas PhD,Lisa Hicks,Rainy,Worn,20056
318,2011,2011-05-19,5,3,2,5,Field,3,0,0,155,155,Christopher Hart,Adam West,Curtis Bartlett,Cloudy,Worn,21445
319,2019,2019-05-14,10,6,19,10,Bat,6,0,0,173,173,Jonathan Mann,Eric Taylor,Alicia Saunders,Rainy,Fresh,15524
320,2023,2023-05-15,5,8,17,5,Field,5,0,8,238,166,Nicole Kramer,Shawna Johnston,Patricia Adams,Cloudy,Worn,29641
321,2023,2023-05-20,10,5,19,5,Bat,5,79,0,155,76,Christopher Bonilla,Jennifer Rice,Robert Gilbert,Cloudy,Worn,21699
322,2012,2012-04-30,5,2,11,5,Field,2,0,0,202,202,Norman Frey,Darryl Williams,Hailey Jacobs,Humid,Dusty,21230
323,2008,2008-05-09,5,4,13,4,Field,5,0,0,194,194,Daniel Ramsey,Heather Miller,Whitney Calhoun,Humid,Fresh,19617
324,2011,2011-05-21,8,4,12,8,Field,4,0,0,140,140,Tina Harper,Kim Austin,Shannon Huff,Clear,Dusty,41588
325,2013,2013-04-13,5,6,1,6,Bat,6,68,0,174,106,Christopher Anderson,Jason Crawford,Amy Macias,Rainy,Used,53686
326,2016,2016-05-03,1,8,8,1,Bat,1,26,0,164,138,Stacy Martinez,Hannah Barrera,Melissa Lewis,Rainy,Used,30198
327,2008,2008-04-07,1,2,3,1,Field,2,0,0,127,127,Matthew Rodriguez,Dale Taylor,Patricia Perkins,Clear,Used,16641
328,2020,2020-04-16,7,4,3,7,Bat,4,0,0,217,217,Francisco Noble,Nicholas Bailey,Alexandra Cox,Cloudy,Dusty,27900
329,2022,2022-05-03,10,9,17,10,Bat,10,87,0,211,124,Alice Wood,Alexandria Weeks,Lindsay Kaufman,Clear,Worn,39172
330,2017,2017-05-29,9,8,17,8,Field,8,0,8,198,134,Raymond Torres,Ryan White,Mary James,Humid,Dusty,13216
331,2013,2013-04-10,3,1,3,3,Bat,3,74,0,202,128,Thomas Reed,Jeffrey Allen,Jodi Smith,Rainy,Used,12362
332,2012,2012-05-17,1,6,8,6,Field,1,0,0,147,147,Michael Brown,Theresa Hill,Robert Smith,Cloudy,Used,58279
333,2009,2009-04-03,9,3,2,9,Field,9,0,6,206,146,Stacy Hubbard,Melissa Yoder,George Evans,Humid,Dusty,45073
334,2018,2018-05-30,8,4,18,8,Bat,4,0,0,138,138,Phillip Wallace,Patrick Farmer,Heather Davis,Cloudy,Used,10053
335,2017,2017-04-19,4,10,19,10,Field,10,0,1,207,202,Ashley Gordon,Allen Patterson,Lauren Ware,Clear,Worn,20557
336,2020,2020-04-22,4,2,4,2,Bat,4,0,0,143,143,Alexandra Bond,Ethan Green,Chris Rivera,Rainy,Used,32253
337,2008,2008-04-26,5,7,20,5,Bat,7,0,0,151,151,Tammy Johnston,Kara Johnson,Summer Mitchell,Cloudy,Worn,20767
338,2009,2009-04-17,1,3,18,1,Field,3,0,0,147,147,Sandra Pennington,Christopher Hamilton,Brittany Price,Humid,Fresh,21515
339,2013,2013-05-26,5,8,12,5,Bat,8,0,0,192,192,Robert Warren,Amanda Robinson,Melissa Farmer,Rainy,Dusty,42140
340,2018,2018-05-01,6,7,11,6,Bat,6,58,0,157,99,Courtney Allen,Ashley Henderson,Joanne Ross,Rainy,Dusty,32802
341,2012,2012-05-24,3,9,11,3,Bat,9,0,0,140,140,Ronald Chapman,Samuel Franklin,Carol Castillo,Clear,Fresh,38873
342,2010,2010-04-27,1,9,6,9,Bat,1,0,0,198,198,Michael Martin,Laurie Haas,Cynthia George,Cloudy,Worn,70447
343,2008,2008-04-17,8,4,11,4,Field,8,0,0,159,159,Victor Delacruz,Alexandra Williams,Angel Schultz,Cloudy,Fresh,22263
344,2023,2023-05-03,2,1,14,2,Field,2,0,6,209,143,Lucas Barajas,Larry Davis,Nicholas Powell,Clear,Fresh,20557
345,2016,2016-05-22,10,5,3,5,Bat,5,94,0,182,88,Heather Maldonado,Elizabeth Watkins,Samuel Walker,Rainy,Used,27531
346,2012,2012-04-03,3,10,19,3,Bat,3,9,0,193,184,Lisa Cruz,Sherry Smith,Katelyn Gomez,Clear,Used,21189
347,2023,2023-05-25,1,7,12,1,Field,1,0,3,183,159,Kayla Campbell,Mr. Justin Mckinney,Jeremy Chapman,Clear,Fresh,17539
348,2022,2022-04-10,7,5,5,7,Field,7,0,9,304,196,David Rush,Donald Valdez,Daniel Reed,Cloudy,Fresh,17976
349,2014,2014-04-04,4,6,9,6,Bat,4,0,0,173,173,Kelly Edwards,Kimberly Horton,Nicole Burns,Rainy,Used,30941
350,2019,2019-05-29,7,2,9,7,Field,7,0,1,133,125,James Floyd,Raymond Edwards,Chris Smith,Cloudy,Fresh,35664
351,2015,2015-04-10,8,2,13,2,Bat,8,0,0,158,158,Diana Proctor,Nathan Ruiz,Eduardo Todd,Clear,Worn,43378
352,2014,2014-05-13,8,2,16,2,Field,2,0,5,212,187,Jonathan Hammond,Michelle Martin,Emily Carr,Humid,Worn,34200
353,2018,2018-05-19,10,7,7,10,Bat,7,0,0,126,126,Lisa Carpenter,Brian Lee,Jennifer Taylor,Clear,Dusty,12100
354,2010,2010-04-24,10,6,11,6,Field,10,0,0,132,132,Alexander Henderson,John Higgins,Jimmy Nelson,Cloudy,Fresh,43732
355,2019,2019-05-04,1,7,6,1,Bat,1,66,0,212,146,Emily Massey,Michael Morton,Nicolas Waters,Rainy,Dusty,42221
356,2023,2023-05-20,2,5,10,5,Field,2,0,0,143,143,John Murphy,Joshua Nichols,Mark Davis,Cloudy,Worn,28386
357,2008,2008-04-29,6,2,15,2,Bat,6,0,0,188,188,Mariah Martin,Cynthia Patterson,Sara Briggs,Clear,Fresh,23698
358,2011,2011-05-28,1,10,19,1,Bat,10,0,0,137,137,David Lawson,Robert Ferguson,Gabriel Brown,Cloudy,Used,15242
359,2011,2011-05-18,4,7,16,4,Field,7,0,0,164,164,Stacie Ramirez,Rebecca Kim,Jason Yu,Clear,Dusty,33293
360,2013,2013-04-16,9,10,4,10,Field,9,0,0,127,127,Holly Blair,Robert Welch,Alexandra Foster,Humid,Dusty,10503
361,2018,2018-04-09,2,10,1,2,Field,2,0,7,269,213,Tiffany Atkins,Joseph Flores,Charles Mcdowell,Clear,Dusty,10148
362,2017,2017-05-05,3,7,17,7,Field,7,0,1,167,159,Walter Norman,Joshua Hall,Teresa Chapman,Rainy,Used,12359
363,2022,2022-04-24,5,3,9,3,Bat,3,31,0,212,181,Christopher Flores,Rhonda Andrews,Stacy Brewer,Cloudy,Worn,16830
364,2008,2008-04-28,1,2,6,1,Field,1,0,5,175,150,Lisa Powell,Scott Brown,Jeremy Tran,Humid,Dusty,49020
365,2010,2010-05-16,8,1,13,8,Bat,8,8,0,157,149,William Thompson,John Maxwell,Tracy Sexton,Rainy,Worn,67817
366,2021,2021-04-21,1,7,2,7,Bat,7,3,0,122,119,Jonathan Kelly,Jacob Watson,Christina Peterson,Rainy,Dusty,19904
367,2019,2019-04-06,3,4,15,4,Field,4,0,2,159,139,Phillip Hayes,Amy Mitchell,Daniel Monroe,Humid,Dusty,36412
368,2019,2019-04-03,3,1,2,3,Bat,3,15,0,163,148,Jeffery Graham,Donna Farmer,Jason Johnson,Clear,Fresh,18737
369,2021,2021-05-23,1,5,11,1,Field,5,0,0,190,190,Terry Green,Pamela Howe,Miss Anita Huff,Clear,Dusty,35945
370,2022,2022-04-14,4,7,4,4,Bat,7,0,0,170,170,Christopher Williams,David Becker,Ariana Stephens,Rainy,Dusty,40715
371,2021,2021-05-04,1,9,4,1,Bat,9,0,0,138,138,Matthew Hoffman,Jennifer Gibbs,Tyrone Wells,Rainy,Fresh,42157
372,2018,2018-05-05,5,10,17,10,Field,5,0,0,140,140,Danielle Ross,Regina Wilson,Daniel Walls,Cloudy,Used,23448
373,2011,2011-04-16,7,9,10,9,Bat,7,0,0,152,152,Tanya Smith,Elizabeth Wood,Benjamin Cole,Cloudy,Used,11503
374,2020,2020-04-15,9,3,17,3,Bat,9,0,0,121,121,Donald Bailey,Corey Mcneil,Jennifer Gonzales,Cloudy,Fresh,20136
375,2015,2015-05-18,3,4,12,4,Bat,3,0,0,182,182,Christopher Smith,Ronald Hall,Robert Ward,Humid,Worn,30229
376,2009,2009-04-06,6,8,17,6,Bat,6,17,0,178,161,Vincent Reyes,Elizabeth Weber,Christopher Wilson,Clear,Dusty,17962
377,2008,2008-05-21,3,10,12,10,Field,3,0,0,163,163,Christopher Gutierrez,Heather Morrow,Ralph Keith,Humid,Used,32296
378,2014,2014-05-18,7,9,1,9,Bat,9,90,0,136,46,Michael Murphy,Sean Rice,John Casey,Clear,Worn,28302
379,2018,2018-04-02,3,1,18,1,Bat,3,0,0,215,215,Charles Wallace,Kayla Delgado,Tanner Hernandez,Cloudy,Used,14661
380,2023,2023-04-18,9,6,7,6,Bat,9,0,0,220,220,William Rodriguez,Evelyn Dennis,Billy Estrada,Clear,Fresh,20194
381,2010,2010-05-31,7,1,10,7,Field,7,0,6,178,148,Christopher Lutz,Paula Jackson,Vanessa Peters,Clear,Used,33873
382,2020,2020-04-23,5,10,16,10,Field,5,0,0,193,193,Kendra Moon,Cody Coleman,Linda Brandt,Rainy,Fresh,21196
383,2009,2009-04-26,3,5,18,3,Bat,3,52,0,178,126,Brian Jones,Tammy Gonzalez,Robert Young,Humid,Fresh,12991
384,2017,2017-04-14,4,2,10,4,Field,2,0,0,217,217,Tom Hodges,Julia Nelson,Robert Larsen,Cloudy,Used,51020
385,2019,2019-04-21,8,1,6,1,Field,1,0,6,189,153,Craig Irwin,Richard Taylor,Thomas Kelly,Humid,Dusty,29913
386,2008,2008-05-06,7,8,9,8,Bat,8,10,0,180,170,Paige Williams,John Williams,Elizabeth Roth,Cloudy,Fresh,20861
387,2018,2018-04-17,3,6,7,3,Field,6,0,0,123,123,Bryan Brown,David French,Christopher Blankenship,Clear,Fresh,15114
388,2022,2022-05-03,1,5,2,1,Bat,1,1,0,163,162,Rebecca Spencer,Michelle Flores,Kristin Robinson,Clear,Fresh,17827
389,2023,2023-04-24,6,3,19,3,Field,3,0,3,223,193,Edwin Brewer,Jermaine Farley,Deborah Scott,Rainy,Worn,13475
390,2018,2018-05-02,9,7,3,7,Bat,7,19,0,155,136,Nathan Schmidt,Stephen Chavez,Melissa Burnett,Rainy,Dusty,35893
391,2020,2020-05-27,10,1,9,1,Field,1,0,5,217,187,Joshua White,Cole Mooney,Sarah Smith,Clear,Dusty,21621
392,2017,2017-05-10,8,6,10,6,Bat,6,63,0,216,153,Gary Walker,Tyler Meyer,Thomas Brown,Cloudy,Dusty,36720
393,2018,2018-05-29,1,10,12,1,Field,1,0,1,143,132,Mark Garcia,Shawn Walker,James Martin,Cloudy,Dusty,34350
394,2017,2017-04-12,2,5,15,5,Bat,2,0,0,201,201,Brian English,Kimberly Brown,Stephanie Rodgers,Cloudy,Worn,18488
395,2015,2015-04-12,7,9,12,7,Bat,9,0,0,194,194,Rachel Cooper,Crystal Jones,Samuel Gonzalez,Humid,Dusty,37536
396,2022,2022-04-16,1,8,2,1,Bat,1,5,0,185,180,Elizabeth Juarez,Tammy Huang,Allen Francis,Rainy,Used,39754
397,2019,2019-05-25,10,5,12,10,Bat,10,99,0,173,74,Shirley Martin,William Norton,Janet Lynch,Clear,Worn,29383
398,2009,2009-04-24,9,10,3,10,Field,9,0,0,174,174,Pamela Stuart,Mrs. Gabriella Long,Mark Khan,Clear,Dusty,15404
399,2020,2020-04-04,10,3,16,10,Field,3,0,0,124,124,Kimberly Pearson,John Martinez,Stephen Wagner,Clear,Used,23845
400,2022,2022-05-27,1,9,12,9,Bat,1,0,0,142,142,Dennis Hartman,Brian Clark,Catherine Garcia,Rainy,Fresh,30625
401,2013,2013-05-04,1,7,14,7,Bat,1,0,0,127,127,Pamela Mcdonald,Vincent Lambert,Karen Lane,Clear,Used,24247
402,2019,2019-05-21,10,3,8,3,Bat,10,0,0,174,174,Samuel Medina,Adam Wallace,Andrew Gilmore,Clear,Worn,67583
403,2014,2014-04-19,8,3,20,3,Bat,8,0,0,150,150,Emily Carey,Christopher Miller,Kimberly Perkins,Cloudy,Used,15979
404,2012,2012-05-06,2,5,11,5,Field,5,0,9,245,200,Katherine Johnson,Manuel Reed,Ronald Hardy,Rainy,Dusty,36260
405,2014,2014-05-09,9,10,17,9,Field,9,0,3,166,148,Brittany Arnold,Tamara Coleman,Craig Davenport,Rainy,Dusty,58291
406,2021,2021-04-17,4,5,10,5,Field,4,0,0,136,136,Mrs. Sara Lin,Amanda Chapman,Shannon Sloan,Rainy,Fresh,66123
407,2021,2021-04-22,3,1,1,3,Bat,3,46,0,166,120,Christopher Norris,Joe Schmitt,Samuel Ray,Clear,Used,40818
408,2019,2019-05-18,9,3,7,3,Field,3,0,4,182,154,Carly Floyd,Robert Velez,Daniel Gonzalez,Rainy,Fresh,23645
409,2015,2015-04-03,10,2,8,2,Bat,10,0,0,120,120,William Miller,Malik Murphy,Gregory Camacho,Rainy,Dusty,29377
410,2021,2021-05-30,5,10,8,5,Field,5,0,7,235,158,Kathryn Rodriguez DVM,Rachel Wagner,Michael Scott,Humid,Fresh,37866
411,2015,2015-04-21,1,3,11,3,Field,3,0,2,187,175,Jay Le,Katherine King,Matthew Collier MD,Humid,Used,12540
412,2017,2017-05-14,3,7,17,7,Bat,3,0,0,159,159,Zachary Park,Derek Shelton,Mark Washington,Clear,Used,49774
413,2020,2020-05-18,8,5,11,8,Field,8,0,8,258,186,Kayla Gray,David Allen,Joshua Conner,Cloudy,Dusty,18766
414,2018,2018-04-18,5,2,13,5,Bat,2,0,0,136,136,Christina Burton,Shane Eaton,Juan Merritt,Humid,Fresh,18695
415,2014,2014-05-28,10,8,9,8,Field,10,0,0,189,189,Brendan Parker,Richard Keller,George Buckley,Clear,Used,17449
416,2017,2017-04-23,1,10,12,10,Bat,1,0,0,146,146,George Gardner,Stephen Bryant,Deanna Zhang DVM,Humid,Worn,24163
417,2019,2019-04-18,9,2,17,9,Field,9,0,3,206,182,Theresa Hill,Alexander Pierce,Thomas Morales,Rainy,Dusty,23705
418,2015,2015-04-29,5,3,20,3,Field,3,0,9,234,171,Elizabeth Lopez,Alan Cooper,Jennifer Harris,Clear,Used,18769
419,2012,2012-05-18,9,5,1,9,Bat,5,0,0,141,141,John Garcia,Johnathan Woods,Melinda Brown,Clear,Worn,47788
420,2021,2021-04-29,10,4,10,10,Bat,10,73,0,170,97,Andrea Pratt,Stephanie Cruz,Christopher Gray,Humid,Worn,29404
421,2012,2012-05-28,3,5,10,3,Field,3,0,9,224,134,Zachary Ramirez,John Ochoa Jr.,Nicole Clark,Cloudy,Used,28154
422,2018,2018-05-23,7,1,10,1,Bat,7,0,0,125,125,Lauren Nguyen,Kevin Jones,Christopher Fisher,Rainy,Used,65947
423,2018,2018-04-26,3,1,3,1,Bat,1,16,0,211,195,Madison Williams,Bonnie Fisher,Christopher Frost,Rainy,Fresh,12909
424,2023,2023-04-06,3,6,10,6,Bat,6,30,0,166,136,Stephen Martinez,Paul Young,Elizabeth Grant,Rainy,Used,27687
425,2022,2022-04-11,5,2,4,2,Bat,5,0,0,207,207,Kimberly Parsons,Candice Ortiz,Betty Parker,Clear,Dusty,30759
426,2010,2010-05-24,8,7,3,7,Field,8,0,0,171,171,Jodi Jones,Nancy Jones,Jeffrey Cox,Cloudy,Dusty,28295
427,2019,2019-05-10,8,4,13,4,Field,8,0,0,134,134,Robert Harper,Mitchell Lee,Daniel Russell,Clear,Dusty,20189
428,2009,2009-04-09,10,1,9,1,Bat,10,0,0,145,145,Bradley Levy,Calvin Jones,Jennifer Reed,Rainy,Dusty,31065
429,2017,2017-05-26,9,7,18,9,Bat,7,0,0,147,147,Kristine Fernandez,Angela Owens,Craig Steele,Cloudy,Fresh,20461
430,2012,2012-04-27,6,5,16,5,Bat,6,0,0,128,128,Jason Garcia,Deanna Cherry,Robert Schmidt,Rainy,Fresh,40606
431,2012,2012-04-30,8,4,20,4,Bat,4,85,0,148,63,Michelle Hopkins,Kaylee Henderson,Dr. Christy Huffman,Rainy,Dusty,18391
432,2012,2012-04-24,2,10,2,10,Field,10,0,2,195,183,Edwin Mata,Mary Smith,Cameron Rush,Cloudy,Dusty,30662
433,2010,2010-05-23,5,8,6,8,Bat,5,0,0,195,195,Donna Thompson,Jared Smith,Brandon Kennedy,Clear,Worn,27286
434,2015,2015-05-04,7,2,12,7,Bat,2,0,0,178,178,Marvin Sanchez,Leslie Butler,Dean Martin,Rainy,Fresh,30769
435,2020,2020-05-18,8,3,12,8,Field,3,0,0,162,162,Victor Richard,Tiffany Jensen,Eric Lewis,Humid,Fresh,19616
436,2010,2010-05-28,4,7,15,7,Field,7,0,2,186,162,Kimberly Campbell,Morgan Lee,Christopher Gonzalez,Humid,Worn,10734
437,2017,2017-05-05,1,10,14,1,Bat,1,40,0,214,174,Danny Horn,Jessica Mccormick,James Holt DVM,Clear,Dusty,53408
438,2008,2008-05-04,6,7,15,6,Bat,7,0,0,147,147,Melissa Horton,John Hicks,Julie Mitchell,Humid,Worn,12939
439,2021,2021-05-08,5,6,19,5,Field,6,0,0,145,145,Donald Brown,Gloria Mcbride,Melissa Parker,Clear,Fresh,20404
440,2019,2019-05-04,9,10,12,10,Field,9,0,0,137,137,Patricia Griffith,Brittany Willis,Brittney Yang,Cloudy,Used,14983
441,2016,2016-04-03,2,8,14,2,Bat,8,0,0,211,211,Melvin Butler,Jeffrey Lee,Danielle Alvarez,Rainy,Used,13136
442,2010,2010-04-10,1,8,20,1,Field,1,0,3,193,157,Michael Hicks,Amanda Rich,Jessica Brown,Rainy,Worn,11826
443,2018,2018-04-13,5,10,11,10,Bat,10,61,0,196,135,Michael Nguyen,Jennifer Stark,Betty Boyer,Rainy,Used,17439
444,2014,2014-05-29,6,1,12,1,Field,1,0,4,194,162,Brenda Gay,Valerie Long,Stephanie Diaz,Rainy,Used,33740
445,2021,2021-05-09,2,5,17,5,Bat,5,43,0,157,114,Barbara Stewart,Randy Webb,Aaron Clark,Humid,Used,22000
446,2020,2020-05-27,6,7,17,6,Field,7,0,0,157,157,Michelle Miller,Anthony Martin,Aaron Wood,Cloudy,Fresh,27564
447,2012,2012-05-28,1,4,19,4,Bat,4,44,0,167,123,Michele Weber,Robin Hall,Russell Jones,Cloudy,Worn,15248
448,2018,2018-04-11,2,10,11,10,Field,10,0,4,167,139,Robyn Young,Anna Parsons,Robert Lang,Cloudy,Worn,27443
449,2011,2011-05-08,7,6,20,7,Bat,7,15,0,203,188,Frank Edwards,Jesse Nelson,Carrie Reynolds,Cloudy,Dusty,23585
450,2017,2017-04-16,4,3,9,3,Field,3,0,5,261,201,Teresa Holland,Virginia Moore,Andre Mora,Humid,Used,22650
451,2011,2011-04-01,10,9,13,10,Field,9,0,0,120,120,Ryan Davis,Jordan Miller,Fernando Conrad,Cloudy,Used,39367
452,2010,2010-05-25,7,4,19,7,Field,4,0,0,141,141,Virginia Gibson,Danielle Padilla,Jeffrey Russell,Rainy,Dusty,20569
453,2023,2023-05-04,1,10,10,1,Field,10,0,0,122,122,Adam Odonnell,Krystal Hernandez,Lisa Randall,Humid,Dusty,35441
454,2015,2015-04-07,4,2,7,4,Bat,2,0,0,170,170,Andrew Matthews,Patricia Mcbride,Drew Robinson,Humid,Fresh,19839
455,2015,2015-05-08,10,2,20,2,Bat,2,5,0,213,208,Samantha George,Patricia Reyes,Michael Davis,Clear,Fresh,25526
456,2009,2009-05-15,9,5,11,9,Bat,5,0,0,153,153,Joseph Myers,Mark Lewis,Zachary Lane,Cloudy,Fresh,36993
457,2022,2022-04-03,9,5,12,5,Bat,5,66,0,167,101,Alexandra Smith,Barbara Sloan,Paul Torres,Cloudy,Fresh,31289
458,2009,2009-05-23,6,7,18,6,Bat,6,4,0,128,124,Andrew Reed,Lisa Castillo,Karen Harper,Humid,Fresh,12730
459,2019,2019-05-29,4,6,16,4,Field,6,0,0,139,139,Kristine Reynolds,Phillip Baker MD,Donna Martinez,Cloudy,Dusty,40373
460,2013,2013-04-06,9,6,13,9,Bat,6,0,0,190,190,Bradley Green,Becky White,Gabriel Cobb,Humid,Fresh,58773
461,2020,2020-05-11,10,5,9,5,Bat,5,69,0,159,90,Christopher Navarro,Sarah Leon,Chelsea Soto,Humid,Fresh,29933
462,2023,2023-04-02,4,8,10,8,Bat,8,62,0,200,138,Tamara Hartman,Aaron Rush,Christopher Watson,Humid,Fresh,53047
463,2020,2020-04-15,10,7,12,10,Field,10,0,4,222,190,Robert Delacruz,Kevin Glover,Gregory Rojas,Rainy,Used,18494
464,2013,2013-04-16,7,2,15,2,Field,2,0,8,218,122,Kenneth Garcia,Joshua Castaneda,Amy Joseph,Rainy,Fresh,15207
465,2010,2010-04-05,4,7,18,4,Field,7,0,0,176,176,Kelly King,Alejandro Burns,Richard Walls,Cloudy,Worn,13050
466,2023,2023-05-23,5,4,4,5,Bat,5,76,0,217,141,Donna Nichols,Stephen Ramirez,Christopher Martin,Rainy,Fresh,34476
467,2021,2021-04-27,8,6,8,6,Bat,6,50,0,138,88,Joseph Campos,Mr. Thomas Small,Kimberly Allen,Clear,Worn,27448
468,2023,2023-05-24,9,10,2,9,Field,10,0,0,150,150,Kelli Barnes,Aaron Thompson,John Wilson,Clear,Worn,27363
469,2013,2013-05-03,5,4,2,5,Bat,5,32,0,181,149,Daisy Farmer,Stephanie Valenzuela,Wayne Lawson,Humid,Worn,30059
470,2022,2022-05-10,6,5,15,6,Field,5,0,0,164,164,Kimberly Jacobs,Trevor Porter,Daniel Richmond,Cloudy,Fresh,13366
471,2015,2015-05-28,3,4,3,4,Field,4,0,3,181,154,Jenna Johnson,Melissa Moore,Daniel Green,Clear,Used,13133
472,2013,2013-05-16,2,9,14,9,Bat,9,55,0,123,68,Bonnie Davis,Sean Stewart,Pamela Jones,Rainy,Used,16778
473,2014,2014-05-28,10,3,10,3,Field,3,0,5,206,156,James Wu,Robert Miranda,David Arroyo,Cloudy,Used,35169
474,2011,2011-04-22,3,10,2,10,Field,3,0,0,204,204,Allison Ware,Patricia Brown,Nathan Thomas,Humid,Worn,16672
475,2021,2021-04-16,10,1,15,1,Field,1,0,5,190,160,Kyle Morrison,Cassandra Fox,James Douglas,Clear,Fresh,12288
476,2023,2023-05-21,10,8,14,10,Field,8,0,0,214,214,Robert Mitchell,William Mendoza,Bryan Spencer,Rainy,Used,26189
477,2011,2011-05-04,2,4,13,4,Bat,4,21,0,203,182,Sara Velez,Colleen Rodriguez,Robert Rivera,Cloudy,Dusty,48455
478,2013,2013-04-25,10,6,16,6,Bat,10,0,0,157,157,George Velasquez,Dorothy Dickerson,Benjamin Gonzalez,Humid,Dusty,34084
479,2010,2010-05-02,2,1,13,2,Field,1,0,0,124,124,Charles Calhoun,Linda Miller,Mason Burton,Cloudy,Worn,57985
480,2011,2011-05-27,6,2,12,2,Bat,6,0,0,170,170,Eric Reynolds,Natasha Bonilla,Richard Carter,Rainy,Worn,29109
481,2011,2011-04-06,10,3,10,10,Field,10,0,6,245,179,Sarah Beard,Chad Harris,Thomas Lee,Humid,Worn,72499
482,2008,2008-04-13,1,3,15,3,Field,3,0,6,200,158,Julia Perkins,Alicia Johnson,Emma Gilmore,Humid,Used,33590
483,2023,2023-05-23,9,1,2,1,Bat,9,0,0,156,156,Chloe Smith,George Deleon,Melissa Browning,Humid,Fresh,17850
484,2010,2010-05-15,10,4,20,10,Bat,4,0,0,121,121,Jared Caldwell,Robert Rogers,Caitlin Smith,Cloudy,Worn,13104
485,2018,2018-05-14,6,2,8,6,Bat,2,0,0,152,152,William May,Christina Bray,Alexis Newman,Clear,Worn,16710
486,2013,2013-04-20,1,7,8,7,Bat,1,0,0,174,174,Michael Anderson,Elizabeth Thomas,Thomas Sanchez,Humid,Fresh,47943
487,2016,2016-04-24,3,2,9,3,Bat,2,0,0,212,212,Curtis Tucker,Austin Torres,Mrs. Melissa Thomas,Rainy,Dusty,12549
488,2017,2017-05-30,5,6,10,5,Field,5,0,1,180,174,Judy Jenkins,Wendy Smith,Drew Norman,Humid,Used,18169
489,2019,2019-04-03,4,10,12,4,Bat,4,22,0,126,104,Gregory Murphy,Tammy Taylor,Kyle Young,Clear,Used,18160
490,2011,2011-04-18,10,2,15,2,Field,2,0,6,269,197,Anthony Smith,Michael Santos,James Carr,Humid,Dusty,39685
491,2010,2010-05-15,8,1,14,1,Bat,8,0,0,187,187,Makayla Flores,Nicholas Stewart,Victoria Miller,Clear,Dusty,29193
492,2017,2017-05-25,4,3,8,3,Field,4,0,0,143,143,Mary Yang,Bryan Nelson,James Hicks,Clear,Fresh,69942
493,2019,2019-04-07,10,8,8,8,Bat,10,0,0,150,150,Alyssa Henry,Lauren Cochran,James Brown,Humid,Fresh,69259
494,2011,2011-05-15,7,9,11,7,Field,7,0,2,175,157,Adam Cantrell,James Schmitt,James Brown,Rainy,Fresh,19026
495,2017,2017-04-12,1,7,8,1,Bat,1,82,0,141,59,James Pittman,Kelly Terry,Wayne Chaney,Cloudy,Used,37384
496,2019,2019-05-25,7,2,6,2,Bat,7,0,0,162,162,Jennifer Friedman,Shelby Duncan,Michael Gamble,Humid,Used,40692
497,2010,2010-04-15,6,1,9,6,Field,1,0,0,127,127,Tracy Rodriguez,Patricia Mack,Joshua Nguyen,Cloudy,Fresh,20848
498,2012,2012-05-28,5,1,19,1,Bat,5,0,0,171,171,Lacey Lawson,Bryan Hart,Kristen Rodriguez,Rainy,Worn,19183
499,2019,2019-05-20,7,3,19,3,Field,7,0,0,144,144,Richard Horton,Tonya Gaines,Lauren Riley,Cloudy,Used,19854
500,2021,2021-05-20,4,5,7,5,Bat,5,8,0,167,159,Donna Harper,Laura Alexander,William Dickerson,Cloudy,Dusty,21311
501,2013,2013-05-21,1,7,15,7,Field,7,0,3,182,158,Alison Arnold,Chloe Stephens,Steven Hunter,Rainy,Fresh,30818
502,2009,2009-04-26,9,3,16,9,Bat,3,0,0,170,170,Ms. Veronica Hicks,Christina Terry,Yvette Harvey,Clear,Worn,16448
503,2017,2017-04-06,3,7,3,3,Field,3,0,5,193,168,Lisa Wilkinson,Edward Brown,Kara Miller,Clear,Used,18307
504,2012,2012-05-30,7,8,10,8,Bat,7,0,0,121,121,Scott Rhodes,Jennifer Navarro,David Adams,Rainy,Dusty,52544
505,2019,2019-05-24,10,8,14,10,Bat,8,0,0,146,146,Keith Jones,Victoria Smith,Christopher Livingston,Clear,Dusty,31165
506,2013,2013-05-15,10,9,14,9,Field,10,0,0,171,171,Anthony Kramer,Dale Rivera,Ryan Reed,Rainy,Dusty,46937
507,2018,2018-05-18,2,8,19,8,Bat,2,0,0,161,161,Jeremy Palmer,Christine Tran,Claudia Reynolds,Humid,Dusty,11449
508,2009,2009-04-05,8,9,13,9,Field,8,0,0,199,199,Justin Peterson,Nicole Wilson DDS,Michael Young,Humid,Fresh,29533
509,2021,2021-05-21,5,3,17,3,Field,3,0,3,184,169,Danielle Thomas,Mr. Edward Brown,Gabrielle Wright,Humid,Dusty,53403
510,2019,2019-05-15,7,3,20,3,Bat,7,0,0,159,159,Christopher Young,Kaitlyn Mcgee,Hannah Merritt,Rainy,Used,20591
511,2009,2009-04-07,3,6,3,6,Bat,6,35,0,173,138,Sandra Gray,Brandon Vega,Sheryl Ortega,Rainy,Used,21694
512,2012,2012-05-06,6,9,1,6,Bat,6,66,0,167,101,Donna Tyler,Joshua Baker,Jeffrey Duncan,Clear,Worn,12770
513,2010,2010-05-28,1,7,11,1,Field,1,0,7,277,207,Timothy Perez,Mr. Craig James,Samantha Robertson,Humid,Used,35576
514,2009,2009-04-04,6,9,10,6,Bat,9,0,0,161,161,David Olson,Bryan Byrd,Laura Moore,Cloudy,Dusty,11783
515,2012,2012-05-18,5,8,14,5,Bat,5,80,0,138,58,Marilyn Jenkins,Robert Washington,Jonathan Cuevas,Rainy,Worn,20558
516,2015,2015-05-01,8,10,8,10,Field,10,0,5,198,173,Megan Jensen,James Blair DDS,David Marshall,Humid,Used,57158
517,2009,2009-04-30,6,8,3,6,Bat,8,0,0,170,170,Christian Castaneda,Christina Rubio,Lorraine Hernandez,Cloudy,Fresh,36254
518,2022,2022-05-26,2,4,20,2,Field,4,0,0,127,127,Jordan Reynolds,Stuart Peterson,Darrell Martin,Clear,Worn,18790
519,2008,2008-05-14,8,6,14,6,Bat,6,46,0,149,103,Jeremy Cline,Virginia Foster,Lorraine Chambers,Cloudy,Fresh,30669
520,2021,2021-04-30,10,4,10,10,Field,4,0,0,202,202,Jenny Mendoza,Margaret Decker,Debbie Taylor,Humid,Dusty,39758
521,2018,2018-05-02,1,5,10,1,Bat,1,47,0,172,125,Margaret Adams,James Keller,Kristina Bush,Clear,Worn,17395
522,2011,2011-04-19,8,5,2,5,Bat,5,83,0,197,114,Travis Booth,Tracy Fox,Cody Hardy,Clear,Dusty,24896
523,2014,2014-04-12,1,2,7,2,Field,1,0,0,140,140,Darryl Bennett,Jessica Conley,Alexander Harris,Cloudy,Dusty,19279
524,2015,2015-05-22,1,7,4,7,Bat,7,35,0,186,151,Samuel Hernandez,Jeremy Reed,Gregory Hunt,Humid,Dusty,65392
525,2021,2021-05-25,3,5,17,5,Field,3,0,0,179,179,Kimberly Atkins,Scott Sullivan,Joshua Fowler,Humid,Worn,14255
526,2022,2022-05-28,1,5,8,5,Bat,5,75,0,146,71,Brett Flowers,Michelle Rich,Martin Robinson,Humid,Used,66811
527,2015,2015-04-13,2,7,17,7,Bat,7,26,0,148,122,Kimberly Taylor,Caroline Vargas,Eric Brown,Clear,Worn,49638
528,2014,2014-05-16,3,4,7,4,Bat,3,0,0,131,131,Debra Hendrix,Gina Wall,Christopher Parker,Clear,Dusty,18841
529,2013,2013-04-20,9,2,8,2,Bat,9,0,0,141,141,Jill Rivera,Keith Rodriguez,Shannon Taylor,Humid,Fresh,75349
530,2008,2008-04-05,9,6,16,9,Field,9,0,3,204,177,Timothy Roberts,Angelica Molina,Kristin Tucker,Cloudy,Worn,42658
531,2021,2021-04-24,5,4,18,5,Field,4,0,0,161,161,Amy Cuevas,Patricia Fisher,Jennifer Wilson,Cloudy,Fresh,22591
532,2016,2016-05-21,9,3,18,3,Field,3,0,5,231,186,Joseph Ramirez,Kelly Farmer,Theresa Rivas,Humid,Worn,21024
533,2013,2013-05-29,7,2,4,2,Bat,2,72,0,189,117,Barbara Jensen,Angela Simon,Christine Adams,Humid,Dusty,29542
534,2020,2020-04-16,3,4,18,4,Field,3,0,0,150,150,Hector Campbell,Barbara Tucker,Jillian Hicks,Rainy,Worn,18004
535,2023,2023-04-14,5,3,19,5,Field,3,0,0,127,127,Donna Walters,Mrs. Alison Spencer MD,Mary Williams,Cloudy,Fresh,13299
536,2008,2008-05-03,1,8,14,8,Bat,8,53,0,192,139,Steven Sherman,Gabriela Gray,Rebecca Jackson,Humid,Used,17560
537,2009,2009-05-05,6,10,17,6,Bat,6,70,0,123,53,Anthony Herrera,Mark Alvarez,Holly Owen,Humid,Used,17383
538,2014,2014-05-25,1,7,9,1,Field,7,0,0,149,149,Mr. Keith Thomas,Daniel Barnes,Lawrence Miranda,Humid,Used,30376
539,2017,2017-04-05,8,4,19,8,Field,4,0,0,150,150,Karen Nelson,Elizabeth Davis,Jeremiah Mckinney,Humid,Worn,12662
540,2012,2012-05-24,3,6,20,3,Field,6,0,0,144,144,Lisa Huff,Tracy Davis,Dennis Sherman,Clear,Dusty,24095
541,2013,2013-04-28,1,3,1,3,Bat,1,0,0,156,156,Angela Reynolds,Matthew Butler,Matthew Butler,Clear,Fresh,40478
542,2017,2017-04-26,3,1,17,3,Field,1,0,0,143,143,Kyle Riley,Brandon Sweeney,John Rodriguez,Humid,Used,48497
543,2009,2009-04-11,2,10,5,10,Field,2,0,0,170,170,Darius Williams,Evan Conley,Adam Jones,Cloudy,Used,14921
544,2021,2021-04-11,9,2,17,9,Field,2,0,0,213,213,John Savage,Tyler Christensen,Diana Crawford,Humid,Worn,13935
545,2021,2021-05-26,9,1,4,1,Field,9,0,0,142,142,Angela Gordon,Susan Browning,Harold Wilcox,Rainy,Worn,51208
546,2014,2014-04-04,10,8,12,8,Bat,8,67,0,182,115,Nicole Fisher,Teresa Stewart,Michael Jackson,Cloudy,Dusty,24241
547,2011,2011-04-01,7,10,11,10,Bat,10,70,0,196,126,Michael Dudley,Robert Reese,Debbie Walker,Rainy,Fresh,24333
548,2012,2012-04-16,3,2,9,2,Field,2,0,8,269,189,Juan Smith,Andrew Hale,Aaron Guzman,Cloudy,Dusty,18452
549,2015,2015-05-24,3,9,17,9,Bat,3,0,0,169,169,Kaylee Hampton,Dustin Mann,Jennifer Martinez,Rainy,Dusty,26401
550,2009,2009-04-26,10,1,8,10,Bat,10,2,0,153,151,Stacey Munoz,Brad Adams,Shannon Daniels,Rainy,Fresh,61619
551,2021,2021-05-01,6,10,18,6,Field,10,0,0,184,184,Edward West,Anthony Johnson,Robin Scott,Humid,Worn,19708
552,2011,2011-05-09,5,4,2,4,Bat,5,0,0,166,166,Joshua Adams,Fred Fox,Christian Watson,Humid,Used,44584
553,2012,2012-04-23,8,7,14,8,Bat,7,0,0,131,131,Alexander Cook,James Lopez,Michele Martinez,Cloudy,Fresh,26632
554,2021,2021-05-22,3,8,11,3,Bat,8,0,0,136,136,Timothy Smith,Laura Hardy,Colleen Dudley,Humid,Dusty,39244
555,2016,2016-04-09,6,7,11,6,Bat,7,0,0,194,194,Adam Cameron,John Cameron,Melissa George,Rainy,Used,16079
556,2022,2022-05-01,1,5,6,5,Field,1,0,0,188,188,Brandy Moore,Laura Cervantes,Kristopher Davis,Humid,Dusty,65507
557,2009,2009-04-17,8,7,10,7,Field,7,0,5,211,176,Amanda Montgomery,Maria Rodriguez,Patrick Reyes,Clear,Used,69049
558,2013,2013-04-03,5,4,10,4,Bat,5,0,0,157,157,Kevin Harrison,Perry Yoder,Mr. Lucas Ritter,Rainy,Dusty,58855
559,2008,2008-05-24,5,9,14,5,Field,9,0,0,135,135,Brandy Cruz,Darrell Rodgers,Michelle Blake,Rainy,Used,38023
560,2020,2020-05-11,1,5,15,1,Field,1,0,7,163,121,Robin Stanley,Annette Mullins,Gerald Harris,Clear,Dusty,24376
561,2012,2012-04-21,8,7,18,7,Bat,8,0,0,172,172,Kimberly Meyer,Peter Jones,Crystal Garza,Rainy,Used,16145
562,2012,2012-05-28,9,10,8,10,Bat,10,15,0,152,137,Scott Caldwell,Joseph Johnson,Barbara Boone,Rainy,Dusty,28383
563,2010,2010-04-10,2,8,14,2,Field,2,0,5,232,177,Cassandra Montoya,Vincent Ford,Brianna Roach,Cloudy,Used,48102
564,2014,2014-04-22,1,6,5,6,Bat,6,57,0,167,110,Hannah Mendoza,Kim James,Rebecca Mcdonald,Clear,Used,12417
565,2016,2016-04-29,5,2,4,5,Field,5,0,8,273,185,John Gilmore,Jennifer Harmon,Angela Carrillo,Humid,Worn,29116
566,2017,2017-04-27,8,4,16,8,Field,4,0,0,194,194,Allison Bennett,Christopher Thomas,Marisa Rocha,Cloudy,Dusty,24211
567,2021,2021-05-30,3,5,2,3,Bat,5,0,0,135,135,Ms. Tammy Nicholson DVM,Henry Mora,Tyler Farley,Humid,Fresh,33322
568,2022,2022-04-08,6,2,2,2,Bat,2,80,0,193,113,Aaron Little,Christopher Nguyen,Christopher White,Rainy,Fresh,15337
569,2010,2010-04-06,3,10,1,3,Field,3,0,5,217,177,Angela Edwards,Lisa Alvarez,Ann Crane,Rainy,Fresh,19498
570,2013,2013-05-08,9,2,1,2,Bat,2,70,0,185,115,Mary Moreno,Brooke Clark,Daniel Robertson,Cloudy,Fresh,26655
571,2023,2023-05-07,5,1,15,1,Field,5,0,0,131,131,Kevin Walker,Richard Carr,Jeff Smith,Rainy,Worn,38243
572,2009,2009-04-12,6,3,6,3,Bat,6,0,0,131,131,Maria Espinoza,Brittany Bell,Brooke Levine,Rainy,Dusty,22110
573,2008,2008-05-13,1,8,1,8,Field,1,0,0,138,138,George Soto,Rodney Adams,Mark Holden,Clear,Used,23518
574,2016,2016-05-09,9,5,12,9,Field,9,0,5,170,135,Aaron Spencer,Richard Franklin Jr.,Dr. Omar Kelley,Clear,Used,26430
575,2009,2009-04-27,8,5,1,8,Bat,5,0,0,194,194,Billy Duke,Gene Hardy,Tony Evans,Humid,Used,50904
576,2010,2010-05-24,9,6,5,9,Bat,6,0,0,137,137,Connor Reed,Matthew Taylor,Cynthia Choi,Clear,Dusty,15073
577,2020,2020-04-25,3,2,6,3,Bat,2,0,0,180,180,Barry Smith,Timothy Mayo,Katie Smith,Humid,Used,28263
578,2019,2019-04-28,3,7,2,3,Bat,7,0,0,181,181,Gina Dennis,Brian Elliott,Stephen Smith,Rainy,Fresh,23503
579,2020,2020-05-18,6,8,6,6,Field,8,0,0,169,169,Melanie Williams MD,April Reyes,Thomas Jimenez,Clear,Used,62040
580,2022,2022-04-02,6,5,6,5,Field,5,0,7,214,151,Edward Murray,Dale Thompson,Julia Hall,Humid,Worn,10615
581,2012,2012-05-01,9,1,8,1,Bat,9,0,0,127,127,Kelly Gamble,Mary Cabrera,Michael Hawkins,Cloudy,Used,19383
582,2021,2021-05-07,10,2,8,10,Bat,10,59,0,209,150,Rebecca Ruiz,Michael Anderson,Christy Cruz,Humid,Dusty,57189
583,2014,2014-04-05,8,2,5,8,Field,2,0,0,213,213,Olivia Christian,Lisa Diaz,Joy Wang,Clear,Worn,26482
584,2022,2022-04-21,2,6,5,2,Field,2,0,2,143,131,Jerry Berg,Rebekah Butler,Christopher Stewart,Rainy,Fresh,14716
585,2022,2022-04-28,8,3,13,8,Bat,3,0,0,164,164,Shirley King,Martha Duran,Gloria Faulkner,Rainy,Fresh,57921
586,2008,2008-04-08,9,4,4,9,Field,9,0,7,292,208,Amy Wilkins,Stacy Thompson,Nicole Morgan,Rainy,Used,21683
587,2018,2018-05-06,4,10,19,10,Bat,4,0,0,210,210,Anthony Chambers,Misty Jacobs,Michelle Johnson,Cloudy,Dusty,11843
588,2012,2012-05-30,2,9,13,9,Bat,2,0,0,155,155,Daniel Newman,Jennifer Francis,Erin Manning,Clear,Used,35002
589,2019,2019-05-15,5,9,2,9,Bat,5,0,0,179,179,Jessica Kelley,Steven Barnes,Juan Mathis,Rainy,Worn,14526
590,2018,2018-05-21,4,3,5,3,Bat,4,0,0,178,178,Curtis Aguirre,Kylie Nash,Brandi Morris,Cloudy,Fresh,15874
591,2016,2016-05-26,9,2,9,9,Field,9,0,4,180,160,Doris Reed,James Cox,Megan Bradshaw,Clear,Used,27651
592,2011,2011-04-19,10,9,10,9,Bat,9,46,0,156,110,Christopher Galloway,Kristopher Cox,Raymond Johnson,Cloudy,Worn,64966
593,2017,2017-04-04,10,4,11,4,Field,10,0,0,199,199,Barbara Moss,Kristen Jordan,Andre Peters,Humid,Worn,30880
594,2010,2010-04-04,9,5,9,5,Field,9,0,0,151,151,Ashley Pruitt DDS,Isabel Vargas,Gerald Mathews,Clear,Dusty,33361
595,2013,2013-05-30,6,7,9,6,Field,7,0,0,175,175,Jennifer Larson,Brandon Jones,Jeanette Duncan,Rainy,Fresh,35523
596,2011,2011-04-12,2,3,16,2,Bat,2,39,0,173,134,Michelle Cooper,Heidi Hamilton,Cameron Glenn,Clear,Fresh,29431
597,2020,2020-05-20,4,8,13,4,Field,4,0,5,182,152,Timothy Hickman,Sarah Klein,Dawn Lee,Clear,Fresh,40113
598,2016,2016-04-30,10,2,7,2,Bat,10,0,0,139,139,Joshua Smith,Laura Lee,Jennifer Bryant,Clear,Fresh,18169
599,2012,2012-04-06,3,5,13,5,Field,3,0,0,187,187,Brian Lawson,Aaron Fry,Joshua Gibson,Rainy,Worn,40760
600,2009,2009-04-29,9,6,6,9,Bat,9,67,0,202,135,Gregory Morgan,Donald Garner,Lucas Bennett,Clear,Used,65929
601,2009,2009-04-28,4,7,3,4,Field,4,0,9,287,179,Matthew Kennedy,Dr. Eric Wilson,Jennifer Jacobs,Clear,Worn,29464
602,2023,2023-05-25,10,8,18,10,Bat,8,0,0,154,154,Wanda Brooks,Richard Jones,Jaclyn Holt,Cloudy,Used,14139
603,2022,2022-05-04,9,7,10,9,Field,9,0,6,239,173,Lori Taylor,Christopher Barber,Ryan Jones,Cloudy,Dusty,75879
604,2011,2011-05-22,6,8,7,8,Bat,6,0,0,155,155,Bethany Dillon,Erika Weber,Kimberly Davis,Clear,Used,16630
605,2012,2012-04-21,3,2,20,2,Bat,2,4,0,193,189,Miss Jaime Hays,Gregory Cruz,Roger Arnold,Cloudy,Fresh,28118
606,2020,2020-04-15,2,6,3,2,Field,2,0,8,241,193,Anthony Warner,Charles Smith,Lauren Thomas,Clear,Fresh,10311
607,2021,2021-05-14,1,10,9,1,Bat,1,76,0,217,141,Robert Clark,Amber Davis,Cynthia Stanley,Clear,Dusty,24792
608,2009,2009-05-30,2,5,9,2,Field,5,0,0,208,208,Lisa Jacobs,Donna Strong,Yolanda Miller,Clear,Fresh,10469
609,2022,2022-05-27,1,10,2,10,Field,1,0,0,145,145,Terry Jones,Gregory Roman,Jake Fisher,Rainy,Fresh,13640
610,2021,2021-04-25,2,1,11,2,Bat,1,0,0,180,180,Rachael Bradley,Jacob Cruz,Christopher Ortega,Clear,Dusty,29509
611,2014,2014-05-26,8,4,7,4,Bat,4,48,0,165,117,Jennifer Perez,Elizabeth Byrd,Kayla Russell,Cloudy,Worn,10707
612,2019,2019-05-01,10,5,4,5,Field,5,0,8,212,124,Samuel Henderson,Michael Callahan,Cassandra Smith,Clear,Dusty,57664
613,2021,2021-05-03,9,8,15,8,Bat,9,0,0,127,127,Brian Banks,Barry Hernandez,Carrie Phillips,Humid,Worn,14765
614,2021,2021-04-13,2,6,3,2,Field,6,0,0,149,149,Ronald Reyes,Heather Maynard,Cory Martin,Humid,Used,26034
615,2008,2008-05-11,7,4,3,4,Bat,7,0,0,157,157,Wesley Morales,Alicia Burgess,Patricia Taylor,Rainy,Worn,17435
616,2023,2023-04-15,4,2,19,2,Bat,4,0,0,211,211,Mark Nichols,Mary Valdez,Kelsey Carlson,Clear,Fresh,14423
617,2021,2021-04-12,9,5,5,9,Bat,9,19,0,183,164,Dawn Mueller,Shelby Daniel,Tammy Harris,Humid,Worn,24166
618,2012,2012-05-18,9,5,16,5,Field,5,0,8,254,190,Amanda Patel,Tamara Smith,Lance Frazier,Humid,Dusty,40756
619,2009,2009-05-29,4,9,16,4,Bat,9,0,0,187,187,Cynthia Simpson,Bruce Horton,Brooke Park,Humid,Used,10901
620,2009,2009-04-21,9,8,5,9,Field,8,0,0,206,206,Kevin Lozano,Isaac English,Jessica Pena,Cloudy,Worn,10297
621,2013,2013-05-06,10,9,9,10,Field,10,0,5,217,162,Matthew Waters,Zachary Stewart,Jesus Wilson,Rainy,Used,14227
622,2022,2022-04-22,3,9,15,3,Field,9,0,0,214,214,Robin Porter,Luis Haley,Daniel Parks,Cloudy,Worn,39765
623,2009,2009-04-01,3,9,1,3,Bat,3,32,0,124,92,Tammie Lane,Bill Rivera,Benjamin Heath,Rainy,Used,10923
624,2008,2008-05-15,5,3,8,3,Bat,5,0,0,138,138,Katherine Barry,Taylor Lopez,Nicole Hayes,Cloudy,Fresh,47433
625,2020,2020-04-09,10,8,17,8,Field,10,0,0,214,214,Michelle Byrd,Richard Henry,Adam Pennington,Rainy,Dusty,34585
626,2021,2021-05-16,8,2,13,8,Bat,8,70,0,133,63,Terri Mcdonald,Ryan Stout,Joel Walker MD,Clear,Dusty,40628
627,2017,2017-04-07,5,1,8,1,Field,5,0,0,120,120,Michael Martinez,Kevin Watson,Patrick Perez,Clear,Fresh,72492
628,2008,2008-05-22,5,9,2,5,Field,9,0,0,167,167,Benjamin Lyons,Richard Gonzalez,Caroline Ford,Humid,Fresh,28077
629,2016,2016-04-29,5,4,5,5,Bat,5,15,0,127,112,Robin Torres,Brittany Patel,Brian Moore,Cloudy,Dusty,28513
630,2012,2012-05-30,8,9,17,8,Field,9,0,0,179,179,Mark Graves,Desiree Cook,Daniel Evans,Clear,Fresh,10889
631,2013,2013-05-27,2,10,4,2,Bat,2,94,0,121,27,Joshua Price,Jacob Jones,Stephanie Frey,Humid,Used,64245
632,2021,2021-04-04,5,2,5,5,Field,2,0,0,178,178,Gwendolyn Glenn,Tracy Conley,Bruce Harper,Clear,Dusty,10592
633,2009,2009-04-30,9,10,4,10,Field,10,0,1,145,139,Zachary Dunn,Sandra Smith,Cynthia Pace,Rainy,Dusty,40091
634,2016,2016-04-21,5,4,11,5,Bat,5,49,0,200,151,Alexandra Allen,Jeffrey Banks,Luis Coffey,Clear,Fresh,45069
635,2016,2016-04-16,9,5,10,5,Bat,9,0,0,135,135,Michael Ellison,Albert Graham,Joyce Porter,Humid,Used,29422
636,2009,2009-04-30,2,6,13,2,Bat,2,50,0,184,134,Andrea Johnson,Susan Davies,Michael Gutierrez,Clear,Fresh,66624
637,2012,2012-04-04,5,6,11,5,Bat,5,63,0,136,73,Michelle Smith,Steven Brooks,Jaime Miller,Cloudy,Used,29183
638,2010,2010-05-27,5,7,9,7,Field,5,0,0,127,127,Jessica Randall,John Williams,Laura Irwin,Rainy,Dusty,11139
639,2009,2009-05-28,6,8,10,6,Bat,6,33,0,167,134,James Brown,Joshua Murray,Jamie Jacobs,Rainy,Used,59908
640,2016,2016-04-03,3,8,1,8,Field,8,0,3,197,176,Brandon Simmons,Douglas Willis,Larry Mills,Humid,Used,13242
641,2009,2009-04-19,5,2,7,2,Field,2,0,6,265,199,Kimberly Hansen,Emily Harrison,Kyle Powell,Humid,Fresh,10005
642,2015,2015-05-17,10,1,15,1,Field,1,0,9,247,139,Teresa Franklin,Nicole Charles,Sara Martinez,Rainy,Dusty,13286
643,2019,2019-04-10,10,2,4,10,Field,10,0,1,137,132,Lisa Gonzalez,Michael Mendez,Gabrielle Romero,Humid,Worn,40525
644,2023,2023-04-25,9,8,4,8,Field,9,0,0,156,156,Maria Sanders,Tara Patton,Allison Sanders,Rainy,Dusty,16237
645,2013,2013-05-25,4,7,19,4,Bat,7,0,0,180,180,Shelley Diaz,Gregory Clark,Timothy Baldwin,Cloudy,Fresh,12998
646,2011,2011-05-02,8,1,10,8,Bat,8,12,0,176,164,Karen Khan,Mark Mccarthy,Debra Warner,Rainy,Dusty,28749
647,2013,2013-04-30,7,4,6,7,Bat,4,0,0,162,162,Jennifer Martin,Crystal Byrd,Robert Taylor,Cloudy,Fresh,17192
648,2020,2020-05-25,9,3,20,3,Field,9,0,0,126,126,James Jenkins,Peter Park,Jeffrey Phillips,Clear,Dusty,27285
649,2013,2013-05-01,4,2,17,2,Bat,4,0,0,127,127,Leah Smith,Annette Shaw,Michelle Davis,Humid,Worn,51180
650,2012,2012-04-21,7,4,11,7,Field,7,0,3,229,208,Julie Alexander,Katrina Knight,Suzanne Thomas,Humid,Used,38724
651,2015,2015-04-08,8,5,6,5,Field,8,0,0,175,175,Ana Montoya,Bradley Mason,Charles Lester,Cloudy,Fresh,16867
652,2013,2013-04-19,8,6,15,6,Bat,6,34,0,129,95,Angelica Silva,Erik Daniels,Shannon Hudson,Rainy,Worn,18340
653,2021,2021-04-25,3,8,9,3,Field,3,0,5,215,175,Leroy Bishop,Ruben Blake,Amy Allen,Humid,Worn,15666
654,2012,2012-05-24,6,4,2,6,Field,6,0,3,194,179,Brian Perez,Daniel Mcclain,Stacy Jones,Rainy,Dusty,13188
655,2015,2015-04-20,4,5,15,5,Field,4,0,0,185,185,Amber Hill,Brenda White,Eric Jackson,Humid,Fresh,20327
656,2009,2009-05-06,10,6,3,6,Bat,10,0,0,171,171,Jacob Gomez,Timothy Powell,Keith Jackson,Cloudy,Used,15337
657,2020,2020-04-15,10,6,15,10,Bat,10,73,0,137,64,Paula Brown,Brendan Jones,Christopher Sanchez,Humid,Dusty,28690
658,2021,2021-04-25,7,9,5,9,Field,9,0,7,225,141,Thomas Duncan,Nathan Browning,Tina Koch,Humid,Used,28243
659,2016,2016-04-11,5,6,5,6,Field,5,0,0,140,140,Christopher Rodriguez,John Murphy,Barbara Smith,Humid,Dusty,19773
660,2020,2020-04-21,9,4,2,9,Field,9,0,5,195,170,Richard Hall,Jeffrey Powell,Jason Carpenter,Cloudy,Worn,27335
661,2009,2009-04-13,1,3,5,3,Bat,1,0,0,144,144,Rebekah Contreras,Cynthia Brown,Matthew Atkinson,Cloudy,Fresh,26357
662,2015,2015-05-17,1,4,6,4,Bat,1,0,0,133,133,Elizabeth Black,Lawrence Lopez,Lisa Hart,Rainy,Dusty,31222
663,2020,2020-04-01,6,4,9,4,Bat,6,0,0,125,125,Benjamin Gibson,Bradley Scott,Jeffrey Gregory MD,Cloudy,Used,21083
664,2023,2023-04-08,1,6,6,1,Bat,1,65,0,146,81,Matthew Gonzalez,Luke Stewart,Richard Harris,Rainy,Used,11566
665,2009,2009-04-26,5,3,13,5,Bat,3,0,0,169,169,Robert Cochran,Kathryn Oneal,Roger George,Cloudy,Used,48304
666,2013,2013-05-19,6,4,15,4,Field,6,0,0,181,181,Mason Nguyen,Lisa Hill,Tonya Miller,Clear,Dusty,19670
667,2021,2021-04-20,1,3,2,3,Field,1,0,0,139,139,Robert Vasquez,Tanya Riley,Steven Washington,Rainy,Fresh,14117
668,2014,2014-05-30,3,9,12,3,Field,9,0,0,139,139,Jerry Mitchell,Diana Hunter,Megan Howard,Cloudy,Worn,19011
669,2022,2022-04-06,3,7,20,7,Field,7,0,7,172,137,Brandon Wells,Mario Mccarthy,Melissa Brown,Humid,Fresh,22452
670,2018,2018-04-12,4,7,3,7,Field,4,0,0,170,170,Casey Graves,Scott Lawson,Samuel Perez,Humid,Worn,24479
671,2010,2010-05-06,6,5,2,5,Bat,6,0,0,202,202,Andrew Thomas,Nicole Smith,Lauren Compton,Humid,Dusty,45280
672,2009,2009-04-02,5,3,5,5,Bat,5,24,0,157,133,Carla Wells,Marie Raymond,Megan Wilson,Rainy,Worn,24668
673,2019,2019-04-16,1,8,19,8,Field,1,0,0,136,136,Andrew Mcmillan,Denise Webb,Patrick Hernandez,Rainy,Used,21274
674,2009,2009-05-03,10,4,14,4,Bat,10,0,0,153,153,Dominic Johnson,John Robinson,Kimberly Bates MD,Humid,Worn,38929
675,2010,2010-05-11,10,1,17,10,Field,10,0,7,194,152,Joseph Coleman,Brian Matthews,Heather Boyer,Cloudy,Worn,55875
676,2009,2009-05-13,4,6,20,4,Field,4,0,7,201,166,Steven Blankenship,Michael Williams,Bryan Washington,Cloudy,Dusty,14802
677,2011,2011-04-21,9,2,12,9,Bat,2,0,0,196,196,Nancy Reed,Kenneth Dunn,Pamela Anderson,Cloudy,Worn,20150
678,2010,2010-05-07,7,8,1,7,Field,8,0,0,159,159,David Flores,Paul Phillips,Regina Cox,Humid,Used,26592
679,2023,2023-05-12,8,3,15,3,Field,8,0,0,171,171,Emma Quinn,Kimberly Martinez,Shaun Anderson,Cloudy,Worn,37360
680,2022,2022-05-18,5,7,5,5,Bat,7,0,0,137,137,Mark Hall,Michael Gordon,Jennifer Christian,Humid,Fresh,28530
681,2009,2009-04-27,8,9,18,8,Field,9,0,0,200,200,Allison Walker,Patrick Bartlett,Janet Cole,Rainy,Used,15072
682,2015,2015-05-09,3,6,15,6,Field,6,0,5,172,122,Amanda Sharp,Melody Reyes,Christopher Huffman,Humid,Fresh,16932
683,2022,2022-05-12,7,8,3,7,Field,7,0,2,147,135,Tanya Santiago,Joseph Franklin,Lisa Bishop,Clear,Fresh,23636
684,2019,2019-04-03,3,8,7,8,Field,8,0,2,147,133,Jason Moreno,Amber Wright,Hannah Potter,Humid,Dusty,19216
685,2011,2011-05-31,4,9,15,9,Field,4,0,0,149,149,Francisco Goodman,Steven Ramirez,Laura Spears,Cloudy,Worn,29444
686,2014,2014-04-20,9,2,17,9,Field,2,0,0,172,172,Rachel Schneider,Michael Hernandez,Roberto Stewart,Clear,Dusty,28637
687,2008,2008-04-10,2,4,20,4,Field,2,0,0,165,165,Don Turner,Matthew Perez,Lisa Lewis,Rainy,Worn,19342
688,2018,2018-04-15,9,3,20,9,Bat,3,0,0,130,130,Richard Hernandez,Michael Patterson,Kenneth Jimenez,Cloudy,Used,15468
689,2017,2017-04-11,8,7,11,7,Bat,8,0,0,177,177,Keith Dawson,Heather Todd,Laurie Kidd,Rainy,Fresh,41979
690,2010,2010-04-04,4,8,4,4,Field,4,0,1,133,128,Tyrone Moore,Victoria Mitchell,Jose Carter,Humid,Dusty,12042
691,2013,2013-05-19,8,6,8,8,Field,8,0,7,193,137,Matthew Singleton,Lisa Pena,Carrie Zamora,Clear,Worn,56399
692,2023,2023-05-31,9,6,18,6,Field,9,0,0,133,133,Whitney Moore,Dennis Bridges,Christina Adams,Cloudy,Fresh,15215
693,2016,2016-05-02,10,7,14,10,Bat,10,20,0,144,124,Jamie Mullins,Mark Ritter,Cindy Cortez,Rainy,Fresh,14722
694,2013,2013-04-22,8,5,11,5,Field,5,0,5,169,124,Emily Robinson,Darrell Mcfarland,Dr. James Sims,Clear,Fresh,13658
695,2016,2016-05-23,3,7,8,7,Field,7,0,8,219,171,Jermaine Hicks,Mr. Jeffrey Gonzalez,James Powers,Rainy,Fresh,66117
696,2012,2012-05-19,2,6,5,6,Field,6,0,7,242,158,Brandon Knight,Tiffany Finley,Tiffany Dunn,Humid,Fresh,19302
697,2012,2012-04-15,8,5,17,8,Bat,8,78,0,127,49,Dawn Mckenzie,Roger Carter,Jonathan Waller,Clear,Dusty,32550
698,2019,2019-05-04,4,7,11,7,Field,4,0,0,184,184,Michael Fernandez,Daniel Parker,Melissa Rivera,Cloudy,Used,15345
699,2015,2015-04-11,5,9,5,5,Field,5,0,6,246,204,Brenda Clayton,David Williams,Jordan Baker,Rainy,Fresh,27361
700,2015,2015-05-23,7,1,1,1,Field,7,0,0,207,207,Diana White,Jamie Manning,Heidi Hammond,Humid,Fresh,48849
701,2012,2012-05-08,7,1,7,7,Field,7,0,7,207,165,Ian Dixon,Nicholas Buchanan,Jon Watkins,Clear,Worn,10662
702,2014,2014-05-29,6,5,13,5,Field,6,0,0,209,209,Paul Smith,David Mcgee,Gabriel Hodges,Cloudy,Fresh,65534
703,2018,2018-05-17,10,9,3,9,Field,10,0,0,129,129,Ann Boyd,Stephanie Reed,Charles Gomez,Clear,Used,30447
704,2016,2016-04-11,1,10,11,1,Field,10,0,0,138,138,Dawn Vance,Joseph Stone,Teresa Tanner,Clear,Fresh,22466
705,2016,2016-05-07,4,6,17,4,Bat,4,61,0,123,62,Danny Bailey,Lori Morrison,George Harrison,Humid,Fresh,38025
706,2018,2018-05-16,1,8,6,8,Bat,8,65,0,175,110,Elizabeth Martin,Eric Smith,Stephanie Goodman,Clear,Used,56560
707,2009,2009-04-05,6,3,14,6,Bat,3,0,0,169,169,Kenneth Miranda,Luke Grant PhD,Carolyn Rice,Humid,Used,54450
708,2011,2011-04-24,2,5,19,2,Bat,2,89,0,164,75,Steven Stewart,Heather Salas,Richard Anderson,Clear,Dusty,13566
709,2021,2021-04-05,8,6,4,8,Bat,6,0,0,161,161,Vanessa Rodriguez,Gerald Cook,Jason Rose,Rainy,Used,57300
710,2020,2020-04-11,2,10,1,10,Bat,10,94,0,137,43,Isaac Diaz,James Townsend,Jennifer Thomas,Humid,Fresh,18828
711,2011,2011-04-27,4,9,1,9,Field,9,0,1,160,149,Tiffany Howell,Lori Sawyer,Tabitha Davenport,Clear,Used,38279
712,2018,2018-05-11,2,5,9,5,Bat,2,0,0,182,182,Benjamin Skinner,Misty Russell,Anita Walker,Rainy,Fresh,33792
713,2010,2010-04-26,4,8,7,4,Field,8,0,0,156,156,Laura Long,Mark Murphy,Brian Johnson,Clear,Worn,17165
714,2023,2023-04-29,9,4,20,9,Bat,9,30,0,120,90,Judy Berry,Shelly Potts,Michael Graham,Humid,Used,17050
715,2015,2015-05-04,6,7,9,6,Field,6,0,5,181,136,Jennifer Kelly,Anthony Lin,Rodney Hurst,Humid,Used,30936
716,2009,2009-04-09,9,8,4,9,Field,9,0,3,174,141,Tracy Hester,Omar Houston,Richard Davis,Cloudy,Dusty,56903
717,2017,2017-05-13,10,4,5,10,Bat,10,31,0,203,172,Erin Haynes,Bianca Lewis,Cynthia Marshall,Clear,Worn,18734
718,2016,2016-04-28,6,7,11,6,Bat,6,24,0,151,127,Juan Johnson,Julie Joseph,Tracy Smith,Clear,Fresh,18413
719,2009,2009-04-02,7,5,8,5,Field,7,0,0,187,187,Candice Gonzalez,Brian Richards,Randy Smith,Rainy,Dusty,43745
720,2016,2016-05-12,2,3,16,2,Field,2,0,1,150,138,Zachary Cantu,William Gillespie,Mr. John Davis,Humid,Fresh,38018
721,2014,2014-05-30,2,10,6,2,Field,2,0,6,251,179,John Arnold,Nicole Garcia,Susan Graves,Rainy,Fresh,49350
722,2021,2021-05-17,1,7,1,7,Field,1,0,0,202,202,Joseph Cruz,Jonathan Ritter,Jasmine Dawson,Humid,Worn,29645
723,2015,2015-05-27,5,7,14,5,Bat,5,60,0,141,81,Justin Flores,George Wilson,Maria Nelson,Rainy,Fresh,38660
724,2021,2021-04-13,9,10,11,9,Field,9,0,2,236,212,Amanda Miller,Robert Leblanc,Christie Brooks,Rainy,Worn,29872
725,2022,2022-04-06,4,6,13,6,Field,4,0,0,148,148,Matthew Clark,Judy Fleming,Christopher Watkins,Humid,Worn,46814
726,2008,2008-05-20,4,10,17,10,Field,4,0,0,166,166,Brittany Hamilton,Andrew Pacheco,Felicia Reed,Humid,Worn,42393
727,2009,2009-05-26,8,1,20,1,Bat,8,0,0,182,182,Diana Myers,Ashley Watson,James Barajas,Clear,Fresh,21384
728,2016,2016-05-07,9,10,14,9,Bat,10,0,0,152,152,Eric Snyder,Michael Warner,Dominique Mclean,Rainy,Worn,40321
729,2017,2017-04-29,10,6,14,6,Bat,6,33,0,180,147,Tammy Parker,David Vasquez,Erik Bartlett,Humid,Used,34453
730,2018,2018-05-16,8,9,4,9,Bat,8,0,0,188,188,Joseph Brown,James Torres,David Clark,Rainy,Worn,63719
731,2020,2020-04-07,7,3,15,7,Field,3,0,0,204,204,Renee Adams,Tyrone Hutchinson,Albert Dalton,Cloudy,Dusty,28165
732,2014,2014-05-30,1,7,17,1,Field,1,0,6,214,148,Jasmin Thomas,Teresa Page,Christine Smith,Humid,Dusty,18114
733,2017,2017-04-10,10,3,10,10,Bat,3,0,0,131,131,Kevin Galloway,Joan Cook,Cory Simpson,Clear,Fresh,37163
734,2013,2013-04-22,4,6,10,6,Bat,6,57,0,219,162,Michael Lewis,Jason Fleming,Alyssa Williams,Humid,Fresh,41185
735,2010,2010-05-03,9,5,15,9,Field,9,0,1,134,126,Brenda Wilson,Monica Buchanan,Kevin Yang,Rainy,Dusty,28223
736,2019,2019-05-03,9,1,11,9,Bat,9,10,0,191,181,Charles Callahan,Robert Clark,Heather Cortez,Clear,Dusty,12699
737,2010,2010-04-28,4,7,5,4,Bat,7,0,0,137,137,Angelica Knox,Kyle Bennett,Jennifer Marshall,Clear,Worn,21564
738,2009,2009-04-13,7,3,9,3,Field,7,0,0,120,120,Christopher Harper,Pamela Roberts,Jennifer Wheeler,Cloudy,Dusty,25656
739,2015,2015-04-03,6,8,2,8,Bat,6,0,0,129,129,Rachel Marquez,Patricia Thompson,Thomas Simmons,Clear,Dusty,29204
740,2010,2010-04-07,1,6,12,1,Field,6,0,0,121,121,Ryan Griffin,Lisa Reyes,Alexander Peters,Rainy,Worn,15236
741,2022,2022-04-07,8,5,19,8,Field,5,0,0,144,144,Kyle Meza,Andrea Frederick,Cody Johnson,Cloudy,Dusty,15007
742,2009,2009-04-20,2,10,6,2,Field,2,0,1,204,195,Carolyn Curtis,Seth Freeman,Calvin Nichols,Rainy,Used,32543
743,2014,2014-05-27,8,5,4,8,Bat,8,36,0,125,89,Brianna Yoder,Elizabeth Blankenship DDS,Nicholas Dawson,Humid,Used,26187
744,2015,2015-04-27,5,8,12,8,Bat,5,0,0,138,138,Nicole Young,Sarah Moody,Karl Murray,Humid,Used,39657
745,2014,2014-05-16,2,3,12,3,Field,2,0,0,203,203,Nicole Cooper,Michelle Roberts,Lisa Clark,Humid,Dusty,15196
746,2008,2008-04-20,2,3,11,2,Field,3,0,0,184,184,Amber Horn,Amanda English,Denise Parker,Humid,Fresh,46426
747,2009,2009-05-13,3,6,8,6,Field,6,0,1,187,179,Tom Oneal,Daniel Schneider,Cody Avila,Cloudy,Fresh,21548
748,2014,2014-04-02,4,7,15,4,Bat,4,10,0,131,121,Sherry Butler,Kaitlyn Mayer,Summer Mcdaniel,Cloudy,Used,29648
749,2014,2014-05-23,6,3,12,6,Bat,3,0,0,180,180,Paul Phillips,Robert Dougherty,Mary Knapp,Rainy,Worn,41264
750,2008,2008-05-28,5,1,18,5,Bat,1,0,0,202,202,Barbara West,Kimberly Cole,Tammy Park,Rainy,Used,15089
751,2010,2010-04-20,1,10,10,10,Bat,10,22,0,209,187,Justin Hansen,Jamie Anderson,Linda Case,Cloudy,Worn,46909
752,2014,2014-05-20,9,2,6,9,Field,2,0,0,188,188,Melissa Johnson,Pamela Hanson,Steven Bailey,Humid,Worn,41989
753,2014,2014-04-15,3,6,4,6,Field,3,0,0,174,174,Rhonda Turner,Greg Stephens,Blake Christensen,Humid,Used,10236
754,2011,2011-05-05,4,1,10,1,Field,4,0,0,140,140,Michelle Clark,Beth Murphy,Jacqueline Williams,Cloudy,Dusty,41928
755,2014,2014-05-03,6,9,6,6,Bat,9,0,0,179,179,Mr. Nathan Barker,Tammy Smith,Alexander Flores,Cloudy,Fresh,74024
756,2008,2008-05-11,2,9,15,2,Bat,9,0,0,210,210,David Jones,Bonnie Owens,Luis Munoz,Clear,Used,14771
757,2018,2018-04-05,3,9,4,9,Field,3,0,0,130,130,Alexandria Russell,Todd Mendoza,Jason Chang,Clear,Worn,22273
758,2017,2017-04-12,9,1,1,1,Bat,1,72,0,182,110,Erik Nolan,Allison Wilson,Marilyn Cain,Rainy,Fresh,13857
759,2015,2015-05-05,1,5,8,5,Field,5,0,4,157,129,Raymond Henson,Vincent Stevens,Susan Peterson,Clear,Fresh,20358
760,2008,2008-04-15,8,9,5,8,Field,8,0,5,224,189,Richard Moore,Erika Thompson,Lindsey Gill,Cloudy,Dusty,21336
761,2021,2021-04-08,2,7,19,2,Field,2,0,1,154,145,Melissa Hardin,Christine Chan,Kenneth Walker,Humid,Fresh,14048
762,2013,2013-04-17,9,3,13,9,Field,3,0,0,151,151,Thomas Martinez,David Ramirez,Brooke Young,Clear,Dusty,66267
763,2008,2008-05-09,9,6,3,6,Bat,6,98,0,169,71,Amy Zimmerman,Larry Gray,Jeremiah Dominguez,Clear,Worn,14494
764,2009,2009-05-23,6,1,1,1,Field,1,0,8,174,126,Brittany Brown,Sean Liu,Anna Riley,Humid,Used,42746
765,2009,2009-05-05,5,7,2,5,Bat,5,57,0,188,131,Kimberly Mcgee,Laura Winters,Scott Moody,Cloudy,Dusty,32271
766,2015,2015-04-01,5,10,6,10,Bat,5,0,0,187,187,Sarah Garcia,Michelle Ryan,Kimberly Harrington,Humid,Fresh,49427
767,2021,2021-04-13,6,5,7,5,Field,6,0,0,150,150,Steven Dillon,Austin Terry,Michael Strickland,Rainy,Fresh,16907
768,2010,2010-05-26,2,7,8,2,Field,2,0,8,164,124,Tricia Roberts,Jason Mcgee,Amanda Johnson,Rainy,Worn,60238
769,2009,2009-04-13,6,4,1,6,Field,4,0,0,164,164,Patrick Craig,Christine Gutierrez,Krystal Young,Rainy,Used,43943
770,2017,2017-04-17,9,3,17,9,Bat,9,89,0,151,62,Sara Schneider,Kristen Walker,James Edwards,Cloudy,Dusty,43638
771,2016,2016-04-19,10,3,10,10,Field,10,0,7,225,190,Rebecca Horton,Russell Buck,Angela Carey,Clear,Worn,46316
772,2010,2010-05-23,5,10,16,10,Field,5,0,0,177,177,Sandra Watson,Brenda Jensen,Thomas Brown,Clear,Worn,18655
773,2014,2014-05-20,10,7,20,10,Bat,10,64,0,187,123,Alexandria Adams,Todd Valencia,Mrs. Julie Terry MD,Rainy,Dusty,28159
774,2009,2009-05-25,4,2,11,2,Field,2,0,7,225,148,Cristian Davis,Nicole James,Nancy Roberts,Clear,Dusty,18531
775,2011,2011-05-14,8,5,17,5,Field,5,0,9,280,208,William Jimenez,Stephanie Stevens,Dr. Karen Stewart,Clear,Worn,33216
776,2015,2015-04-03,1,10,12,1,Bat,1,71,0,210,139,Robert Downs,Kathleen Elliott,Sherry Baker,Cloudy,Used,31715
777,2008,2008-04-17,9,10,3,10,Field,9,0,0,180,180,Kristen Byrd,Patrick Munoz,Antonio Lopez,Cloudy,Used,32843
778,2023,2023-04-02,2,1,13,1,Bat,2,0,0,135,135,Tina Sims,Timothy Martinez,Sara Barber,Cloudy,Used,25969
779,2019,2019-04-08,10,3,8,3,Field,10,0,0,187,187,Elizabeth Gonzales,Eddie Young,Thomas Clark,Rainy,Dusty,70544
780,2020,2020-05-21,6,3,10,3,Bat,6,0,0,138,138,Caroline Bryant,Lisa Smith,John Spencer,Humid,Used,19077
781,2014,2014-04-12,4,3,4,3,Field,4,0,0,130,130,Sean Lang,Erin Harrison,Carol Lambert,Humid,Fresh,27113
782,2010,2010-04-04,3,8,13,3,Field,3,0,8,184,144,Henry Garcia,Mark Harrison,Rhonda Donovan,Humid,Worn,25955
783,2012,2012-05-14,7,6,5,6,Bat,6,18,0,167,149,Briana Kramer,Melinda Burnett,Dawn Phillips,Clear,Dusty,19537
784,2017,2017-05-19,3,1,2,3,Field,1,0,0,178,178,Paul Lam,Dustin Curtis,Lori Davis,Rainy,Dusty,29506
785,2023,2023-04-08,1,6,18,1,Bat,1,61,0,159,98,Brittney Sutton,Rita Andrade,Eric Wilson,Clear,Worn,18916
786,2020,2020-04-20,4,9,5,9,Field,4,0,0,177,177,Andrew Scott,Katherine Hamilton,Katherine Hill,Humid,Worn,24294
787,2020,2020-04-08,1,10,9,1,Bat,1,43,0,211,168,Christopher Tate,Jonathan Hayes,Manuel Bass,Cloudy,Used,20550
788,2012,2012-04-16,1,5,20,5,Bat,5,25,0,151,126,Elizabeth York,Justin Bowers,Meredith Carter MD,Cloudy,Dusty,25091
789,2008,2008-04-30,3,1,14,3,Bat,1,0,0,141,141,Desiree Thomas,Paige Mahoney MD,Amanda Carter,Cloudy,Fresh,19140
790,2018,2018-05-22,4,10,10,10,Field,10,0,3,235,199,Ashley Mckee,Michael Massey,Christopher Blackwell,Clear,Worn,73495
791,2021,2021-04-13,10,2,10,10,Bat,2,0,0,168,168,Joyce Johnson,Martha Shaw,Laurie Wallace,Rainy,Used,50336
792,2017,2017-05-31,10,7,13,7,Bat,10,0,0,172,172,Dylan Blackburn,Teresa Wood,Tara Montgomery,Clear,Worn,33260
793,2016,2016-05-15,4,7,6,7,Bat,4,0,0,178,178,Christopher Hensley,Jessica Ruiz,Edgar Carpenter,Humid,Worn,41325
794,2023,2023-04-25,2,9,1,9,Field,9,0,1,164,156,Lindsey Berry,Emily Robinson,James Matthews,Humid,Fresh,54214
795,2019,2019-04-10,6,3,6,3,Field,6,0,0,123,123,Samuel Douglas,Robert Velazquez,Christine Lee,Rainy,Fresh,47419
796,2011,2011-05-19,1,7,19,1,Bat,7,0,0,196,196,Paul Montes,Tracy Foster,Zachary Chen,Rainy,Fresh,15525
797,2021,2021-05-18,6,3,13,6,Bat,6,25,0,127,102,Charles Maddox,Luke Garza,Jacob Peterson,Clear,Used,60018
798,2022,2022-04-25,8,9,11,9,Bat,9,88,0,209,121,Christopher Jennings,Carolyn Oneill,Daniel Mendoza,Humid,Worn,11564
799,2022,2022-05-29,7,5,1,7,Bat,7,4,0,124,120,Randall Cruz,Michael Weber,Kim Tran,Cloudy,Dusty,50397
800,2010,2010-05-16,9,3,20,9,Bat,9,74,0,131,57,Robert Bruce,Robert Benjamin,Misty Key,Rainy,Fresh,22847
1,2019,2019-05-06,10,5,7,5,Bat,10,0,0,156,156,Andrew Cruz,Karen Rogers,Jennifer Williams DDS,Cloudy,Worn,17190
2,2015,2015-05-31,6,3,10,3,Bat,3,46,0,132,86,Brian Jackson,William Cervantes,Kimberly Dawson,Humid,Fresh,76067
3,2009,2009-05-06,1,8,3,1,Bat,8,0,0,152,152,Latasha Scott,Jennifer Colon,Karen Lee,Clear,Worn,13723
4,2023,2023-04-16,4,3,15,3,Field,4,0,0,144,144,Madison Deleon,Carla Weeks,Luis Cowan,Cloudy,Fresh,19416
5,2014,2014-05-10,10,1,19,10,Bat,1,0,0,134,134,Dr. Terry Camacho,Kimberly Bryan,Roberta George,Rainy,Worn,10813
6,2018,2018-05-08,3,9,9,3,Bat,3,65,0,121,56,Daniel Carter,Tina Prince,Michael Oliver,Clear,Worn,13050
7,2009,2009-05-26,4,9,6,9,Bat,4,0,0,170,170,Timothy Duncan,Tara Spencer,Patricia Drake,Cloudy,Worn,15427
8,2023,2023-05-05,10,4,11,4,Field,4,0,4,181,153,David Cox,Shannon Rowe,Christopher Gentry,Clear,Dusty,45428
9,2021,2021-04-17,9,2,10,9,Field,9,0,2,194,184,Janet Patterson,Brittney Nichols,Henry Farmer,Cloudy,Worn,15894
10,2009,2009-05-03,1,6,7,1,Field,6,0,0,152,152,Richard Hernandez,Crystal Gibson,William Brown,Humid,Fresh,17708
11,2009,2009-05-04,4,8,8,4,Bat,8,0,0,123,123,Christopher Collier,Mandy Ross,Scott Jones,Clear,Worn,21675
12,2013,2013-04-04,3,8,6,3,Bat,3,75,0,158,83,Douglas Bright,Christopher Jones,Heather Williams,Humid,Dusty,50836
13,2021,2021-05-16,2,4,9,2,Bat,4,0,0,182,182,Thomas Hansen,Courtney Schmitt,James Gonzalez,Cloudy,Worn,30925
14,2011,2011-05-17,10,8,3,10,Field,10,0,4,220,196,Kathleen Green,Jesse Kaiser,Kelly Jones,Cloudy,Worn,32522
15,2018,2018-04-24,7,1,5,1,Bat,1,27,0,202,175,Scott Paul,Sandy Cook,Joseph Mitchell,Rainy,Used,11981
16,2019,2019-04-24,4,5,1,5,Bat,5,13,0,156,143,Eric Bates,Timothy Atkinson,John Nielsen,Humid,Dusty,10846
17,2017,2017-04-25,7,1,10,1,Field,1,0,3,171,144,Dwayne Wolfe,Monica Romero,Breanna Chavez,Cloudy,Used,55735
18,2010,2010-05-12,4,9,2,4,Field,4,0,7,246,204,Tyler Phillips,Dr. Steven Holmes,Haley Miller,Rainy,Used,22545
19,2023,2023-05-02,4,3,15,4,Bat,3,0,0,129,129,Charles Martin,Kathryn Richmond,Cynthia Nixon,Clear,Worn,20997
20,2014,2014-05-12,3,5,15,5,Bat,3,0,0,135,135,Jacob Mays,Rick Allen,Ashley Craig,Clear,Dusty,27322
21,2014,2014-05-16,9,8,3,9,Field,8,0,0,203,203,Todd Alexander,Robert Lopez,Kelly Herrera,Cloudy,Fresh,28855
22,2008,2008-04-03,9,8,1,8,Bat,8,4,0,205,201,Sherry Cantrell,Audrey Mahoney,Robert Gray,Rainy,Fresh,17025
23,2020,2020-05-22,2,5,16,5,Field,2,0,0,201,201,Kimberly Smith,Kaitlyn Johnson,Luke Smith,Clear,Dusty,31150
24,2016,2016-05-19,5,8,14,8,Field,5,0,0,149,149,Hannah Hawkins,Melissa Roberson,Erica Morales,Rainy,Worn,34717
25,2013,2013-05-11,8,2,10,8,Field,2,0,0,170,170,Mr. Tyler Anderson,John Warner,Jordan Ruiz,Rainy,Used,41087
26,2018,2018-05-04,3,10,17,10,Field,10,0,9,167,122,Suzanne Walter,Erica Chambers,Brian Boyd,Rainy,Fresh,49007
27,2009,2009-04-22,2,10,17,10,Bat,2,0,0,168,168,Gabriela Bell,Seth Reynolds,Kenneth Bell,Cloudy,Worn,28175
28,2014,2014-05-26,3,1,9,1,Field,3,0,0,129,129,Nathaniel Gutierrez,Lee Lynch,Kristin Bradley,Cloudy,Dusty,25989
29,2020,2020-04-04,4,10,6,10,Bat,4,0,0,177,177,Larry Morales,Gary Evans,Dylan Delgado,Cloudy,Worn,34011
30,2015,2015-05-20,6,1,2,6,Field,6,0,1,189,177,Alvin Smith,Nicole Wallace,Kristina Spencer,Clear,Used,27728
31,2010,2010-05-28,5,7,15,7,Field,5,0,0,195,195,Margaret Perkins,Chad Price,Shelia Turner,Humid,Used,29239
32,2016,2016-05-02,4,10,3,4,Field,10,0,0,161,161,Alex Rodriguez,Lacey West,Becky Ward,Humid,Dusty,11267
33,2010,2010-05-31,1,6,1,1,Field,6,0,0,211,211,Whitney Rogers,Corey Wade,Travis Rose,Clear,Used,27692
34,2013,2013-05-13,7,9,2,7,Bat,7,26,0,142,116,Emily Silva,Sara James,Rebecca Ford,Humid,Used,29281
35,2016,2016-04-28,5,8,12,8,Bat,8,85,0,202,117,Lisa Perez,Tyler Mack,Linda Wright,Rainy,Worn,32812
36,2019,2019-05-25,1,5,13,1,Bat,5,0,0,150,150,Clinton Parker,Lindsay Thomas,John James,Humid,Fresh,42649
37,2023,2023-04-19,3,8,18,3,Field,3,0,2,228,214,Mr. Christopher Webster,Gregory Jackson,Gina Walls,Cloudy,Used,10369
38,2015,2015-04-12,7,10,6,10,Bat,10,34,0,179,145,Kevin Smith,Patricia Gonzalez,Jack Perez,Rainy,Dusty,18171
39,2012,2012-05-16,9,4,4,9,Field,9,0,1,191,185,Brian Robinson,Amy Jackson DDS,Morgan Brown,Rainy,Worn,49963
40,2014,2014-04-09,8,6,5,8,Bat,6,0,0,141,141,Amanda Francis,Anthony Rocha,Debbie Ross,Humid,Worn,12997
41,2017,2017-04-24,1,10,13,1,Field,1,0,5,237,207,Bridget Sutton,Scott Hernandez,Ashley Smith,Clear,Fresh,55409
42,2020,2020-04-21,10,9,1,10,Bat,10,41,0,136,95,Tonya Palmer,Omar Fitzpatrick,Heather James,Rainy,Used,19784
43,2010,2010-04-28,10,3,1,10,Bat,3,0,0,174,174,Zachary Williams Jr.,Jennifer Walton,David Payne,Rainy,Worn,32573
44,2022,2022-04-06,10,9,4,9,Bat,10,0,0,127,127,Kevin Mathews,Mark Walker,Rachel Williams,Humid,Fresh,67545
45,2013,2013-04-14,6,8,16,8,Bat,6,0,0,180,180,Mrs. Michelle Adkins DDS,Amber Bartlett,Charles Martinez,Humid,Fresh,27478
46,2018,2018-04-11,10,4,10,4,Bat,10,0,0,137,137,Thomas Green,Larry Mcdonald,Andrew Harris,Cloudy,Worn,25127
47,2016,2016-05-17,1,10,10,10,Bat,1,0,0,137,137,Tyler Lambert,John Simpson,Michael Waller,Cloudy,Worn,18078
48,2009,2009-05-06,8,1,13,1,Bat,1,86,0,171,85,Angela Johnson,Heather Bennett,Shannon Caldwell,Rainy,Fresh,43436
49,2010,2010-04-09,7,8,16,8,Bat,7,0,0,200,200,Wayne Frost,Kyle Lambert,Nancy Morgan,Rainy,Dusty,37017
50,2016,2016-04-01,8,9,18,9,Bat,9,91,0,185,94,Mark Hayden,Joshua Bailey,Claudia Ramirez,Rainy,Worn,18934
51,2022,2022-04-19,2,1,19,1,Field,1,0,5,178,123,Christopher Andrews,Matthew Hawkins,Christine Barton,Humid,Dusty,18521
52,2021,2021-04-23,5,6,7,6,Field,6,0,2,160,140,Jennifer Gordon,Scott Stevenson,Jeremy Gentry,Humid,Dusty,22644
53,2017,2017-04-05,9,8,15,9,Field,9,0,3,165,147,Tara Nolan,John Evans,Jacqueline Prince,Cloudy,Used,31402
54,2012,2012-04-30,3,9,13,9,Bat,9,11,0,129,118,Rachel Sloan,Christopher Lopez,Miss Amy Thomas,Clear,Dusty,58961
55,2010,2010-04-15,4,1,20,4,Bat,4,48,0,172,124,James Campbell,Angela Harrison,Kevin Lopez,Cloudy,Dusty,21337
56,2013,2013-05-16,6,7,13,6,Bat,6,78,0,184,106,Derek Lee,Jonathan Webb,Vanessa Aguilar,Cloudy,Dusty,37349
57,2012,2012-04-28,2,1,17,1,Bat,1,11,0,150,139,John Fuentes,Sarah Sanchez,Charles Lane,Clear,Used,11575
58,2014,2014-04-16,4,10,19,10,Field,4,0,0,169,169,John Stone,Michael Carroll,Kristen Torres,Cloudy,Fresh,11061
59,2015,2015-05-17,3,6,18,3,Field,6,0,0,134,134,Jason Kennedy,Scott Haley,Meredith Frank,Rainy,Worn,14060
60,2011,2011-05-22,2,3,1,3,Bat,3,7,0,130,123,Nicole Flowers,Bradley Henderson,Johnathan Wolfe,Rainy,Used,51589
61,2016,2016-05-23,6,3,17,3,Bat,3,60,0,186,126,Brandi Washington,Lori Obrien,Ryan Norris,Cloudy,Worn,45678
62,2009,2009-04-09,7,4,15,4,Field,4,0,7,233,156,Sarah Hernandez,Diane Steele,Andrea Mccann,Rainy,Fresh,23207
63,2008,2008-04-07,1,8,13,8,Bat,8,7,0,142,135,Derek Pierce,Rachel Michael,Tina Booker,Humid,Dusty,70111
64,2014,2014-05-31,6,7,9,7,Field,7,0,5,209,159,Emily Austin,Paul Arnold,Benjamin Holt,Cloudy,Used,19852
65,2018,2018-04-26,1,9,9,1,Field,9,0,0,171,171,James Henry,Elizabeth Thompson,Brian Whitney,Clear,Used,29336
66,2009,2009-05-24,6,8,13,8,Field,8,0,2,188,178,Seth Garcia,Nicholas Clark,Robert Lopez,Clear,Worn,27459
67,2013,2013-04-23,3,4,14,4,Field,4,0,3,168,138,William Kennedy,Veronica Bates,Timothy Mason,Cloudy,Fresh,12354
68,2013,2013-05-22,9,1,6,1,Bat,9,0,0,130,130,Roberto King,James Nguyen,George Benton,Humid,Worn,47624
69,2016,2016-04-01,9,1,7,9,Field,9,0,9,268,169,Brian Sullivan,Teresa Wilkerson,Tyler Chase,Rainy,Worn,11267
70,2011,2011-04-18,6,2,10,2,Field,6,0,0,162,162,Steven Branch,Mr. David Weaver,Wendy Evans,Humid,Fresh,44084
71,2013,2013-04-06,2,8,16,2,Field,2,0,4,168,148,Wesley Gaines,Renee Patterson,Brett Jacobs,Clear,Fresh,10472
72,2015,2015-04-18,4,1,19,1,Field,1,0,1,152,146,Keith Jacobs,Melissa Torres,Alyssa Bird,Clear,Dusty,21294
73,2010,2010-04-11,6,9,10,9,Bat,6,0,0,181,181,Jason Martin,Tiffany Thompson,Derek Fowler,Humid,Fresh,38828
74,2013,2013-04-02,7,3,9,7,Bat,7,81,0,120,39,Brandy Walker,David Mercado,Tyler Williams,Humid,Used,15064
75,2009,2009-05-06,10,4,12,4,Field,4,0,7,256,186,Timothy Schneider,Corey Williamson,Brenda Craig,Humid,Used,27892
76,2010,2010-05-13,6,8,1,6,Field,8,0,0,193,193,Mitchell Reyes,Misty Martinez,Angela Jones,Rainy,Used,45637
77,2022,2022-04-26,7,4,11,7,Field,7,0,2,215,197,Roger Romero,Kari Simpson,Adam Richmond,Cloudy,Worn,28222
78,2012,2012-04-04,6,3,10,3,Bat,3,28,0,173,145,Carla Scott MD,Daniel Lane,Tiffany Gomez,Clear,Worn,60408
79,2013,2013-05-30,7,3,5,7,Bat,7,20,0,204,184,Michelle Curry,Stephen Duncan,Maurice Smith,Rainy,Dusty,11635
80,2012,2012-04-10,3,4,6,4,Bat,3,0,0,164,164,Debra Perry,Melissa Clements,Tina Willis,Rainy,Dusty,27887
81,2021,2021-04-12,8,4,18,4,Bat,8,0,0,134,134,Todd Davis,Adam Davila,Jamie Dominguez,Cloudy,Dusty,18515
82,2023,2023-04-06,10,6,8,10,Bat,6,0,0,189,189,Laura Martinez,Dennis Schmidt,Dr. Mark Murphy,Cloudy,Dusty,71063
83,2018,2018-05-02,1,3,5,1,Bat,1,18,0,124,106,Sandra Preston,Ashley Lawrence,Alexander Cannon,Clear,Fresh,17804
84,2014,2014-05-20,10,9,11,10,Field,10,0,4,181,141,Jennifer Garrett,Ashley Gonzalez,Scott Stewart,Cloudy,Dusty,39309
85,2017,2017-05-08,2,5,18,2,Bat,2,42,0,137,95,Nathaniel Marquez,Christina Welch,Travis Brown,Humid,Used,23816
86,2008,2008-05-26,2,4,6,2,Field,4,0,0,191,191,Dominic Roberts,Nicole Adams,Stephanie Mccoy,Clear,Dusty,14932
87,2021,2021-04-01,2,5,10,5,Bat,5,53,0,181,128,Paul Holloway,Crystal Carter,Matthew Robertson,Cloudy,Used,73490
88,2022,2022-05-30,1,8,5,8,Field,8,0,2,224,202,Jay Mclaughlin,Gary Alvarez,Michelle Flores,Clear,Dusty,11668
89,2018,2018-05-15,5,4,16,5,Field,4,0,0,145,145,Brian Rogers,Diana Goodwin,Raymond Manning,Rainy,Dusty,29869
90,2008,2008-05-13,3,1,9,1,Field,1,0,2,165,153,Noah Wilkerson,Hunter Daniels,Mr. John Goodman MD,Clear,Dusty,26910
91,2017,2017-05-12,10,2,20,2,Bat,10,0,0,180,180,Joseph Wilcox,Emily Lucas MD,Nathan Love,Humid,Used,11603
92,2020,2020-04-22,1,8,19,1,Field,8,0,0,128,128,Joseph Ferguson,Alison Sloan,Cheryl Young,Rainy,Used,10960
93,2016,2016-04-24,5,10,4,10,Field,5,0,0,177,177,Jeffrey Campos,Dennis Reyes,Andrew Thomas,Clear,Dusty,42684
94,2017,2017-05-19,8,9,14,9,Bat,9,56,0,180,124,Crystal Davis,Joy Sanders,Ivan Cole,Clear,Worn,46132
95,2021,2021-05-12,4,3,2,3,Bat,4,0,0,131,131,Rebecca Le,Jessica Chandler,Michele Murphy,Humid,Fresh,18682
96,2020,2020-05-14,3,7,8,3,Bat,7,0,0,130,130,Laurie Jackson,Lisa Peterson,Zachary Daniel,Humid,Worn,76447
97,2011,2011-05-28,4,6,14,6,Field,4,0,0,177,177,Anne Ortiz,Sarah Pierce,Leslie Nolan,Humid,Dusty,15434
98,2020,2020-05-08,10,7,10,7,Bat,10,0,0,146,146,Peggy Matthews,Shane Lopez,Rebekah Cross,Humid,Worn,64046
99,2012,2012-04-13,8,1,5,1,Bat,8,0,0,153,153,Mark Greer,Amy Weaver,Steven Dennis,Clear,Worn,16228
100,2016,2016-04-04,10,7,12,7,Field,10,0,0,136,136,Randall Ramirez,Amber Garcia,John Allen,Humid,Dusty,42151
101,2008,2008-04-20,9,2,19,2,Field,9,0,0,190,190,Gina Anderson,Brandon Carpenter,Katherine Carroll,Clear,Dusty,13516
102,2010,2010-05-25,9,6,16,6,Bat,6,31,0,188,157,Shannon Kim,Taylor Bryant,Olivia Blanchard,Cloudy,Worn,30194
103,2010,2010-05-27,4,2,14,4,Field,4,0,4,171,135,Ryan Ford,Adam Shea,Ms. Candace Russell,Cloudy,Used,52282
104,2017,2017-05-07,10,1,5,10,Field,1,0,0,147,147,Courtney Donovan,Stephen Martinez,Sheila Henry,Rainy,Dusty,25849
105,2023,2023-04-27,6,5,11,6,Bat,5,0,0,157,157,Karen Douglas,Richard Gardner,Diana Vaughn,Humid,Dusty,11620
106,2013,2013-04-03,4,8,3,4,Field,4,0,9,285,186,Raymond Sawyer,Ryan Powell,Katherine Montes,Rainy,Used,29008
107,2017,2017-05-14,3,4,7,4,Field,4,0,4,212,176,Jacob Erickson,Omar Butler,Joseph Sanders,Humid,Fresh,19838
108,2009,2009-04-02,4,10,2,10,Bat,4,0,0,150,150,Stephanie Hill,Karen Fritz,Courtney Vang,Rainy,Fresh,13301
109,2021,2021-05-17,10,5,4,10,Field,5,0,0,138,138,Paul Moody,Maurice Arnold,Richard Nelson,Cloudy,Fresh,65193
110,2019,2019-04-18,1,3,9,3,Field,1,0,0,139,139,Shawn Johnson,William Gonzalez,Kimberly Edwards,Cloudy,Dusty,21278
111,2013,2013-04-10,3,1,6,1,Bat,1,57,0,124,67,Linda Martinez,Alexis Coleman,Mrs. Christina Banks,Clear,Fresh,30811
112,2012,2012-04-17,3,1,12,3,Field,1,0,0,157,157,Brandy Gallagher,Mr. Kenneth Deleon,Angela Brewer,Clear,Worn,33299
113,2008,2008-05-24,2,6,4,6,Field,6,0,2,213,197,Kevin Fletcher,Timothy Hart,Kathy Wiggins,Cloudy,Used,66850
114,2015,2015-05-28,6,4,6,6,Bat,4,0,0,186,186,Mark Gibson,Veronica Todd,Anthony Evans,Rainy,Dusty,17749
115,2017,2017-04-10,4,5,11,5,Bat,5,87,0,177,90,Jill Palmer,Michael Gordon,Catherine Webster,Rainy,Used,14202
116,2013,2013-05-28,2,1,5,2,Bat,1,0,0,199,199,Kristi Rice,James Bowman,Heidi Reilly,Cloudy,Worn,13856
117,2015,2015-04-03,8,9,14,9,Field,9,0,6,186,144,Andrew Richardson,Eugene Hernandez,Randy Kennedy,Clear,Worn,16911
118,2012,2012-05-04,6,1,7,6,Bat,6,15,0,155,140,Maria Kim,Ryan Martin,Shawn Taylor,Rainy,Used,10092
119,2010,2010-05-19,8,5,12,8,Bat,5,0,0,207,207,Christina Green,Holly Tapia,John Dennis DVM,Humid,Used,38431
120,2015,2015-04-16,8,1,3,8,Bat,8,67,0,179,112,Donald Flores,Rebecca White,Hannah Davidson,Cloudy,Dusty,34909
121,2018,2018-05-24,5,2,17,2,Field,5,0,0,180,180,Nicole Kelley,Kelly Wagner,Becky Black,Rainy,Used,28119
122,2012,2012-05-31,5,10,7,5,Bat,10,0,0,179,179,Curtis Roberts,Jose Collins,Ronald Davis,Clear,Dusty,15714
123,2011,2011-04-29,5,4,12,5,Field,4,0,0,213,213,James Taylor,Krystal Walker,Jeffrey Fowler,Cloudy,Dusty,20937
124,2021,2021-05-12,5,9,14,5,Field,9,0,0,203,203,Elizabeth Brown,Sarah Griffin,James Baker,Humid,Fresh,22322
125,2014,2014-04-12,10,1,20,10,Bat,10,1,0,127,126,Natalie Larsen,Candice Peters,Kayla Hayes,Humid,Used,15229
126,2012,2012-04-21,5,4,12,5,Field,4,0,0,163,163,Tiffany Smith,Rebecca Love,Hannah Nguyen,Clear,Dusty,27019
127,2008,2008-05-16,8,2,13,8,Bat,2,0,0,208,208,Corey Hunt,Sheila Rivas,Bradley Jordan,Rainy,Fresh,64874
128,2018,2018-04-17,2,10,19,2,Bat,10,0,0,125,125,James Cooper,Amy Weaver,Rebecca Meyer,Cloudy,Dusty,11284
129,2010,2010-04-05,9,5,15,9,Bat,5,0,0,160,160,Terry Carroll,Michael Fowler,Nicole Kelly,Rainy,Worn,30852
130,2008,2008-04-28,3,8,19,8,Bat,8,20,0,200,180,Justin Pruitt,Melissa Murray,Penny Lynn,Clear,Used,13940
131,2008,2008-04-20,9,2,19,2,Bat,2,56,0,184,128,Tammy Cardenas,Jennifer Haney,Linda Rivas,Rainy,Dusty,14271
132,2023,2023-04-12,4,8,19,4,Field,4,0,9,274,166,Anthony Smith PhD,Austin Moore,Carla Herman,Rainy,Used,17545
133,2019,2019-05-02,5,6,11,6,Bat,5,0,0,130,130,Jamie Oliver,Kevin Johnson,William Johnson,Clear,Used,35563
134,2019,2019-05-16,7,8,12,8,Bat,8,33,0,139,106,Andrew Burns,Connie Shaw,Diana Riddle,Clear,Used,41557
135,2018,2018-05-26,6,10,4,6,Field,6,0,7,187,138,Jennifer Bell,Molly Holden,Jeffery Jones,Clear,Used,44376
136,2022,2022-04-05,2,8,19,8,Field,8,0,9,236,173,Thomas Owen,Robert Woods,Gary Hernandez,Cloudy,Used,19087
137,2019,2019-04-06,3,5,20,5,Bat,5,39,0,126,87,Jamie Thomas,Julie Fox,Cheryl Smith,Humid,Used,21374
138,2021,2021-05-04,3,2,7,3,Field,3,0,4,255,219,Patricia Goodman DVM,Denise Johnson,Crystal Burke,Cloudy,Fresh,14579
139,2009,2009-05-18,5,2,5,5,Bat,5,40,0,167,127,Kenneth Johnson,James Schmidt,Jessica Perry,Clear,Dusty,12800
140,2012,2012-04-27,10,1,3,1,Bat,10,0,0,193,193,Jason Mendoza,Sara Rojas,Marilyn Dean,Cloudy,Fresh,17246
141,2009,2009-04-03,3,2,20,2,Field,2,0,4,147,127,Valerie Skinner,Nathan Brooks,James Everett,Clear,Worn,24180
142,2010,2010-04-03,9,3,9,9,Field,3,0,0,174,174,Kimberly Conrad,Cheryl Rodriguez,James Reed,Clear,Fresh,11143
143,2016,2016-05-06,7,5,10,7,Bat,5,0,0,135,135,Edward Calderon,Robert Caldwell,Kevin Barber,Clear,Worn,27376
144,2008,2008-05-14,5,1,9,1,Bat,1,68,0,178,110,Leslie Lam,Mrs. Patricia Cole,Steven Miller,Humid,Used,23820
145,2012,2012-04-06,5,9,2,9,Bat,9,53,0,122,69,Jennifer Hernandez,Thomas Tate,Kevin Peterson,Rainy,Fresh,40861
146,2016,2016-04-20,3,4,10,3,Bat,3,60,0,199,139,Sherry Weber,Amanda Jenkins,Thomas Farmer,Cloudy,Fresh,51552
147,2015,2015-05-25,10,6,7,10,Bat,10,56,0,160,104,Rachel Martin,Lisa Carter,Rachael Alexander,Humid,Fresh,18089
148,2008,2008-05-05,3,4,9,3,Field,4,0,0,165,165,Tonya Owens,Leslie Hoffman,Latasha Wilson MD,Cloudy,Fresh,25712
149,2016,2016-04-25,7,3,19,7,Bat,3,0,0,136,136,James Campbell,Scott Hart,Keith Castillo,Cloudy,Dusty,12127
150,2017,2017-04-07,2,9,7,2,Field,2,0,1,165,158,Lindsey Hernandez,Margaret Gonzalez,Tammy Adams,Clear,Used,10548
151,2011,2011-05-03,7,9,16,9,Bat,9,62,0,184,122,Johnathan Boone,Diane Thompson,Nicole Lee,Cloudy,Fresh,12804
152,2010,2010-05-20,10,9,11,10,Field,10,0,2,139,125,Jason Flores III,Robin Guerra,Steven Pacheco,Humid,Worn,39280
153,2019,2019-04-27,4,8,7,4,Field,4,0,7,185,136,Matthew Barber,Kim Hale,Matthew Martin,Cloudy,Fresh,10360
154,2008,2008-05-12,8,2,6,8,Field,2,0,0,217,217,Michael Wood,Laura Warren,Stacey Gardner,Cloudy,Fresh,69817
155,2008,2008-05-08,4,10,13,10,Bat,10,23,0,216,193,Daniel Garcia,Nicole Alvarez,Gary Allen,Cloudy,Dusty,13093
156,2014,2014-04-01,1,7,6,7,Field,1,0,0,143,143,Derrick Harmon,Tracey Stuart,Rachael Rice,Cloudy,Worn,33124
157,2016,2016-05-11,7,4,10,7,Bat,7,81,0,125,44,Juan Smith,James Ross,Dylan Mcdonald,Cloudy,Used,32436
158,2014,2014-05-22,2,10,8,2,Bat,2,38,0,140,102,Dakota Jenkins,Jared Richardson,Brian Price,Rainy,Worn,36012
159,2013,2013-05-18,1,3,5,1,Field,1,0,5,198,148,Kristopher King,Kimberly Miller,Frank Bennett,Humid,Dusty,19086
160,2008,2008-05-09,9,5,16,5,Bat,9,0,0,174,174,Matthew Moore,Jeffrey Barton,Amber Duke,Humid,Used,38379
161,2019,2019-05-29,4,6,4,4,Field,4,0,1,197,191,Heather Franklin,Timothy Garrett,Sonia Murphy,Rainy,Worn,14629
162,2017,2017-05-27,8,2,2,2,Field,2,0,4,206,162,Peter Morrison,Walter Cervantes,Kenneth Stone,Humid,Used,41183
163,2021,2021-05-22,3,10,18,10,Bat,10,96,0,211,115,Gregory Singh,Adam Torres,Kelsey Morse,Rainy,Fresh,22780
164,2021,2021-04-16,4,9,7,4,Bat,4,100,0,154,54,Margaret Foley,Charles Pearson,John Fields,Rainy,Worn,14985
165,2014,2014-05-08,5,8,14,8,Bat,8,54,0,127,73,Jack Wood,Bill Powell,Kyle Daniel,Clear,Fresh,11983
166,2020,2020-05-02,5,10,12,5,Field,5,0,3,204,174,Michael Ferguson,Tanya Parker,Sabrina Flores,Cloudy,Fresh,15668
167,2013,2013-05-01,3,10,17,3,Bat,3,42,0,165,123,Tyler Bowman,Sabrina Suarez,Patricia Molina,Rainy,Used,57108
168,2008,2008-05-31,9,7,6,9,Bat,7,0,0,151,151,Brett Wells,Gregory Jacobs,Molly Hurley,Cloudy,Fresh,47895
169,2011,2011-05-18,10,1,19,1,Bat,10,0,0,143,143,Mrs. Tara Willis DDS,Shane Johnson,Lori Arnold,Clear,Worn,19236
170,2017,2017-04-17,4,1,20,4,Bat,1,0,0,177,177,John Hunt,Kimberly Sullivan,George Mitchell,Clear,Fresh,13322
171,2016,2016-04-12,3,2,10,2,Field,2,0,3,195,162,Joseph Hall,Rhonda Ross,Mark Hall,Rainy,Dusty,49035
172,2021,2021-04-19,6,8,9,6,Field,6,0,6,253,211,Amber Schultz,Paul Anderson,Cindy White,Cloudy,Dusty,16314
173,2021,2021-04-01,6,8,2,8,Field,6,0,0,154,154,Aaron Martinez,Karina Richardson,Debbie Barrett,Humid,Used,10263
174,2023,2023-04-02,3,6,18,6,Bat,3,0,0,135,135,Michele Chen,Danielle Garcia,Donna Hernandez,Cloudy,Worn,14368
175,2009,2009-05-08,3,7,3,7,Bat,7,63,0,189,126,Jessica Andrews,Scott Holmes,Erin Mcintyre,Humid,Dusty,16258
176,2010,2010-05-12,5,2,12,5,Field,5,0,3,145,127,Andre Carrillo,Melissa Flores,Ryan Wheeler,Humid,Fresh,32214
177,2009,2009-04-18,4,5,4,4,Bat,4,3,0,198,195,Patricia Bentley,Monica Moore,Jerry Hill,Rainy,Fresh,67437
178,2019,2019-04-02,5,10,20,10,Bat,5,0,0,165,165,Hannah Vazquez,Nicole Hamilton,Natalie Sandoval,Rainy,Fresh,21585
179,2018,2018-05-06,8,2,13,2,Bat,8,0,0,159,159,Stacey Young,Michael Brown,Kelly Guerrero,Cloudy,Worn,36713
180,2014,2014-05-10,2,3,9,2,Bat,2,31,0,181,150,Kenneth Morris,Sharon Willis,Vincent Leonard,Clear,Dusty,35810
181,2019,2019-04-02,2,6,6,6,Field,6,0,2,154,142,April Vasquez,Robert Schmitt,Erin Cross,Cloudy,Fresh,60761
182,2017,2017-04-18,7,5,2,7,Field,5,0,0,165,165,Allison Fisher,Curtis Anderson,Brent Copeland,Cloudy,Used,36668
183,2016,2016-05-18,4,7,18,7,Field,7,0,9,275,203,Rebecca Carpenter,Tiffany Rasmussen,Tamara Wheeler,Humid,Used,12485
184,2014,2014-05-05,2,9,2,9,Bat,2,0,0,154,154,Amanda Wallace,Dr. Jimmy Smith,Brandon Smith,Clear,Dusty,30346
185,2009,2009-04-02,7,1,8,1,Bat,7,0,0,166,166,Jesus Beck,George Payne,Jonathan Cooper,Rainy,Worn,19537
186,2012,2012-05-03,1,6,19,6,Bat,6,37,0,212,175,Brian Jones,Kristen Roach,Amy Rojas,Humid,Worn,18499
187,2023,2023-05-17,8,1,19,8,Field,1,0,0,156,156,David Reed,Lisa Russell,James Carlson,Humid,Worn,14236
188,2009,2009-04-24,4,7,7,4,Bat,4,36,0,181,145,Shirley Hunt MD,Amanda Simmons,Julie Hayes,Rainy,Used,17187
189,2008,2008-05-07,3,4,12,3,Field,3,0,4,231,187,Joseph Williams,Mr. Joshua Austin,Thomas Yoder,Cloudy,Dusty,19627
190,2010,2010-04-02,6,3,20,6,Bat,3,0,0,215,215,Joe Taylor,Linda Jackson,Wanda Fox,Cloudy,Worn,26697
191,2012,2012-05-29,6,2,6,2,Bat,2,19,0,208,189,Jason Green,Samantha Campbell,Scott Anderson,Humid,Dusty,10585
192,2022,2022-04-22,7,8,11,8,Field,8,0,4,225,181,Mary Hubbard,Tiffany Coleman,Justin Holt,Clear,Dusty,45967
193,2014,2014-04-13,10,9,11,9,Bat,10,0,0,132,132,Jennifer Phillips,Cynthia Mitchell,Rachel Brooks,Humid,Fresh,48552
194,2012,2012-05-03,10,7,14,7,Field,7,0,5,165,135,Leslie Bauer,Heather Howard,Pamela Moore,Cloudy,Fresh,12014
195,2009,2009-05-22,9,1,18,9,Bat,9,84,0,166,82,Natalie Shah,Taylor Hopkins,Laura Barber,Humid,Dusty,11037
196,2008,2008-04-04,5,1,8,1,Bat,1,98,0,204,106,Christopher Price,Kristin Khan,Brandy Jenkins,Cloudy,Used,56690
197,2014,2014-04-08,9,1,6,9,Bat,1,0,0,183,183,James Fischer,Danielle Harris DDS,Christopher Morales,Rainy,Dusty,63554
198,2013,2013-05-06,1,7,4,7,Field,1,0,0,136,136,Andrew Martinez,Peter Rice,Melanie Waters,Rainy,Worn,41787
199,2023,2023-04-27,9,3,12,3,Bat,3,67,0,143,76,Bryan Everett,Briana Mckinney,Lisa Cohen,Clear,Used,16470
200,2016,2016-05-31,6,2,14,6,Field,6,0,5,221,196,Timothy Brown,Brenda Singh,Eric Bray,Rainy,Dusty,33457
201,2020,2020-04-24,2,1,18,2,Field,1,0,0,195,195,Laura Hernandez,Justin Cantu,Mr. Gregory Mercado,Cloudy,Used,14385
202,2021,2021-04-17,10,7,4,10,Bat,7,0,0,173,173,Christine Thomas,Larry Craig,Shelby Diaz,Rainy,Worn,25520
203,2009,2009-04-03,5,8,18,8,Field,5,0,0,140,140,Taylor Cortez,Jacob Evans,Ashley Green,Humid,Fresh,24617
204,2020,2020-05-11,10,7,14,7,Bat,7,56,0,122,66,Mr. Richard Harper Jr.,Kelsey Ross,Angela Alexander,Clear,Dusty,10322
205,2013,2013-05-26,7,3,2,3,Bat,7,0,0,138,138,Jacob Nichols,Patrick Jones,Darrell Saunders,Rainy,Dusty,37890
206,2012,2012-04-02,7,6,11,7,Bat,7,19,0,196,177,Aaron Murillo,Howard Rose,David Garcia,Clear,Used,43481
207,2008,2008-05-31,10,9,2,9,Field,9,0,8,223,151,Kayla Evans,Billy Fields,Frank Porter,Cloudy,Fresh,21610
208,2011,2011-04-21,7,1,20,7,Bat,7,71,0,163,92,Aaron Carpenter,Darryl Williams,Cody Rice,Rainy,Used,13543
209,2020,2020-05-29,6,5,13,5,Field,5,0,5,200,140,Margaret Padilla,Lisa Garcia,Jenna Davila,Cloudy,Used,50821
210,2019,2019-05-05,1,6,12,6,Field,1,0,0,208,208,Michael Coleman,Kathryn Johnson,Jonathan Harrison,Rainy,Dusty,24441
211,2014,2014-04-08,6,5,13,6,Bat,6,11,0,128,117,Jeffrey Ramirez,Jared Figueroa,Dawn Patton,Clear,Worn,29135
212,2008,2008-05-03,10,7,18,10,Bat,10,31,0,189,158,Emily Griffin,Joshua Murray,Daniel Pruitt,Clear,Worn,21154
213,2020,2020-04-06,7,6,6,7,Field,6,0,0,184,184,David Fields,Jonathan Smith,Veronica Vaughn,Rainy,Dusty,54886
214,2010,2010-05-04,6,10,16,6,Field,6,0,4,192,164,Gary Davis,Matthew Gomez,Kathryn Sanders,Cloudy,Fresh,26399
215,2011,2011-05-09,1,6,6,6,Field,6,0,6,260,188,Dr. Michael Davis DDS,Kristen Madden,Shelby Johnson,Cloudy,Used,37099
216,2017,2017-04-13,6,7,17,6,Bat,6,33,0,163,130,Amy Thomas,Emily Jackson,Wendy Martinez,Rainy,Dusty,27034
217,2008,2008-04-07,10,4,11,10,Bat,10,6,0,137,131,Joshua Neal,Gloria Joyce,William Green,Clear,Fresh,16161
218,2013,2013-05-13,9,5,13,5,Field,5,0,5,188,153,Adrian Mitchell,Jennifer Todd,Linda Graham,Rainy,Worn,61358
219,2019,2019-05-31,7,6,20,7,Bat,7,86,0,156,70,Steven Gillespie,Katrina Lozano,David Davis,Rainy,Used,19644
220,2022,2022-04-01,2,1,9,1,Bat,1,33,0,191,158,Mrs. Crystal Wright,Dawn Mccall,Michael Woods,Rainy,Used,15124
221,2013,2013-05-09,3,4,1,3,Field,3,0,4,190,142,Ian Floyd,Andrea Turner,Marcia Hanna,Humid,Used,50967
222,2016,2016-05-30,2,1,8,2,Field,2,0,5,191,136,Brian Moses,Victoria Frank,Cassandra Montgomery,Rainy,Dusty,34448
223,2008,2008-04-05,7,4,17,4,Field,7,0,0,149,149,Aaron Luna,Anthony Durham,Mitchell Barnes,Cloudy,Dusty,46164
224,2014,2014-04-07,8,3,5,8,Field,3,0,0,212,212,Eric Walsh,Kelli Turner,William Beasley,Rainy,Fresh,27579
225,2018,2018-04-06,8,9,14,9,Field,9,0,6,250,214,Natasha Marsh,Brian Willis,Danielle Smith,Humid,Used,48795
226,2014,2014-04-09,3,4,15,3,Field,4,0,0,180,180,Lisa Werner,Hannah Hughes,Matthew Smith,Clear,Dusty,14950
227,2022,2022-04-12,6,5,4,5,Bat,5,46,0,202,156,Brendan Faulkner,Doris Roth,Cindy Brown,Clear,Dusty,27822
228,2022,2022-04-07,6,7,9,7,Field,6,0,0,191,191,Katherine Porter,Christopher Benson,Christian Yates,Cloudy,Used,29023
229,2019,2019-04-18,4,9,9,4,Bat,9,0,0,136,136,Allison Thompson,Brandon Wolfe,Amber Oconnor,Cloudy,Dusty,30171
230,2019,2019-04-14,8,3,10,8,Bat,8,46,0,186,140,Corey Franco,Bryan Sims,Lonnie Martinez,Rainy,Used,53625
231,2016,2016-05-23,3,4,9,3,Bat,4,0,0,156,156,Mariah Hunter,John Riggs,Kirsten Carpenter,Humid,Used,21026
232,2018,2018-04-04,6,10,1,10,Bat,6,0,0,138,138,Christina Martinez,Vincent Grant,Jonathan Barrera,Clear,Worn,44247
233,2017,2017-04-20,3,9,19,3,Field,9,0,0,165,165,Brandi Kim,Madison Howell,Scott Stephens,Rainy,Fresh,12065
234,2022,2022-05-29,6,8,18,8,Field,6,0,0,151,151,Sara Wise,Jeffrey Lopez,Stephanie Ferguson,Cloudy,Fresh,16764
235,2015,2015-05-31,10,4,12,4,Field,4,0,3,158,134,Karen Smith,Timothy Stephens,Benjamin Hardin,Humid,Worn,19815
236,2009,2009-05-13,1,9,16,1,Bat,1,25,0,139,114,Margaret Freeman MD,Paul Lee,Nicole Fox,Clear,Dusty,27839
237,2008,2008-05-01,6,8,8,8,Field,8,0,6,204,144,Katrina Swanson,Anna Ward,Amanda Cooper,Clear,Worn,23747
238,2019,2019-04-25,8,10,18,8,Field,8,0,6,198,138,Daniel White,Gary Garcia,Christopher Rowland,Rainy,Fresh,17815
239,2023,2023-04-28,2,3,19,3,Field,2,0,0,185,185,Jesus Holland,Chelsea Molina,Spencer Young,Humid,Dusty,16849
240,2013,2013-05-21,2,9,20,2,Bat,9,0,0,197,197,Brandon Gutierrez,Dylan Dixon,Alyssa Parker,Cloudy,Worn,13570
241,2015,2015-05-05,6,3,10,6,Bat,6,70,0,174,104,Donna Lewis,Thomas Buck,Ruth Wright,Humid,Used,62682
242,2019,2019-04-09,1,7,13,1,Bat,7,0,0,183,183,Scott Ramirez,Jonathan Reilly,Kyle Martinez,Humid,Worn,20200
243,2011,2011-05-15,1,4,10,1,Field,4,0,0,152,152,Jennifer Salas,Paula Gibson,Joseph Gibson,Clear,Fresh,52944
244,2008,2008-04-20,10,7,6,10,Field,7,0,0,156,156,Helen Payne,Elizabeth Roman,Shannon Nichols,Cloudy,Fresh,25410
245,2009,2009-04-16,9,3,5,9,Field,9,0,6,175,121,John Reed,Jon Perez,Jane Wolfe,Cloudy,Fresh,26160
246,2017,2017-05-01,10,5,3,10,Bat,5,0,0,198,198,Dustin Duran,Brian Brown,Michael Wright,Clear,Used,14075
247,2009,2009-05-28,4,5,9,4,Bat,4,79,0,203,124,Sarah Howell,Valerie Sanders,Tanner Adams,Cloudy,Dusty,25131
248,2021,2021-04-03,7,8,12,7,Bat,7,1,0,192,191,David Norris,Jessica Dixon,Kelly Fernandez,Cloudy,Dusty,14967
249,2010,2010-04-15,1,2,6,1,Field,1,0,3,162,132,Michael Hanna,George Hall MD,Stephen Williams,Cloudy,Used,23587
250,2020,2020-04-07,4,2,13,4,Field,2,0,0,161,161,Amanda Clark,Jessica Ochoa,Colin Evans,Clear,Dusty,36608
251,2019,2019-04-13,1,3,8,3,Field,1,0,0,187,187,Jose Garcia,Carly Reed,Julian Roth,Humid,Used,21402
252,2013,2013-04-22,2,10,16,10,Bat,10,83,0,195,112,Shawn Ramsey,William Baldwin,Mr. Michael Garcia II,Rainy,Dusty,37923
253,2011,2011-04-27,2,8,15,8,Bat,8,27,0,169,142,George Pitts,Teresa Steele,Kaitlin Rodriguez,Rainy,Dusty,22992
254,2016,2016-04-07,5,3,16,3,Bat,5,0,0,198,198,Nathaniel Matthews,Victoria Collins,Jill Lindsey,Rainy,Used,30489
255,2015,2015-04-17,6,2,6,6,Bat,2,0,0,156,156,Kelly Wilkerson,Deborah Curtis,Mark Taylor,Humid,Used,62410
256,2021,2021-05-22,4,10,11,10,Bat,4,0,0,135,135,Rebecca Knight,Meghan Watson,Stephanie Fisher,Humid,Fresh,42319
257,2011,2011-05-15,10,9,5,10,Field,9,0,0,187,187,Krystal Hayes,Mary Miller,Alan Bowers,Humid,Dusty,11898
258,2018,2018-04-15,1,9,15,9,Field,9,0,1,135,123,Connie Shelton,Joshua Gomez,Michael Moreno,Clear,Used,29979
259,2018,2018-04-23,5,7,15,7,Bat,5,0,0,164,164,Jade Moore,Jason Wilson,Nicole Hernandez,Humid,Fresh,20263
260,2019,2019-05-21,8,7,1,8,Field,8,0,5,231,181,Brandi Schmidt,Robert Perry,Elizabeth Tucker,Cloudy,Fresh,40659
261,2021,2021-04-02,1,5,18,5,Field,5,0,6,174,138,Vanessa Wilcox,Christopher Williams,Timothy Williams,Humid,Fresh,18538
262,2021,2021-05-10,4,3,6,4,Field,4,0,1,175,165,Brian Johnson,Jillian Ellis,Richard May,Cloudy,Used,10646
263,2012,2012-04-04,1,8,10,1,Field,1,0,4,184,152,Allison Estrada,Jacqueline Jones,Janice Pugh,Rainy,Used,19250
264,2022,2022-04-05,5,2,20,2,Field,2,0,1,140,128,Daniel Kaiser,Mary Avila,Kathryn Lyons,Rainy,Dusty,11395
265,2018,2018-04-14,8,4,1,4,Bat,8,0,0,141,141,James Norton,Dr. Cynthia Henson,Christian Kennedy,Humid,Dusty,37327
266,2016,2016-04-27,8,3,2,3,Field,8,0,0,212,212,John Davis,Meagan Meyer,Christopher Colon,Clear,Worn,24928
267,2018,2018-05-18,5,4,10,5,Bat,4,0,0,144,144,Candace Schultz,Christy Pena,Richard Owens,Clear,Worn,64168
268,2012,2012-05-22,8,4,19,8,Field,4,0,0,165,165,Dominique Moore,Cassandra Douglas,Lauren Logan MD,Humid,Fresh,13846
269,2023,2023-05-04,6,9,18,9,Field,6,0,0,173,173,Edward Coleman,Brent Little,Daniel Cherry,Humid,Fresh,20544
270,2013,2013-05-10,1,2,14,2,Field,2,0,3,227,206,Sandra Anderson,Erika Sanchez,Dylan Weaver,Humid,Fresh,24572
271,2010,2010-05-27,7,3,13,3,Bat,7,0,0,134,134,Anthony Prince,Mariah Simpson,Kristy Jones,Rainy,Fresh,66742
272,2022,2022-05-19,10,7,13,7,Field,7,0,8,217,153,Justin Torres MD,Joshua Williams,Erin Hawkins,Humid,Worn,38581
273,2012,2012-05-05,10,7,12,7,Bat,7,63,0,191,128,James Casey,Tiffany Huber,Erin Olson,Rainy,Used,36612
274,2013,2013-05-26,1,9,6,1,Field,1,0,6,257,197,Christopher King,Shane Williams,David Sloan,Rainy,Fresh,13096
275,2010,2010-04-08,10,2,18,2,Bat,2,5,0,198,193,Michael King,Joanna Morgan,Lisa Cortez,Rainy,Used,16974
276,2020,2020-04-24,8,3,7,3,Bat,8,0,0,211,211,Darryl Tapia,Tyler Stevens,Mary Ramirez,Cloudy,Dusty,23002
277,2014,2014-05-12,5,9,7,9,Field,9,0,6,167,131,Kelly Kim,Emily Acevedo,Robert Patel,Rainy,Worn,20831
278,2012,2012-04-24,8,2,10,8,Bat,2,0,0,126,126,Robert Snow,Thomas Aguilar,Mary Patterson,Clear,Dusty,43964
279,2017,2017-05-14,4,2,5,4,Bat,4,84,0,135,51,Eduardo Williamson,Alexander Berry,Jeffery Scott,Rainy,Fresh,11137
280,2020,2020-05-02,1,4,9,1,Field,4,0,0,164,164,Sara Clayton,Patrick Maddox,Makayla James,Clear,Worn,29595
281,2010,2010-04-04,5,2,12,5,Bat,2,0,0,149,149,Andrew Brown,Joshua Butler,Kathleen Kim,Rainy,Worn,41148
282,2020,2020-04-07,7,1,13,1,Field,1,0,3,230,203,Eugene Flores,Samantha Reeves,Dana Jones,Rainy,Used,68537
283,2017,2017-05-06,9,2,17,9,Field,9,0,6,241,181,Chelsey Hunt,John Mayer,Evan Hutchinson,Rainy,Worn,47012
284,2010,2010-04-16,3,6,3,3,Field,3,0,7,222,166,David Doyle,Amy Porter,Jose Hawkins,Cloudy,Used,20283
285,2021,2021-05-31,7,6,20,6,Field,7,0,0,210,210,Carlos Lucas,Darrell Bush MD,Ryan Evans,Cloudy,Dusty,10897
286,2015,2015-04-26,3,4,19,3,Bat,3,43,0,147,104,Karen Becker,Zachary Williams,Cindy Lee,Rainy,Worn,20837
287,2008,2008-05-22,1,10,9,1,Bat,1,66,0,128,62,John Kelly,Savannah Osborne,Sandra Reed,Humid,Worn,30845
288,2010,2010-05-12,1,10,4,10,Field,10,0,5,213,188,Amanda Alvarez,Jerome Franklin,Steven Eaton,Humid,Worn,12754
289,2018,2018-05-20,10,1,6,10,Bat,1,0,0,158,158,Toni Lynn,Ronnie Stevenson,Mr. Micheal Snyder,Rainy,Fresh,10489
290,2020,2020-04-15,3,5,7,5,Field,5,0,7,274,197,Pamela Doyle,Kristin Molina MD,Kevin Haynes,Humid,Used,14358
291,2017,2017-05-25,9,5,14,5,Bat,5,92,0,147,55,Bobby Dean,Sharon Foster,Tina Chapman,Humid,Fresh,15293
292,2013,2013-04-27,6,10,11,6,Field,6,0,1,147,137,Michael Jones,Robert Mills,David Franklin,Cloudy,Used,38426
293,2014,2014-04-13,3,1,9,3,Bat,1,0,0,197,197,Michael Gordon,Debbie Perkins,Pamela Rose,Humid,Used,29169
294,2015,2015-04-08,10,1,7,10,Field,1,0,0,138,138,Kelly Hunt,Tara Powers,Jason Little,Humid,Used,12297
295,2022,2022-05-06,6,8,18,8,Bat,8,16,0,176,160,Kara Mcgee,Lisa Wolf,Kenneth Washington,Rainy,Dusty,17408
296,2019,2019-04-19,1,5,6,1,Field,1,0,8,227,131,Paul Bailey,Eric Rivers,Ashley Weaver,Humid,Fresh,66019
297,2023,2023-04-16,5,2,17,5,Field,5,0,1,153,148,Stephanie Lopez,Chad Thompson,Daniel Taylor,Rainy,Worn,54219
298,2008,2008-04-11,10,4,16,4,Bat,4,1,0,180,179,Seth Gross,Brian Black,Anthony Davis,Rainy,Fresh,33193
299,2017,2017-04-03,4,6,7,4,Bat,4,1,0,120,119,Patricia Brown,Kristin Shaw,Catherine Ellis,Humid,Used,11316
300,2019,2019-05-24,8,4,3,8,Field,8,0,5,248,198,Elizabeth Bailey,Samuel Miranda,Amy Henson,Cloudy,Worn,23504
301,2017,2017-04-04,7,5,18,7,Bat,7,92,0,168,76,Anna Bush,Larry Parker,Jodi Harrison,Cloudy,Fresh,24888
302,2022,2022-04-28,9,8,13,9,Bat,8,0,0,166,166,Nicholas Ochoa,Rebecca Thompson,Kelly Mooney,Humid,Dusty,32704
303,2013,2013-05-03,3,2,16,3,Field,2,0,0,207,207,Todd Baird,Mrs. Amber Nicholson MD,Jesus Nelson,Cloudy,Worn,25412
304,2020,2020-05-21,7,9,20,9,Field,7,0,0,187,187,Shawn Frederick,Grant Little,Gary Peterson,Cloudy,Worn,25484
305,2017,2017-05-23,3,9,19,9,Field,9,0,3,179,164,Gina Edwards,Abigail Martinez,Jessica Price,Cloudy,Fresh,12283
306,2009,2009-04-13,3,1,15,1,Bat,3,0,0,161,161,Bryan Thomas,Ellen Duncan,Tina Peterson,Cloudy,Used,27904
307,2019,2019-05-13,9,5,5,5,Bat,5,21,0,209,188,Bradley Anderson,Mrs. Cynthia Pham,Mackenzie Roach,Humid,Dusty,23422
308,2018,2018-05-15,5,4,13,5,Bat,5,69,0,155,86,Julia Anderson,Kevin Williams,Jennifer Davis,Rainy,Used,50362
309,2020,2020-05-17,7,10,13,7,Field,7,0,9,221,158,Kenneth Harris,John Hess DVM,Barbara Flores,Clear,Worn,18187
310,2018,2018-05-26,2,9,16,9,Bat,9,20,0,178,158,Cynthia Gaines,Tiffany Smith,Krystal Thomas,Clear,Dusty,38325
311,2011,2011-05-02,3,10,16,10,Bat,3,0,0,134,134,Melissa Williams,Jerry Walker,Brandon Kane,Rainy,Worn,21574
312,2021,2021-05-12,9,6,20,6,Bat,9,0,0,141,141,Travis Hall,Susan Fisher,Elizabeth Reeves,Clear,Worn,14265
313,2016,2016-05-12,10,2,15,2,Field,2,0,1,198,192,Nicholas Long,Bruce Perkins,Scott Park,Clear,Dusty,30258
314,2013,2013-04-09,5,2,13,2,Field,5,0,0,172,172,Holly Glover,Katrina Hahn,Mallory Griffin,Cloudy,Dusty,16626
315,2014,2014-04-25,3,1,9,1,Bat,1,5,0,135,130,Tiffany Morgan,Nathaniel Wong,Ronald Maynard,Clear,Fresh,29235
316,2009,2009-04-25,3,9,7,3,Field,9,0,0,137,137,Melissa Newton,Jeffery Powell,Philip Scott,Clear,Worn,12903
317,2011,2011-05-17,5,8,5,8,Field,5,0,0,162,162,Mark Taylor,Gerald Galloway,Monique Chambers,Clear,Used,20782
318,2021,2021-05-04,10,3,7,3,Bat,3,72,0,129,57,Michael Gonzalez,Jordan Cox,Kathleen Meadows,Rainy,Fresh,14241
319,2017,2017-05-24,7,4,20,7,Field,7,0,3,155,137,Tara Acosta,Michael Cook,Robert Hoffman,Rainy,Fresh,22903
320,2012,2012-05-13,4,10,12,10,Bat,10,37,0,162,125,Brenda Bray MD,Thomas Zimmerman,Mary Diaz,Rainy,Worn,15346
321,2018,2018-05-08,3,1,5,3,Bat,1,0,0,140,140,Mary Cain,Maria Harper,Sarah Hill,Rainy,Fresh,15359
322,2009,2009-05-09,7,5,17,7,Bat,5,0,0,172,172,Teresa Allen,Joyce Taylor,Rick Holder,Rainy,Worn,56870
323,2009,2009-04-20,5,3,19,3,Field,3,0,1,128,123,Jeremy Durham,Daniel Mora,Philip Jackson,Cloudy,Fresh,13857
324,2023,2023-04-14,2,5,5,5,Bat,5,57,0,176,119,Dr. Sandra Turner DDS,Ronald Chung,Kara Wilson,Clear,Dusty,11688
325,2009,2009-05-21,10,1,20,10,Field,1,0,0,124,124,Lisa Rowe,Matthew Jackson,Jonathan Ford,Rainy,Worn,19169
326,2008,2008-04-12,2,7,12,7,Bat,2,0,0,167,167,Kyle Jones,Denise Sanchez,Christopher Morris,Humid,Worn,11565
327,2008,2008-05-29,10,5,5,10,Field,10,0,5,207,167,Robert Sutton,Tiffany Baker,Brittany Carter,Humid,Dusty,10304
328,2016,2016-04-15,8,10,12,8,Bat,10,0,0,157,157,Patrick Carroll,Mason Barnes,Zachary Blackburn,Humid,Fresh,23023
329,2014,2014-04-30,7,5,19,5,Field,5,0,9,209,128,Chad Martinez,Chelsea Bailey,Jacob Moore,Clear,Dusty,17373
330,2008,2008-05-17,2,3,11,2,Bat,2,59,0,174,115,Steven Spencer,Dr. Oscar Richardson,Pamela Lowe,Humid,Used,18226
331,2023,2023-05-25,7,2,15,2,Bat,7,0,0,210,210,Xavier Holmes,Krista Mendez,James Sanchez,Humid,Dusty,12190
332,2014,2014-05-08,9,3,14,3,Field,3,0,7,218,134,Johnny Estes,Michael Jacobs,David Ward,Rainy,Dusty,53345
333,2012,2012-05-30,9,1,19,9,Bat,9,92,0,215,123,Brandon Ali,Mariah Brown,Harry Smith,Cloudy,Used,12908
334,2009,2009-04-06,8,2,2,8,Bat,8,17,0,142,125,Ashley Small,Robert Franco,Danielle Ruiz,Cloudy,Used,27915
335,2008,2008-04-17,6,7,3,7,Bat,6,0,0,180,180,Nancy Davis,Austin Lee,Andrew Gardner,Humid,Used,36553
336,2021,2021-04-06,3,5,19,5,Bat,5,14,0,170,156,Patricia Dean,Gene Rodriguez,Jeremy Haynes,Clear,Fresh,15829
337,2014,2014-05-03,2,10,9,10,Bat,2,0,0,157,157,Tyler Day,Ashley Duke,Cheryl Williams,Humid,Fresh,23164
338,2022,2022-05-23,3,9,13,3,Bat,9,0,0,132,132,Lisa Miller,Marie Mitchell,Andrea Hull,Rainy,Dusty,26229
339,2018,2018-05-10,10,8,10,8,Bat,8,45,0,168,123,Sara Monroe,Michael Miller,Kyle Rocha,Humid,Used,75278
340,2010,2010-05-15,4,7,20,4,Bat,7,0,0,206,206,Jeffrey Sanchez,Katie Barnes,James Jordan,Rainy,Dusty,22653
341,2011,2011-05-01,5,7,19,5,Bat,7,0,0,141,141,Kristen Campbell,Scott Allen,Samantha Solis,Humid,Used,10955
342,2010,2010-04-20,1,6,7,1,Bat,1,25,0,122,97,Ashley Hardy,Jillian Oneal,Stephen Webster,Cloudy,Dusty,14498
343,2020,2020-04-19,10,6,15,6,Bat,6,44,0,182,138,Norma Morgan,Christopher Jackson,Julie Murphy,Humid,Fresh,24093
344,2017,2017-04-30,1,8,20,8,Bat,8,47,0,180,133,Wendy Jackson,Daniel Johnson,Michael Gibson,Rainy,Fresh,15671
345,2023,2023-04-14,2,5,6,2,Field,5,0,0,164,164,Judith Thompson,Jesse Wolf,Jordan Lee,Rainy,Used,50662
346,2017,2017-04-19,6,3,1,6,Field,6,0,1,168,162,Nicole Contreras,Rebecca Jackson,Michael Thompson,Cloudy,Dusty,33539
347,2021,2021-05-09,6,8,3,6,Field,6,0,6,212,140,Laura Robinson,John Krueger,Jessica Alvarado,Clear,Worn,15107
348,2008,2008-04-26,8,5,17,8,Field,8,0,6,235,163,Matthew Hartman,Michelle Hernandez,Daniel Moore,Rainy,Used,13637
349,2021,2021-05-08,9,2,7,9,Field,9,0,1,187,175,Michael Moore,Shelley Willis,Kevin Taylor,Clear,Used,10864
350,2023,2023-04-01,1,10,6,1,Field,1,0,7,222,166,Daniel Smith,Mindy Rivera,Timothy Duran,Rainy,Used,61374
351,2012,2012-05-18,6,9,5,9,Bat,9,81,0,142,61,Courtney Blake,Gerald Huber,Jorge Adams,Humid,Worn,17623
352,2013,2013-05-01,5,9,1,9,Field,5,0,0,190,190,Taylor Berry,Meghan Stewart,Mandy Lozano,Humid,Worn,22959
353,2011,2011-04-23,7,8,14,7,Bat,7,54,0,219,165,William Peters,Jason Hall,Nathaniel Stevens,Humid,Worn,37839
354,2016,2016-05-26,4,5,20,4,Field,5,0,0,130,130,James Davis,Joseph Peters,Daniel Eaton,Cloudy,Worn,11134
355,2015,2015-04-18,6,2,16,2,Bat,6,0,0,131,131,Jodi Evans,Alexandria Richards,Kaitlyn Ewing,Clear,Worn,40032
356,2015,2015-05-22,2,9,6,2,Field,2,0,3,151,130,Justin Ellis,Brett Huffman,Christopher Whitney,Cloudy,Worn,45102
357,2020,2020-05-19,9,6,6,6,Bat,6,62,0,214,152,Jeremy Silva,James Alvarado,Jennifer Thompson,Clear,Fresh,47630
358,2008,2008-04-03,1,5,20,5,Bat,1,0,0,130,130,Derek Martinez,Jacqueline Smith,Charles Green,Humid,Dusty,17656
359,2022,2022-05-19,3,6,7,6,Field,6,0,2,194,170,Chase Thomas,Lisa Alvarez,Tammy Phillips,Cloudy,Worn,18180
360,2012,2012-04-16,10,9,20,9,Bat,9,68,0,220,152,Michael Jackson,Brandon Jackson,Veronica Rowe,Clear,Dusty,20051
361,2015,2015-05-01,2,5,1,5,Field,2,0,0,123,123,Christian Vaughn,Paul Cox,Debra Rogers,Clear,Dusty,18575
362,2017,2017-04-27,1,2,12,2,Bat,1,0,0,142,142,Ashley Martinez,Joseph Smith,Jennifer Haney,Clear,Used,10082
363,2008,2008-05-07,9,6,9,6,Bat,9,0,0,163,163,Cynthia Humphrey,Rachel Maxwell,Carol Jones,Rainy,Worn,23697
364,2012,2012-04-25,3,4,14,4,Field,3,0,0,173,173,Joyce Scott,Joshua Smith,Andrea Brown,Humid,Dusty,13511
365,2013,2013-04-11,9,10,1,9,Field,9,0,3,202,181,Mr. Ronald Thomas Jr.,Peggy Thompson,Timothy Ramirez,Clear,Fresh,34763
366,2008,2008-04-08,7,3,20,7,Bat,7,98,0,168,70,Shawn Burnett,George Cook,Joan Jackson,Clear,Used,15182
367,2023,2023-04-28,2,5,9,2,Bat,2,70,0,153,83,Victoria Burke,Kaitlyn Wolf,Matthew Murphy,Rainy,Worn,17353
368,2021,2021-05-29,3,4,14,4,Field,3,0,0,146,146,Sara Fisher,Melissa Watkins,Brittany Sutton,Cloudy,Fresh,46695
369,2009,2009-05-24,4,9,8,4,Bat,4,41,0,121,80,John Gutierrez,Nicole Lane,Chelsea Harrington,Humid,Fresh,56861
370,2019,2019-05-11,5,9,6,5,Bat,5,80,0,188,108,Adrian Stewart,Kim Brooks,Amy Morris,Rainy,Dusty,13230
371,2014,2014-05-19,9,2,6,2,Field,2,0,4,223,191,Jerry Wright,Steven Jones,Jordan Lane,Rainy,Worn,58434
372,2016,2016-05-20,2,3,14,3,Bat,2,0,0,215,215,Robert Zimmerman,Vanessa Jones DVM,Michael Guzman,Cloudy,Fresh,22031
373,2010,2010-05-23,3,8,12,3,Bat,3,18,0,149,131,William Shaw,Jason Evans,Tara Snyder,Rainy,Fresh,12338
374,2013,2013-04-11,2,8,20,2,Field,8,0,0,196,196,Terry Jones,Darren Salazar,Mary Christian,Cloudy,Dusty,17744
375,2020,2020-04-01,2,7,4,2,Field,7,0,0,150,150,Shelby Ingram,Terry Howard,Elizabeth Meyer,Humid,Fresh,42378
376,2019,2019-05-25,3,4,10,3,Field,4,0,0,151,151,Eric Parker,Michelle Morrison,Catherine Murray,Cloudy,Dusty,36107
377,2014,2014-04-13,4,9,10,4,Bat,4,80,0,137,57,Samuel Ramsey,Roberta Jackson,Robert Sweeney,Clear,Dusty,53231
378,2019,2019-04-22,4,10,1,10,Field,10,0,3,160,136,Mrs. Natasha Berg,Kelli Pennington,Benjamin Morgan,Humid,Worn,21490
379,2020,2020-04-09,5,2,17,5,Field,5,0,7,213,143,Michael Norman,Nicole Taylor,Melissa Morgan,Humid,Used,27611
380,2010,2010-05-22,8,5,9,8,Field,8,0,8,187,123,Derek Barrett,Sharon Clark,Mr. Michael Brown Jr.,Humid,Worn,10319
381,2010,2010-05-14,3,9,10,3,Field,9,0,0,158,158,Robert Brandt,Kayla Ryan,Cathy Orr,Rainy,Dusty,19837
382,2016,2016-05-20,4,6,7,4,Field,4,0,5,184,144,Nicholas Turner,Matthew Moore,Crystal Gonzales,Clear,Dusty,13907
383,2010,2010-04-26,3,9,20,9,Bat,3,0,0,198,198,Kathryn Wright,Michael Martinez,Rebecca Moore,Clear,Worn,13868
384,2008,2008-05-07,5,2,6,2,Field,2,0,1,166,157,Ms. Cynthia Mcintyre,Jamie Roberts,Gregory Jones,Clear,Used,60509
385,2011,2011-05-20,9,6,4,6,Bat,9,0,0,129,129,Joshua Olsen,Jose Tucker,Daniel Rodriguez,Rainy,Fresh,58856
386,2021,2021-05-18,5,8,20,8,Field,5,0,0,125,125,Teresa Silva,Tara Montes,Debbie Gonzales,Cloudy,Fresh,21247
387,2021,2021-04-05,7,1,13,1,Field,1,0,1,176,169,Derrick Powers,Alan Reed,Brandi Weaver,Humid,Fresh,41420
388,2018,2018-04-14,8,4,12,4,Bat,4,44,0,179,135,Pamela Schultz,Nicole Burns,John Hunt,Rainy,Worn,13733
389,2022,2022-04-10,6,9,7,6,Bat,9,0,0,187,187,Adam Flores,Dr. Meghan Erickson,Robert Jones,Cloudy,Used,11561
390,2013,2013-04-01,5,6,9,5,Bat,6,0,0,177,177,Angie Olsen,Nicholas Wang,David Garza,Clear,Dusty,29262
391,2012,2012-04-25,8,1,11,8,Bat,8,68,0,187,119,Robert Cruz,Jo Cooper,Marcus Edwards,Rainy,Fresh,38522
392,2012,2012-04-05,1,2,16,1,Bat,1,14,0,207,193,Brian Carter,Cindy Campos,Tina Johnson,Clear,Fresh,17978
393,2013,2013-04-29,2,3,4,2,Field,2,0,9,283,220,Cory Mullen,Joshua Larsen,Carol Anderson,Cloudy,Used,52240
394,2010,2010-05-25,4,3,10,3,Bat,4,0,0,217,217,James Williams,Shane Hernandez,Jimmy Clark,Cloudy,Worn,54498
395,2023,2023-04-10,4,2,13,2,Bat,2,76,0,142,66,Emily Martinez,Elizabeth Stewart,Eric Wyatt,Clear,Dusty,41254
396,2013,2013-04-30,10,3,17,3,Field,3,0,5,243,188,Toni Jones,Lisa Ruiz,Joseph Calderon,Cloudy,Used,58910
397,2015,2015-05-12,3,7,9,3,Bat,3,53,0,181,128,Joseph King,Kimberly Jones,Joshua Campbell,Cloudy,Dusty,22205
398,2012,2012-04-18,4,10,18,10,Field,4,0,0,186,186,Christopher Miller,Lisa Gilbert,Christy Ross,Humid,Dusty,10380
399,2009,2009-04-15,3,2,10,3,Field,3,0,7,176,127,Mr. Allen Jackson,Crystal Lara,Elizabeth Reyes,Clear,Fresh,10455
400,2021,2021-05-15,5,9,7,9,Field,5,0,0,164,164,Michael May,Alicia Brown,Daniel Wilkinson,Cloudy,Used,15961
401,2013,2013-04-16,8,10,20,10,Field,10,0,1,153,146,Joseph Salazar,Kara Hughes,Wanda Brown,Clear,Used,11699
402,2022,2022-04-02,5,4,12,4,Field,5,0,0,191,191,Morgan Torres,Brad Williams MD,Michelle Gates,Rainy,Dusty,13809
403,2019,2019-05-24,7,2,8,7,Field,7,0,5,162,132,Erin Fernandez,Anthony Maldonado,Heather Shelton,Rainy,Worn,29712
404,2008,2008-05-06,8,5,4,5,Field,8,0,0,122,122,Joel Brown,Crystal Harris MD,Diana Morgan,Rainy,Worn,50245
405,2017,2017-04-06,8,4,11,4,Bat,8,0,0,157,157,Tracy Vazquez,Kenneth Hopkins PhD,Martin Brown,Rainy,Dusty,43132
406,2018,2018-05-14,7,9,5,9,Bat,7,0,0,160,160,Keith Black,Jennifer Evans,Zachary Reed,Clear,Fresh,13874
407,2017,2017-05-15,8,5,15,5,Bat,8,0,0,144,144,Heather Brooks,Justin Knight,Linda King,Cloudy,Worn,18939
408,2016,2016-04-03,2,8,14,2,Bat,2,46,0,181,135,Emily Charles,Pamela Heath,Kenneth Ramos,Clear,Used,17719
409,2008,2008-05-29,8,10,10,10,Bat,10,94,0,124,30,Aaron Buck,Adam Deleon,Susan Shaw,Cloudy,Dusty,18517
410,2018,2018-04-09,10,4,4,4,Bat,10,0,0,188,188,Dr. Michael Thomas DDS,Matthew Wade,Mark Arnold,Humid,Used,24137
411,2010,2010-05-01,8,10,6,10,Field,8,0,0,142,142,Mason Tran,Samantha Underwood,Jeanne Moran,Cloudy,Fresh,32701
412,2015,2015-04-27,4,3,9,3,Field,4,0,0,140,140,Annette Brown,Tiffany Owen,Michael Skinner,Rainy,Used,34391
413,2019,2019-05-08,10,5,8,10,Bat,10,76,0,220,144,Stephanie Bowman,Troy Horton,Megan Flores,Cloudy,Worn,50188
414,2016,2016-05-09,8,6,10,8,Bat,6,0,0,173,173,Jennifer Carroll,Bruce Williams,Margaret Ramos,Humid,Used,75332
415,2018,2018-05-26,8,4,16,8,Field,8,0,4,200,152,Lori Golden,Brenda Rojas,Bethany Rodgers,Cloudy,Worn,15174
416,2012,2012-04-26,10,4,1,4,Field,10,0,0,201,201,Sylvia Burns,Ryan Jones,Benjamin Carey,Humid,Used,19959
417,2020,2020-04-15,4,10,16,4,Field,10,0,0,159,159,Cassandra Macdonald,Theresa Wright,Jason Rivera,Cloudy,Worn,40168
418,2017,2017-04-07,5,6,11,5,Field,5,0,7,231,196,Heather Todd,Julie Sanders,Jennifer Sanchez,Rainy,Fresh,16356
419,2021,2021-05-03,8,1,13,8,Bat,1,0,0,163,163,Lisa Simon,Dr. Jennifer Zuniga,Denise Johnson,Clear,Worn,63923
420,2016,2016-05-17,9,6,10,9,Bat,9,4,0,154,150,Casey Davis,Mr. Jared Lopez,Gregory Wright,Rainy,Dusty,17847
421,2019,2019-05-18,9,5,17,9,Bat,9,1,0,209,208,Lindsey Torres,Kelly Hughes,Richard Smith,Cloudy,Dusty,27974
422,2009,2009-04-09,4,5,8,5,Field,4,0,0,136,136,Benjamin Wiggins,Jessica Boone,Jason Black,Rainy,Worn,71492
423,2013,2013-04-08,10,5,18,5,Bat,5,20,0,171,151,Mary Green,Eric Wise,Dustin Edwards,Rainy,Dusty,20237
424,2019,2019-04-11,5,9,20,9,Bat,9,100,0,169,69,William Moreno,Jessica Lester,Michael Smith,Clear,Dusty,17522
425,2011,2011-04-05,3,6,4,6,Bat,6,20,0,204,184,Patricia Thompson,Richard Ford,Connie Morgan,Clear,Used,33395
426,2017,2017-04-05,5,10,3,5,Bat,5,46,0,151,105,Sarah Bell,Brandon Vazquez,Alexandria Hull,Clear,Used,30343
427,2017,2017-05-22,4,8,7,4,Field,4,0,8,187,147,Alicia Campbell MD,Melissa Yang,Michael Jackson,Cloudy,Dusty,16277
428,2013,2013-05-27,7,9,5,7,Bat,7,41,0,179,138,Shannon Dean,Mr. Christopher Morris,Gloria Green,Cloudy,Fresh,27073
429,2011,2011-04-04,8,3,16,3,Field,8,0,0,196,196,Gregory Cooper,Joanna Johnson,Julie Martin,Clear,Worn,30184
430,2021,2021-04-11,4,6,11,4,Bat,6,0,0,162,162,Adam Pierce Jr.,Bryan Mcdonald,Daniel Scott,Rainy,Worn,30079
431,2012,2012-05-05,8,6,17,8,Field,8,0,3,240,213,Amanda Norman,Lucas Macdonald,Kyle Lane,Cloudy,Fresh,52924
432,2010,2010-04-15,6,8,2,8,Bat,6,0,0,195,195,Rebecca Davis,Steven Johnson,Sherry Richardson,Cloudy,Dusty,29450
433,2015,2015-05-06,2,8,14,2,Field,8,0,0,180,180,Anthony Cunningham,Debra Ward,Denise Taylor,Cloudy,Worn,24524
434,2017,2017-05-14,9,5,20,5,Bat,9,0,0,184,184,Katherine Webb,Anna Green,Donald Ramirez,Cloudy,Used,13075
435,2022,2022-04-15,10,2,10,10,Field,2,0,0,135,135,Heather Wilkins,Frank Schmidt,Carla Palmer,Cloudy,Used,40281
436,2015,2015-05-14,8,2,19,8,Field,8,0,9,213,123,Michael Gallegos,Heidi Rowe,Jacob Hicks,Clear,Dusty,17545
437,2013,2013-04-23,9,8,19,8,Bat,8,37,0,158,121,Todd Webb,Tiffany Thomas,Sara Williamson,Clear,Worn,12749
438,2017,2017-04-29,6,10,15,6,Field,6,0,4,205,169,Devon Chen,Allison Barker,Jeremy Walsh,Clear,Dusty,23088
439,2009,2009-04-14,9,6,8,6,Field,6,0,3,160,136,Erin Love,Micheal Rangel,Deborah Johnson,Humid,Fresh,64672
440,2011,2011-05-17,10,4,19,10,Bat,10,56,0,199,143,Heather Reid,Nicholas Evans,Kevin Chase,Rainy,Worn,13016
441,2018,2018-04-13,10,5,17,10,Field,10,0,7,178,143,Patricia Turner,Olivia Moody,Nicolas Stevens,Cloudy,Dusty,17420
442,2022,2022-04-22,1,10,14,1,Bat,10,0,0,168,168,Kim Delgado,Debra Jordan,Ashley Kelley,Cloudy,Fresh,22512
443,2018,2018-04-19,9,10,7,9,Field,9,0,2,165,155,Patricia Stanley,Christine Hanson,Shannon Ramsey,Humid,Dusty,10177
444,2014,2014-04-25,8,9,1,8,Bat,8,76,0,143,67,Jason Henson,Janet Wood,Robert Gallegos,Rainy,Dusty,28333
445,2023,2023-04-24,5,6,8,5,Field,5,0,6,216,186,Eric Cox,Jennifer Horne,Christopher Green,Clear,Dusty,75087
446,2023,2023-04-10,7,6,5,7,Field,6,0,0,171,171,Darrell Lopez,Veronica Carey,Edward Garza,Rainy,Fresh,16260
447,2021,2021-05-15,6,3,15,6,Field,3,0,0,210,210,Samantha Gutierrez,Ryan Martin,Joy Ponce,Humid,Used,31817
448,2011,2011-04-05,1,7,15,1,Field,1,0,5,265,220,Maria Khan,Adam Mccarty,Jerry Maddox,Cloudy,Worn,35743
449,2008,2008-05-17,2,10,15,2,Field,2,0,1,155,149,Jennifer Taylor,George Simmons,Jacqueline Jones,Cloudy,Fresh,26266
450,2011,2011-05-16,7,5,11,5,Bat,5,89,0,189,100,Donald Owens,Ms. Kelly Lane MD,John Edwards,Humid,Used,19537
451,2012,2012-04-19,1,5,12,5,Bat,1,0,0,191,191,Gary Cabrera,Shannon Robles,Jonathan Bryant,Cloudy,Used,23200
452,2021,2021-05-29,4,1,2,1,Field,4,0,0,140,140,Jack Hayes,Tracy Higgins,Richard Coleman,Cloudy,Dusty,10926
453,2023,2023-05-24,9,8,14,8,Bat,8,3,0,216,213,Samuel Woodward,Gregory Jackson,Lisa Becker,Rainy,Used,40628
454,2013,2013-04-24,1,7,16,1,Bat,1,40,0,138,98,Teresa Rodriguez,William Martin,Charles Baldwin,Cloudy,Worn,26182
455,2010,2010-05-08,1,9,5,9,Bat,9,7,0,140,133,Cindy Barnes,Angela Carroll,Sarah Nguyen,Clear,Worn,24808
456,2010,2010-04-13,4,7,11,7,Field,7,0,8,244,148,Diana Walker,Tyler Russell,Melissa Lee,Clear,Used,44027
457,2017,2017-05-02,8,5,6,8,Bat,5,0,0,126,126,Douglas Jackson,Michael Nelson MD,Matthew Norris DDS,Cloudy,Dusty,28304
458,2014,2014-04-23,4,9,16,4,Field,4,0,2,201,189,William Bridges,Jennifer Russell,Jack Lee,Cloudy,Fresh,22824
459,2021,2021-04-20,2,8,11,8,Field,2,0,0,193,193,Brenda Hinton,Christopher Murray,Randy Li,Cloudy,Fresh,11996
460,2020,2020-04-22,4,3,8,4,Bat,4,23,0,183,160,Mr. Michael Williams,Andrea Rogers,Pamela Campbell,Cloudy,Fresh,56888
461,2016,2016-04-17,9,8,2,9,Field,9,0,8,243,155,Christina Schroeder,Andrew Ellison,Patrick Anderson,Clear,Dusty,30996
462,2008,2008-04-03,3,4,9,3,Bat,4,0,0,130,130,Daniel Smith,Audrey Jones,Gary Harrison,Clear,Fresh,16953
463,2014,2014-05-14,1,6,8,1,Bat,1,33,0,154,121,David Chambers,Mary Parker,Alison Bentley,Rainy,Used,38854
464,2021,2021-04-10,4,3,10,3,Field,3,0,3,198,171,Travis Nash,David Werner,Autumn Potter,Rainy,Fresh,30135
465,2012,2012-05-25,4,3,9,3,Bat,4,0,0,139,139,Rachel Hahn,Blake Lucas,Jessica Montgomery,Cloudy,Used,29511
466,2009,2009-04-05,1,2,6,1,Field,1,0,8,191,143,Mark Perkins,Justin Walsh,Michael Hunt,Rainy,Fresh,45365
467,2022,2022-04-14,8,3,2,8,Field,3,0,0,170,170,Jonathan Watkins,Charles Zimmerman,Emily Carpenter,Rainy,Fresh,28052
468,2015,2015-04-02,9,6,7,9,Bat,9,32,0,187,155,Katrina Fernandez,Christian Waters,Christopher Crawford,Humid,Used,23859
469,2015,2015-05-29,10,7,4,7,Field,7,0,6,209,173,Mary Bailey,Jennifer Sullivan,Stacy Andrews,Cloudy,Fresh,24697
470,2018,2018-05-03,9,8,1,8,Bat,9,0,0,140,140,Richard Boyd,John Bryan,Matthew Medina,Cloudy,Fresh,35820
471,2018,2018-04-29,3,2,19,2,Bat,2,76,0,136,60,Kenneth Weaver,Jeff Dyer,Sean Garza,Rainy,Used,19387
472,2022,2022-04-28,5,9,5,9,Field,5,0,0,158,158,Andrew Sanchez,Cheyenne Zuniga,Holly Cohen,Humid,Used,14723
473,2019,2019-04-18,9,8,19,8,Field,8,0,2,194,170,Dr. Aaron Fleming,Brianna House,Christopher Cunningham,Clear,Fresh,16270
474,2009,2009-05-17,9,5,18,9,Field,9,0,8,266,186,Brandon Bennett,Mrs. Melissa Guzman,Natalie Crosby,Clear,Worn,23303
475,2018,2018-04-29,4,5,2,4,Field,4,0,9,239,158,Tyler Wiggins,Jordan Navarro,William Foster,Rainy,Fresh,41252
476,2010,2010-05-26,1,4,15,1,Field,1,0,8,216,168,Lydia Butler,David Moreno,Miss Denise Mckinney,Rainy,Worn,21947
477,2012,2012-05-30,5,8,7,8,Field,5,0,0,194,194,Anita Lawrence,Bianca Sullivan,Nicholas Greer,Cloudy,Fresh,15184
478,2010,2010-05-23,8,5,20,8,Bat,5,0,0,175,175,Robert Higgins,Michael Gaines,Sydney Duffy,Cloudy,Fresh,25437
479,2022,2022-05-11,8,6,16,8,Bat,8,80,0,159,79,Douglas Frazier,James Richardson,Stacey Williams,Humid,Dusty,19258
480,2010,2010-04-30,3,8,1,8,Bat,3,0,0,186,186,Amy Thompson,David Moore,Elizabeth Wilson,Rainy,Dusty,21771
481,2014,2014-05-19,10,4,14,10,Bat,10,88,0,170,82,Tiffany Farmer,Latoya Sanchez,Victoria Chang,Rainy,Fresh,28666
482,2011,2011-04-11,4,7,8,4,Bat,7,0,0,158,158,Tammy Joseph,Emma Peterson,Matthew Curry,Rainy,Used,38972
483,2015,2015-05-06,4,8,9,4,Bat,4,77,0,170,93,Jeffery Cross,William Carrillo,Lauren Deleon DVM,Humid,Used,34733
484,2013,2013-04-24,5,7,13,5,Bat,5,100,0,208,108,Dennis Huff,Alejandro Lopez,Steven Ramirez,Rainy,Dusty,60188
485,2018,2018-05-19,10,7,17,10,Field,7,0,0,152,152,Tammy Harper,Michael Shepherd,Cameron Poole,Rainy,Dusty,14502
486,2021,2021-04-29,6,2,13,2,Bat,2,79,0,155,76,Monique Hawkins,Derek Simon,William Navarro,Clear,Fresh,19821
487,2009,2009-04-29,2,1,12,2,Bat,2,2,0,169,167,Megan Perkins,Jonathan Fleming,Jon Hart,Clear,Used,25822
488,2014,2014-05-10,1,4,7,4,Field,4,0,5,191,136,Amy Nguyen,John Gaines,Victor Garcia,Cloudy,Fresh,12960
489,2015,2015-05-28,6,7,8,7,Field,6,0,0,125,125,Sabrina Martinez,David Green,Julie Garcia,Humid,Worn,47634
490,2008,2008-05-03,3,9,18,3,Bat,9,0,0,172,172,Abigail Myers,Sharon Nelson,Matthew James,Rainy,Dusty,16413
491,2021,2021-04-14,9,5,12,5,Field,9,0,0,125,125,Madison Johnson,Lauren Faulkner,Robert Mcgee,Rainy,Worn,27600
492,2018,2018-04-25,6,3,11,3,Field,3,0,3,152,125,Justin Allen,Benjamin Young,Kimberly Perez,Clear,Dusty,25528
493,2016,2016-05-06,6,2,9,6,Bat,6,26,0,192,166,Taylor Castro,Antonio Singh,David Soto,Rainy,Worn,15153
494,2021,2021-04-14,4,3,9,4,Bat,4,25,0,163,138,Sarah Weiss,Lindsey Mitchell,Katie Williams,Humid,Worn,35625
495,2019,2019-04-02,2,6,18,6,Bat,6,60,0,120,60,Catherine Cruz,Willie Marshall,Gloria Hernandez,Cloudy,Used,23476
496,2011,2011-04-11,3,5,16,5,Bat,3,0,0,155,155,Eric Everett,Bobby Parker,Amber Williams,Clear,Worn,20368
497,2008,2008-04-02,7,10,8,10,Bat,10,15,0,146,131,Mandy Prince,Jessica Brown,John Hamilton,Cloudy,Dusty,58826
498,2013,2013-04-18,3,2,13,3,Field,3,0,9,256,175,Erik Shea,Eric Davis,Jose Brown,Clear,Worn,67543
499,2014,2014-05-12,3,1,1,3,Bat,1,0,0,199,199,Hunter Gates,Jonathon Murphy,Amy Fields,Rainy,Dusty,53997
500,2014,2014-04-17,7,1,15,1,Field,7,0,0,217,217,Tonya Burch,Troy Dickerson,Candice Snyder,Clear,Dusty,35771
501,2020,2020-05-20,9,3,7,3,Field,3,0,7,238,175,Chris Marquez,Cody Yu,Jacqueline Hopkins,Humid,Fresh,19912
502,2010,2010-04-14,1,6,3,6,Field,1,0,0,205,205,Amber Mckay,Tiffany Oliver,Austin Thompson,Humid,Used,15730
503,2015,2015-04-02,6,3,15,3,Bat,6,0,0,200,200,Kristen Lopez,Catherine Wade,Danielle Martinez,Cloudy,Worn,33465
504,2017,2017-05-01,9,2,13,2,Field,2,0,6,241,181,Nancy Johnston,Regina Graham,Kathryn King,Rainy,Dusty,69049
505,2008,2008-05-31,10,2,12,10,Bat,10,1,0,145,144,Howard Cooper,Leslie Casey,Lindsey Hoffman,Rainy,Dusty,20849
506,2021,2021-04-30,6,1,6,1,Field,1,0,8,248,208,Thomas Gutierrez,Tracy Evans,Rachel Cruz,Humid,Worn,61692
507,2016,2016-04-24,4,8,8,4,Bat,8,0,0,123,123,Stephanie Brown,Wendy Hamilton,April Stephens,Clear,Worn,50062
508,2008,2008-05-01,1,6,11,6,Field,1,0,0,166,166,Sarah Lopez,Douglas Allen,Anthony Taylor PhD,Cloudy,Dusty,33139
509,2016,2016-05-16,1,6,17,1,Field,6,0,0,215,215,Joseph Hughes,Christopher Cervantes,Daniel Garza,Rainy,Worn,14426
510,2023,2023-04-14,4,3,18,3,Field,4,0,0,170,170,Mr. Gerald Boyd,Christine Carroll,James Brown,Rainy,Dusty,23267
511,2014,2014-04-04,5,8,11,5,Field,5,0,9,229,184,Suzanne Morris DDS,Eric Suarez,Joseph Jones,Humid,Used,44332
512,2015,2015-04-18,8,5,17,8,Bat,8,19,0,195,176,Charles Miller,Jessica Harper,Jenna Velez,Clear,Worn,34381
513,2009,2009-05-22,4,7,19,4,Bat,4,55,0,130,75,Jeremy Mason,Dale Phillips,Jacob Cruz,Humid,Dusty,21564
514,2018,2018-04-14,6,9,1,6,Bat,6,67,0,131,64,Kelly Parker,Cassidy Crawford,Brandy Richards,Clear,Worn,52783
515,2021,2021-04-27,10,5,15,10,Field,10,0,7,170,121,Debra Meyers,Betty Rios,Bradley Brown,Clear,Dusty,13691
516,2012,2012-04-13,2,9,16,9,Bat,9,63,0,213,150,Manuel Malone,Susan Marquez,Shannon Davis,Clear,Fresh,16280
517,2011,2011-05-01,8,6,7,8,Bat,6,0,0,142,142,Robert Johnson,Anthony Gomez,Richard Jones,Clear,Fresh,20211
518,2014,2014-04-25,3,10,3,10,Field,10,0,8,162,122,Ryan Nelson,Carol Schmidt,Danny Sweeney,Rainy,Dusty,34244
519,2019,2019-05-11,6,5,17,6,Bat,6,92,0,166,74,Peter Johnson,Colin Hoffman,Elizabeth Lopez,Cloudy,Worn,28651
520,2012,2012-04-30,5,2,1,2,Field,5,0,0,149,149,Nicole Cervantes,David Randall,Donald Caldwell,Rainy,Worn,45073
521,2012,2012-04-21,3,1,17,3,Bat,3,74,0,180,106,Christopher Mejia,Allison Odonnell,Diane Wilson,Humid,Dusty,46868
522,2021,2021-05-12,5,8,19,8,Field,5,0,0,165,165,Virginia Snyder,Michelle Mckee,Tina Clark,Cloudy,Worn,10541
523,2011,2011-05-04,1,9,8,9,Field,9,0,3,193,178,Kimberly Mullen,Theresa Bell,Virginia Clayton,Rainy,Used,72618
524,2021,2021-04-25,3,7,16,7,Field,3,0,0,199,199,Amber Vazquez,Amanda Hughes,Laura Elliott,Cloudy,Used,33742
525,2011,2011-04-17,5,1,4,1,Bat,5,0,0,172,172,Michael Tran,Wanda Williams,Michael Jacobs,Humid,Worn,56042
526,2012,2012-04-06,1,2,16,1,Bat,1,1,0,213,212,Jessica Benson,Shannon Wilson,Bernard Clark,Rainy,Used,11757
527,2016,2016-05-06,1,4,3,1,Field,4,0,0,166,166,Nancy Montoya,Morgan Davis,Victoria Young,Humid,Worn,21356
528,2013,2013-04-04,2,8,12,2,Field,2,0,9,201,129,James Mccarthy,Jessica Joseph,Angela Blevins,Rainy,Dusty,16057
529,2019,2019-05-13,1,4,15,1,Bat,4,0,0,123,123,Valerie Jackson,Rebecca Gutierrez,Alexander Ortega,Cloudy,Used,15131
530,2020,2020-04-22,2,9,5,2,Bat,9,0,0,182,182,Nicole Giles,Jonathan Cooper,Elijah Smith,Cloudy,Dusty,20479
531,2008,2008-04-01,9,6,15,6,Field,6,0,8,232,168,Randy Montgomery,Timothy Mccall,James Reynolds,Cloudy,Dusty,32744
532,2009,2009-05-01,1,2,20,1,Field,2,0,0,140,140,Mrs. Jennifer Williams,Linda Glover,Aaron Fuller,Rainy,Worn,23744
533,2019,2019-04-08,2,9,8,9,Field,2,0,0,132,132,Donna Price,Steven Clark,Margaret Kim,Rainy,Worn,64481
534,2022,2022-04-13,7,1,5,7,Bat,1,0,0,169,169,Shawna Williamson,Keith Peters,Susan Harper,Rainy,Worn,19794
535,2008,2008-05-31,3,1,2,3,Bat,3,1,0,192,191,Madeline Curtis,Samantha Alexander,Tina Wilson,Clear,Dusty,42315
536,2013,2013-05-30,5,1,2,5,Bat,5,81,0,130,49,Brandon Johnson,Shaun Harris,Misty Potts,Cloudy,Fresh,39068
537,2008,2008-04-25,3,6,14,6,Bat,3,0,0,176,176,Shelly Hodge,Jessica Mitchell,Rick Craig,Rainy,Fresh,21731
538,2017,2017-05-14,10,3,3,3,Field,10,0,0,161,161,Tiffany Oconnor,Richard Patrick,Sara Hansen,Clear,Used,25655
539,2012,2012-05-19,3,7,5,7,Bat,3,0,0,170,170,Carla Ward,Todd Werner,Jessica Hammond,Rainy,Dusty,11644
540,2020,2020-04-11,8,2,16,2,Field,8,0,0,199,199,Kimberly Ho,Kevin Cline,Stephen Williams,Rainy,Used,31686
541,2021,2021-04-15,7,4,13,7,Bat,4,0,0,175,175,Daniel Hodges,Dominique Small,James Fields,Cloudy,Fresh,39741
542,2021,2021-04-23,9,5,6,9,Field,5,0,0,136,136,Daniel Wagner,John Johnson,Amy Hill,Rainy,Fresh,51590
543,2016,2016-04-28,4,2,17,2,Bat,2,30,0,148,118,Nicholas Bennett,Joan Smith,Matthew Johnston,Humid,Worn,20010
544,2008,2008-05-12,3,8,19,3,Bat,3,37,0,122,85,Brandy Hawkins,Jonathan Hill,Katrina Pope,Humid,Fresh,18885
545,2010,2010-04-28,8,6,7,6,Field,6,0,9,203,140,Heather Lozano,Caroline Poole,Patrick Clark,Rainy,Used,23513
546,2011,2011-04-06,5,1,14,5,Field,1,0,0,133,133,Ann Martinez,Monica Stewart,Dalton Williams,Rainy,Dusty,17892
547,2018,2018-05-20,6,4,6,6,Bat,4,0,0,219,219,Christine Harrison,Frank Wilson,Brandon Reilly,Humid,Worn,26976
548,2009,2009-04-05,9,5,15,9,Bat,5,0,0,129,129,John Salazar,Bryan Young,Samantha Fisher,Rainy,Fresh,19137
549,2023,2023-05-27,3,9,16,9,Field,9,0,3,175,157,Veronica Obrien,Melissa Gonzalez,Cynthia Ortega,Cloudy,Fresh,25110
550,2022,2022-05-01,2,1,16,2,Field,1,0,0,168,168,Judy Williams,Daniel Gonzalez,Tammy Evans,Humid,Used,41973
551,2008,2008-04-24,6,10,18,6,Bat,6,35,0,176,141,Brittany Weaver,Susan Palmer,Amanda Miranda MD,Humid,Used,16321
552,2014,2014-04-09,7,3,13,7,Bat,7,50,0,175,125,Vanessa Everett,Sheila Petersen,Victoria Barnett,Clear,Fresh,60908
553,2019,2019-04-19,10,5,6,5,Field,10,0,0,204,204,Daniel Myers,Kelly Morales MD,John Bates,Clear,Fresh,27387
554,2015,2015-05-08,10,3,7,3,Field,10,0,0,136,136,James Odom,Brett Patton,Anna Ruiz,Humid,Worn,14667
555,2019,2019-04-17,1,6,2,1,Field,1,0,4,164,144,Rachel Meyer,Steven Holland,Darren Mann,Rainy,Used,43223
556,2016,2016-04-10,10,7,9,10,Field,10,0,8,194,130,Daniel Lopez,Kenneth Reed,Alexis Dennis,Clear,Fresh,16357
557,2021,2021-04-10,4,2,16,2,Field,4,0,0,140,140,Kari Alvarado,Lisa Mccall,Krista Cortez,Rainy,Dusty,11517
558,2019,2019-04-28,7,3,9,7,Bat,3,0,0,200,200,Jesse Houston,Danielle Roman,Katherine Mejia,Clear,Worn,18222
559,2019,2019-05-10,7,8,20,8,Bat,8,71,0,184,113,Kimberly Anderson,Katherine Green,Dr. Charles Long,Humid,Used,25760
560,2008,2008-05-15,10,7,14,7,Field,7,0,3,199,169,Eric Williamson,Erica Nash,Samuel Cole,Clear,Dusty,29637
561,2014,2014-05-05,1,5,19,5,Bat,1,0,0,142,142,Stephanie Bennett,Kevin Hodges,Debra Weber,Cloudy,Worn,14541
562,2011,2011-05-19,2,8,16,8,Bat,8,11,0,195,184,Sharon Graham,Jackie Davis,Robert Jenkins,Rainy,Fresh,24109
563,2020,2020-04-03,5,8,5,8,Bat,5,0,0,140,140,Cody Williams,Tyler Hoffman,Thomas Mckinney,Clear,Used,10606
564,2019,2019-05-12,3,2,17,2,Bat,3,0,0,137,137,Morgan Ward,Desiree Evans,Ms. Elizabeth Santiago,Cloudy,Used,32333
565,2014,2014-04-24,6,2,1,2,Field,2,0,3,198,162,Kyle Rowe,Catherine Preston,Stephen Larson,Cloudy,Used,43050
566,2011,2011-04-28,5,2,10,2,Bat,5,0,0,138,138,Christopher Allen,Jessica Duffy,Michael Wilkins,Cloudy,Fresh,50561
567,2013,2013-04-09,1,2,19,2,Bat,1,0,0,133,133,Brian Morris,Matthew Good,Austin Lucero,Humid,Dusty,19158
568,2016,2016-05-17,3,4,8,4,Field,3,0,0,211,211,Shawn Cox,Eddie Frazier,Susan Adkins,Rainy,Dusty,35969
569,2023,2023-05-08,9,6,15,6,Bat,9,0,0,145,145,Patrick Johnson,Kaitlyn Pierce,Sylvia Miller,Clear,Dusty,31288
570,2023,2023-05-25,5,8,13,5,Field,5,0,1,147,136,Paul Jimenez,Michael Singh,Gabriella Thomas DDS,Clear,Worn,39743
571,2021,2021-04-11,1,7,15,1,Field,1,0,9,247,148,Andrew Lewis,Jason Matthews,Michael Brooks,Clear,Used,27323
572,2009,2009-04-26,1,9,2,9,Field,9,0,3,187,157,Kenneth Vazquez,Sherry Smith,Shannon Rose,Clear,Fresh,43129
573,2014,2014-05-14,5,9,19,9,Bat,5,0,0,123,123,Valerie Kim,David Vincent,Martha Simpson,Clear,Used,18362
574,2010,2010-05-07,8,3,6,3,Bat,3,31,0,132,101,Lisa Cruz,Larry Young,Gabriel Coleman,Rainy,Dusty,38047
575,2017,2017-04-02,8,1,2,8,Bat,8,64,0,175,111,Monique Brown,David Bishop,Melissa Howard,Cloudy,Fresh,22799
576,2011,2011-04-07,8,5,11,8,Field,8,0,6,189,153,Felicia Wright,Joshua Barrett MD,Anthony Harrison,Clear,Dusty,43347
577,2021,2021-04-09,4,1,10,1,Field,4,0,0,173,173,Brent Johnson,Phillip Gibbs,William Huff,Clear,Fresh,69179
578,2016,2016-04-24,1,3,10,1,Field,1,0,3,192,162,Adam Mueller,Peggy Bullock,Stephanie Rhodes,Rainy,Worn,54814
579,2013,2013-05-15,1,4,6,4,Field,1,0,0,195,195,Donna Smith,Tammy Meyer DVM,Michael Jones,Humid,Worn,47104
580,2023,2023-05-10,9,2,1,9,Bat,9,57,0,150,93,Angela Hernandez,Donald Hogan,Troy Rosales DDS,Humid,Dusty,35494
581,2021,2021-05-05,10,9,14,9,Bat,9,46,0,188,142,Melissa Taylor,Destiny Ashley,Pamela Gregory,Rainy,Worn,12618
582,2013,2013-05-23,1,3,6,3,Bat,3,9,0,165,156,Corey Lewis,Ryan Daniels,Rodney Rose,Clear,Worn,45551
583,2011,2011-05-15,7,6,5,7,Bat,6,0,0,191,191,Kimberly Johnson,Eric Gaines,Joshua Erickson,Cloudy,Dusty,20020
584,2019,2019-04-15,4,7,1,7,Field,4,0,0,190,190,Sylvia Hoffman,Zachary Reed,Shannon Hammond DVM,Clear,Fresh,18174
585,2014,2014-04-16,9,5,5,5,Bat,9,0,0,169,169,Hannah Phelps,Grant Harris,Calvin Rosales,Cloudy,Fresh,18547
586,2016,2016-05-16,7,1,7,7,Bat,7,87,0,197,110,Michael Kelley,Jason Reyes,Haley Hernandez,Cloudy,Worn,12414
587,2015,2015-05-13,4,2,8,2,Field,2,0,8,219,171,Stephen Jordan,Roy Butler,Andrew Ward,Rainy,Worn,40062
588,2009,2009-05-25,2,1,16,1,Bat,1,21,0,124,103,Kevin Atkinson,Ryan Smith,Shawn Parker MD,Clear,Fresh,28324
589,2009,2009-04-07,3,7,16,7,Field,7,0,7,261,184,Frank Ward,Shawn Mcdaniel,Tina Evans,Rainy,Dusty,13489
590,2010,2010-05-23,5,1,17,5,Bat,5,70,0,212,142,Jennifer Calderon,Elizabeth Reyes,Casey Hernandez,Humid,Worn,25050
591,2015,2015-04-28,1,5,3,5,Bat,1,0,0,164,164,Holly Haley,Brendan Hall,Lori Wilson DDS,Rainy,Worn,11114
592,2015,2015-05-19,7,6,20,6,Field,6,0,5,174,124,Jason Silva,Andrew Washington,Paige Ramos,Cloudy,Fresh,18148
593,2010,2010-04-13,8,10,6,8,Bat,10,0,0,190,190,Ms. Joanne Miller,Kathryn Rogers,Mallory Thompson,Clear,Fresh,66601
594,2022,2022-04-14,6,1,2,6,Field,1,0,0,153,153,John Jackson,Cynthia Roberts,Dalton Yoder,Humid,Used,37430
595,2008,2008-04-04,6,4,18,6,Field,4,0,0,190,190,Matthew Evans,Amy Clark,Dr. Edward Schultz,Clear,Dusty,19584
596,2012,2012-05-06,9,10,20,9,Bat,10,0,0,182,182,Justin Herring,Ryan Key,Erin Carroll,Clear,Fresh,22977
597,2023,2023-04-18,8,10,4,10,Field,8,0,0,179,179,Joe Kelley,Angel Lopez,Laurie Davis,Humid,Dusty,63470
598,2014,2014-04-12,5,7,5,5,Bat,5,94,0,173,79,Mary Holmes,Vernon Castro,Maria Logan,Humid,Worn,12642
599,2012,2012-04-10,7,9,10,9,Bat,9,54,0,121,67,Nicholas Medina,Aaron Sutton,Thomas Ellis,Humid,Worn,33402
600,2021,2021-04-18,7,2,16,2,Bat,2,41,0,160,119,James Bowman,Andrea Erickson,Willie Miller,Humid,Dusty,32255
601,2013,2013-04-03,10,9,10,9,Bat,9,51,0,150,99,Kevin Jordan,Amy Mueller,Aaron King,Clear,Used,36932
602,2022,2022-05-02,4,3,14,3,Bat,3,68,0,151,83,Vicki Higgins,Tammy Mann,Monique Stephens,Rainy,Dusty,31139
603,2013,2013-05-13,7,4,14,4,Field,7,0,0,183,183,Michael Small,Elizabeth Campbell,Jennifer Francis,Rainy,Used,14334
604,2009,2009-05-22,2,6,6,6,Bat,2,0,0,162,162,Susan Burns,Becky Stewart,Rhonda Thomas,Rainy,Fresh,59235
605,2019,2019-04-09,9,1,1,1,Field,1,0,8,249,185,Roger Diaz,Thomas Gibson,Alexis Sawyer,Cloudy,Fresh,41185
606,2010,2010-04-11,1,6,20,1,Field,6,0,0,147,147,Shannon Ramirez,Wendy Diaz,Natasha Craig,Cloudy,Worn,25590
607,2015,2015-04-27,6,2,7,2,Field,2,0,8,229,181,Logan Rogers,Stephanie Fowler,David Velez,Cloudy,Fresh,15951
608,2015,2015-05-02,4,10,17,10,Bat,10,56,0,151,95,Kenneth Duncan,James George,Shelia Harrell,Clear,Used,20897
609,2021,2021-04-04,2,7,12,7,Bat,2,0,0,134,134,Misty Howard,Dr. Daniel Huff,Heather Patel,Rainy,Used,38003
610,2013,2013-05-27,8,10,7,10,Bat,8,0,0,125,125,Kayla Brown DDS,Pamela Smith PhD,Teresa Robinson,Rainy,Fresh,18809
611,2009,2009-05-23,9,5,10,5,Bat,5,85,0,121,36,Larry Gonzalez,Jacob Hughes,William Smith,Clear,Dusty,25981
612,2012,2012-05-16,10,9,9,10,Bat,9,0,0,196,196,Terrence Benson,Olivia Ayers,Samuel Ward,Cloudy,Worn,17036
613,2008,2008-05-26,2,6,8,6,Field,6,0,8,210,146,Ms. Sarah Hunt,Timothy Day,Stephanie Garcia,Cloudy,Used,69951
614,2009,2009-04-10,7,10,6,10,Bat,7,0,0,139,139,Diana Crawford,Brandon Wilkins,Jennifer Jenkins,Rainy,Fresh,67560
615,2009,2009-05-25,2,4,16,2,Field,2,0,1,215,210,Wayne Hubbard,Michele Hanson,Derek Harper,Rainy,Worn,39021
616,2019,2019-05-22,6,10,10,10,Field,10,0,2,165,145,Matthew Warren,Michele Morris,Lee Thomas,Cloudy,Worn,30928
617,2021,2021-05-16,2,3,12,2,Field,3,0,0,200,200,Shannon Rich,Crystal Warner,Michael Williams,Rainy,Worn,34618
618,2016,2016-05-21,10,9,3,9,Bat,9,38,0,186,148,Susan Wise,Robert Jackson,Stacey Ruiz,Rainy,Worn,22937
619,2009,2009-04-01,10,4,5,4,Bat,4,58,0,192,134,Laura Freeman,Billy Gray,Mary Atkins,Cloudy,Worn,10681
620,2017,2017-04-21,8,4,15,8,Bat,8,74,0,167,93,Damon Adkins,Steven Morrison,Kathleen Martinez,Rainy,Worn,19335
621,2010,2010-04-24,5,6,5,6,Bat,6,35,0,148,113,Lori Moore,Alejandro Henderson,Leah Moore,Cloudy,Worn,26185
622,2018,2018-04-19,3,2,10,3,Bat,2,0,0,143,143,Luke Jones,Jerome Hopkins,Crystal Kelly,Cloudy,Fresh,25852
623,2009,2009-04-17,9,5,8,5,Bat,9,0,0,141,141,Raymond Coleman,Gary Rodgers,Jeremy Smith,Clear,Used,26243
624,2015,2015-05-15,3,8,14,8,Bat,8,93,0,167,74,Ashley Boyle,Ashley Patterson,Jillian Arnold,Clear,Worn,38965
625,2016,2016-05-26,7,6,15,6,Bat,7,0,0,138,138,Michael Davis,Brenda Bailey,Brad Burns II,Clear,Used,27890
626,2020,2020-05-30,10,2,7,2,Bat,10,0,0,171,171,Jason Guzman,Micheal Acevedo,Carol Alvarez,Humid,Dusty,17491
627,2012,2012-04-07,1,6,20,1,Field,1,0,3,211,187,Krista Hardin,Jamie Hurley,Janice Wang,Humid,Used,10000
628,2009,2009-05-15,9,10,6,9,Bat,10,0,0,185,185,Dakota Massey,Lynn Long,Joseph Olson,Humid,Fresh,37230
629,2022,2022-04-24,9,4,3,4,Field,4,0,7,176,127,Craig Gardner,Justin Fisher,Rebecca Cox,Clear,Dusty,19146
630,2018,2018-05-14,9,4,10,4,Field,9,0,0,214,214,Sarah Mendez,Bryan Adams,Nathan Winters,Cloudy,Used,11476
631,2010,2010-05-15,5,4,16,5,Field,4,0,0,164,164,Tyler Ingram,Chelsea Castillo,Tracey Bowman,Rainy,Used,28476
632,2011,2011-04-09,6,5,11,5,Field,5,0,8,264,176,Christopher Alexander,Vanessa Anderson,Aaron Walker,Clear,Used,44251
633,2009,2009-05-18,2,3,10,2,Bat,2,38,0,145,107,Shari Smith,Kristina Crawford,Michael Gray,Clear,Worn,47269
634,2010,2010-04-11,10,8,11,10,Bat,8,0,0,198,198,Christina Burke,Jeremy Young,Travis Valencia,Rainy,Dusty,27261
635,2014,2014-04-07,7,6,12,7,Bat,7,27,0,146,119,Amber Saunders,Carol Hayes PhD,Cynthia Gay,Rainy,Worn,20424
636,2012,2012-05-08,5,10,15,10,Bat,5,0,0,161,161,Jeff Anderson,Dr. Benjamin Smith MD,Jessica Duffy,Humid,Fresh,14845
637,2023,2023-04-16,9,1,7,9,Bat,9,63,0,136,73,Elizabeth Shelton,Joanna Ochoa,Lance Kelly,Cloudy,Used,17453
638,2013,2013-04-26,1,4,17,4,Field,4,0,4,232,200,Katie Armstrong,Misty Beltran,Alisha Richardson,Cloudy,Dusty,43892
639,2009,2009-04-05,3,10,15,3,Bat,10,0,0,161,161,Scott Martinez,Joshua Kelley,Mr. Christopher Patrick,Humid,Dusty,31715
640,2008,2008-05-07,2,1,16,1,Bat,2,0,0,204,204,Robert Padilla,Russell Howard,Laurie Perkins MD,Rainy,Used,30019
641,2021,2021-04-21,7,9,18,9,Bat,7,0,0,169,169,Morgan Pearson,Judy Lin,Cameron Roth,Clear,Dusty,18625
642,2010,2010-05-19,10,1,3,1,Field,10,0,0,138,138,John Campbell,Alejandra Brown,John Lowe,Humid,Fresh,29890
643,2020,2020-05-25,3,7,11,3,Field,7,0,0,138,138,Charles Knapp,Christine Brown,Tina Walker,Cloudy,Fresh,27259
644,2010,2010-04-08,10,3,4,10,Field,3,0,0,128,128,Theresa Hayes,Matthew Guzman,Danielle Villanueva,Humid,Dusty,15973
645,2013,2013-05-27,7,10,1,10,Field,7,0,0,142,142,Andrew Sutton,Derek Jackson,Matthew Dillon,Humid,Used,51984
646,2016,2016-04-02,2,10,15,2,Bat,10,0,0,146,146,Amy Tanner,Peter Crosby,Christine Gordon,Clear,Dusty,25821
647,2012,2012-05-06,4,8,8,8,Field,4,0,0,160,160,Patricia Castaneda,John Thomas,Carol Garcia,Humid,Used,44885
648,2020,2020-04-29,9,2,15,9,Bat,9,64,0,194,130,Theresa Kent,Devin Murray,Tina Montoya,Rainy,Used,36203
649,2008,2008-05-25,2,3,18,2,Bat,2,44,0,135,91,Elizabeth Marsh,Allison Gordon,Justin Reynolds,Rainy,Worn,19672
650,2016,2016-04-14,3,7,20,7,Bat,3,0,0,210,210,Jenna Reyes,Jillian Hughes,Carolyn Daniels,Cloudy,Dusty,20593
651,2010,2010-04-15,5,8,8,8,Field,5,0,0,133,133,Kaitlin Watson,Michelle Mckinney,Jesse Williams,Cloudy,Worn,75994
652,2013,2013-04-30,2,5,5,2,Bat,2,51,0,179,128,Dennis Scott,Adam Macias,Casey Gardner,Cloudy,Dusty,27050
653,2013,2013-04-14,9,10,6,9,Field,9,0,9,213,150,Brett Dunn,Elizabeth Meyers,Kimberly Roberts,Cloudy,Worn,59531
654,2017,2017-04-26,8,7,12,7,Field,8,0,0,174,174,Jennifer Cox,Ms. Patricia Williams MD,Frank Morrison,Clear,Dusty,25322
655,2020,2020-05-08,7,9,8,7,Bat,9,0,0,138,138,Cynthia Ward,Amy Liu,Shannon Thompson,Clear,Used,56860
656,2009,2009-04-05,6,10,8,10,Bat,10,31,0,170,139,Andrea Jones,Scott Peters,Stephen Phelps,Cloudy,Used,37547
657,2018,2018-04-17,10,5,3,10,Bat,10,62,0,159,97,Tiffany Hall MD,Jennifer Houston,Marissa Wall MD,Clear,Fresh,12093
658,2012,2012-04-15,2,5,17,5,Bat,2,0,0,163,163,Sara Rodgers,Edward Watkins,Susan Roman,Clear,Dusty,54686
659,2019,2019-05-20,6,4,6,4,Field,6,0,0,178,178,Rachel Gonzalez,Cameron Moon,Jose Wright,Cloudy,Dusty,15473
660,2013,2013-05-27,3,8,6,8,Bat,8,64,0,128,64,Robert Hughes,Marie Davis,Joshua Willis,Humid,Worn,20138
661,2015,2015-05-02,5,8,6,8,Field,5,0,0,122,122,Gregory Mata,Maria Henderson,Nancy Leblanc,Clear,Fresh,25673
662,2008,2008-05-18,6,9,9,6,Bat,9,0,0,156,156,Aaron Kaiser,Patrick Banks,Jason Anderson,Clear,Dusty,36045
663,2016,2016-04-19,6,7,13,7,Bat,6,0,0,184,184,Kevin Burnett,Lori Nichols,Johnny Allen,Humid,Fresh,63058
664,2021,2021-04-21,1,2,1,2,Field,2,0,8,238,182,Ronald Day,Susan James MD,Jason Chandler,Humid,Used,12045
665,2017,2017-05-02,10,5,17,10,Bat,10,53,0,156,103,William Haynes,Stephen Hill,Sonya Potter,Cloudy,Fresh,35227
666,2017,2017-05-19,10,6,4,10,Field,10,0,6,213,165,Jasmine Jenkins,Kristin Peterson,Daniel Simmons,Humid,Dusty,31085
667,2013,2013-04-04,2,4,4,2,Bat,4,0,0,139,139,Jessica Shaw,Jared Leblanc,Nicholas Mccarthy,Cloudy,Used,56402
668,2012,2012-05-10,10,9,4,9,Bat,10,0,0,149,149,Lori Davila,Thomas Ritter,James Cook,Cloudy,Worn,33612
669,2017,2017-05-03,4,1,18,1,Field,4,0,0,173,173,Jessica Perez,Russell Gibson,Brandi Mason,Clear,Dusty,20401
670,2010,2010-05-29,5,6,15,5,Field,6,0,0,186,186,Philip Green,Mark Mendez,David Serrano,Clear,Fresh,37149
671,2010,2010-04-08,9,5,8,5,Bat,5,20,0,147,127,Kimberly Ward,Karen Pennington,David Beck,Cloudy,Worn,36998
672,2009,2009-05-15,7,8,5,7,Field,7,0,3,220,205,Chelsea Jackson,Amanda Diaz,Kristin Clark,Cloudy,Worn,25274
673,2014,2014-05-11,10,2,11,2,Bat,10,0,0,172,172,Michelle Lyons,Debra Smith,James Merritt,Humid,Worn,39893
674,2014,2014-05-04,5,1,12,1,Bat,1,50,0,123,73,Michelle Williams,Amy Parker,Daniel Perez,Cloudy,Used,33462
675,2014,2014-04-03,5,2,11,5,Bat,5,82,0,200,118,Ryan Wu,Jacob Smith,Bradley Robinson,Cloudy,Dusty,39270
676,2009,2009-05-17,6,9,18,9,Field,6,0,0,134,134,Sandra Jordan,Mitchell Perez,Daniel Franklin,Cloudy,Dusty,21969
677,2023,2023-04-25,1,7,9,7,Field,1,0,0,138,138,Kendra Adams,Nicholas Holmes,Shane Shaw,Humid,Fresh,28836
678,2009,2009-04-16,8,5,11,5,Bat,5,94,0,139,45,Christopher Rios,Ashley Fisher,Jennifer Norton,Rainy,Fresh,32315
679,2020,2020-05-15,6,1,11,1,Bat,1,9,0,211,202,Daniel Wagner,Melissa Miller,Jasmine Ferguson DDS,Clear,Fresh,13011
680,2023,2023-04-24,6,2,20,2,Field,2,0,8,233,185,Renee Powers,Valerie Garcia MD,Jasmin Jordan,Cloudy,Dusty,20165
681,2020,2020-05-06,10,4,17,4,Field,10,0,0,178,178,Stacey Allen,Donald Watson,Jessica White,Humid,Worn,24453
682,2011,2011-04-25,2,7,20,7,Field,2,0,0,205,205,Pamela Mcneil,William Mullins,Paula Brown,Rainy,Used,26708
683,2022,2022-05-13,10,3,20,10,Bat,3,0,0,134,134,Natalie Cox,Katherine Gonzales,Mrs. Savannah Bright,Rainy,Fresh,19884
684,2018,2018-05-21,7,1,16,7,Bat,1,0,0,138,138,Donald Chang,Harold Bowers,Charles Jordan,Humid,Dusty,36840
685,2017,2017-05-22,8,10,13,10,Field,8,0,0,186,186,Richard King,Brittney Austin,Victoria White,Humid,Worn,16307
686,2022,2022-05-20,6,1,11,6,Field,6,0,4,185,165,Lucas Lane,Katelyn Weaver,David Wong,Humid,Fresh,31671
687,2010,2010-05-13,10,4,11,4,Field,10,0,0,130,130,Amanda Benson,Katherine Hughes,Jeffrey Molina,Rainy,Used,31798
688,2014,2014-04-18,9,3,2,9,Bat,9,39,0,123,84,Bethany Mercado,Ebony Brown,Sandra Ortega,Clear,Dusty,35328
689,2019,2019-05-13,9,4,10,9,Field,9,0,9,179,134,Betty Oliver,Mrs. Deanna Scott,Bobby Kennedy,Humid,Fresh,16336
690,2021,2021-05-26,5,7,18,5,Bat,5,95,0,144,49,Kristina Ellis,Michelle Powell,Samuel Estrada,Clear,Dusty,17461
691,2020,2020-05-13,9,5,18,9,Field,5,0,0,149,149,Michael Reid,Cameron White,Richard Ibarra,Humid,Used,10425
692,2013,2013-05-20,9,6,3,9,Field,6,0,0,195,195,Karen Thompson,Marie Campbell,Janet Terry,Clear,Worn,14370
693,2009,2009-05-21,1,5,5,1,Bat,1,12,0,152,140,James Evans,Colin Moore,Jacob Ortiz,Cloudy,Fresh,16230
694,2011,2011-05-24,8,2,13,2,Bat,2,25,0,144,119,Yvonne Barker,Charles Davis,Kathleen Hubbard,Humid,Dusty,39636
695,2023,2023-05-28,9,1,2,1,Field,9,0,0,190,190,Matthew Lutz,Stephanie Herrera,Lisa Brown,Rainy,Dusty,40873
696,2017,2017-04-05,8,4,5,8,Field,8,0,6,252,180,David Orr,Jennifer Odonnell,Jamie Peterson,Clear,Worn,27639
697,2018,2018-04-09,7,4,8,4,Field,7,0,0,150,150,Jessica Cobb,Elijah Cooper,Mark Edwards,Cloudy,Worn,58734
698,2017,2017-05-03,4,10,7,10,Field,10,0,9,227,137,Michelle Perry,Amanda Reid,Katherine Krause,Cloudy,Used,23104
699,2012,2012-05-15,5,10,6,10,Field,5,0,0,132,132,Wesley Frank,Steven Peterson Jr.,Judith Martin,Humid,Worn,19333
700,2016,2016-05-18,9,3,8,9,Bat,9,65,0,210,145,Patricia Burton,Jennifer Kelley,Mary Watkins,Humid,Fresh,24237
701,2016,2016-05-18,9,6,9,9,Bat,9,91,0,212,121,William Giles,Mariah Richardson,Amy Henry,Humid,Used,19079
702,2011,2011-05-03,5,1,14,1,Bat,5,0,0,183,183,Rebecca Chapman,Cynthia Rodriguez,William Perez,Clear,Worn,48144
703,2015,2015-05-31,3,5,7,5,Field,3,0,0,189,189,Mrs. Mary Alexander,Cassidy Durham,Colin Williams,Rainy,Used,10555
704,2010,2010-04-11,6,1,20,1,Field,6,0,0,179,179,Peggy Powers,Benjamin Griffin,Jason Lewis,Rainy,Used,13578
705,2022,2022-05-26,3,7,17,7,Field,7,0,5,225,165,Deanna Briggs,Nicole Green,Joseph Flores,Cloudy,Used,39311
706,2010,2010-05-27,3,4,9,4,Field,3,0,0,134,134,Kimberly Lee,Bianca Allen,Savannah Wright,Rainy,Fresh,23137
707,2016,2016-05-04,7,8,4,8,Bat,7,0,0,156,156,Angel Smith,Michael Lawrence,Christopher Campos,Humid,Used,35735
708,2018,2018-05-12,4,2,14,4,Bat,2,0,0,188,188,Kristina Mendoza,Deborah Rogers,Cindy Pitts,Rainy,Dusty,26568
709,2017,2017-04-11,5,6,9,5,Bat,6,0,0,205,205,Jesse Anderson,Belinda Lopez,Michael Adams,Humid,Dusty,20547
710,2015,2015-05-29,8,6,8,6,Bat,6,75,0,217,142,Christopher Snyder,Rebecca Carter,James Willis,Humid,Fresh,52430
711,2008,2008-05-14,5,8,16,8,Field,8,0,7,220,157,Jeffrey Small,Mary Adams,Nicole Smith,Clear,Dusty,38014
712,2009,2009-04-01,2,9,1,9,Bat,9,66,0,130,64,Judith Harrell,Thomas Lee,Sandra Kaiser,Humid,Worn,36895
713,2019,2019-05-28,7,10,11,10,Bat,10,79,0,167,88,Preston Hoffman,Sarah Anderson,Connor Wolfe,Cloudy,Worn,13431
714,2011,2011-04-02,8,2,19,8,Bat,2,0,0,192,192,Dean White,Nicole Vasquez,Marcus Morales,Rainy,Used,10179
715,2009,2009-05-23,4,8,16,8,Field,4,0,0,147,147,Jacob Delacruz,Evelyn Dean,Rose Roberts,Clear,Fresh,26581
716,2022,2022-04-23,3,1,19,3,Bat,3,29,0,156,127,Susan Marks MD,Amy Davis,Andrew Hammond,Clear,Fresh,12221
717,2015,2015-04-20,4,10,6,4,Field,4,0,7,164,129,John Rojas,Daniel Lee,Lisa Davidson,Rainy,Worn,22157
718,2013,2013-05-13,1,4,2,1,Bat,4,0,0,188,188,Courtney Washington,Kathleen Edwards,Stephen Haynes,Rainy,Fresh,23236
719,2011,2011-04-01,2,7,11,7,Field,7,0,5,214,179,Kenneth Jones,Justin Mccoy,Hannah Griffin,Humid,Dusty,28915
720,2013,2013-05-21,10,6,16,6,Bat,6,49,0,153,104,Emma Rogers,Rachel Watson,Paul Thomas,Humid,Fresh,11941
721,2014,2014-04-09,3,10,1,10,Bat,10,47,0,130,83,Cindy Barr,Sara Powers,Keith Moore,Cloudy,Used,26887
722,2012,2012-05-10,5,7,14,5,Field,5,0,5,196,141,Rickey Shepard MD,Virginia Peters,Tammy Santiago,Clear,Fresh,26987
723,2014,2014-05-24,8,6,4,8,Bat,8,59,0,129,70,Sean Lee,Nicholas Decker,Benjamin Diaz,Rainy,Worn,60538
724,2008,2008-05-02,5,3,16,5,Field,5,0,6,178,142,Cynthia Roman,Alexandra Thomas,Jessica Rodriguez,Humid,Fresh,16153
725,2012,2012-05-14,2,10,12,2,Bat,10,0,0,131,131,Jennifer Mays,Jeffrey Horn,Jesus Snyder,Humid,Worn,31942
726,2008,2008-05-31,4,2,14,2,Field,4,0,0,168,168,Alexander Rhodes,David Williams,Jason Daniels,Cloudy,Worn,19688
727,2021,2021-04-27,8,10,15,8,Field,8,0,4,180,144,Zachary Oliver,Samantha Allen,Ashley Fisher,Clear,Dusty,29242
728,2010,2010-05-25,8,3,2,3,Field,3,0,9,238,184,Amanda Cooper,Mark Sutton,Paul Guerra,Rainy,Used,32511
729,2012,2012-05-17,1,5,4,1,Bat,1,46,0,219,173,Jennifer Chavez,Chad Kim,Walter Black,Humid,Fresh,25124
730,2009,2009-05-10,7,8,7,8,Bat,8,77,0,155,78,Ariel Ross,Samantha Parrish,Steven Dean,Humid,Used,13426
731,2011,2011-04-22,10,1,8,1,Field,1,0,7,222,152,Adrian Baker,Cindy Carlson,Robert Dyer,Humid,Dusty,11263
732,2010,2010-04-22,4,5,12,4,Bat,4,74,0,202,128,Rachel Sparks,Benjamin Morris,Elizabeth Mullen,Humid,Worn,10362
733,2019,2019-04-05,9,7,11,7,Bat,9,0,0,157,157,Kevin Underwood,Michael Williams,Kelly Henry,Humid,Used,32982
734,2009,2009-04-18,1,10,4,1,Bat,1,2,0,168,166,Brett Anderson,David Bryan,Christie Lopez,Clear,Worn,59861
735,2013,2013-05-07,2,7,19,7,Field,2,0,0,182,182,William Carter,Michael Parsons,Shirley Smith,Humid,Worn,17212
736,2023,2023-04-06,1,7,6,1,Field,1,0,6,194,146,Cameron Patton,Tony Lamb,Allison Joyce,Humid,Fresh,43886
737,2016,2016-05-18,7,1,9,7,Bat,1,0,0,120,120,Anna Robinson,Christopher Wilson,Jennifer Sanchez,Rainy,Used,26704
738,2021,2021-04-09,6,9,19,9,Bat,9,55,0,128,73,Nathaniel Wu,Douglas Castillo,Daniel Acevedo,Clear,Fresh,14586
739,2014,2014-04-01,8,3,1,8,Bat,3,0,0,189,189,Nathaniel Massey,Elizabeth Coleman,Christopher Hunt,Cloudy,Dusty,52744
740,2019,2019-04-19,9,4,15,9,Bat,4,0,0,214,214,Aaron Price,Amy Doyle,William Johnson,Humid,Dusty,16704
741,2023,2023-04-03,1,5,18,1,Bat,1,30,0,156,126,Rebecca Smith,Kimberly Salinas,Elizabeth Hernandez,Clear,Dusty,24127
742,2016,2016-04-28,7,3,19,7,Field,3,0,0,144,144,Lindsey Smith,Candice Howard,Richard Edwards,Cloudy,Fresh,14877
743,2009,2009-04-28,4,2,15,2,Bat,4,0,0,142,142,Karen Garcia,Karen Henderson,Jessica Turner,Humid,Fresh,19441
744,2018,2018-05-05,8,2,13,2,Bat,2,21,0,208,187,Raven Wilson,Tracy Whitney,James Brown,Rainy,Fresh,13622
745,2015,2015-05-23,10,8,16,8,Bat,10,0,0,125,125,Darren Smith,Michelle Clayton,Mark Lucas,Humid,Worn,23789
746,2023,2023-05-31,5,7,9,5,Bat,5,25,0,144,119,Stacey Adkins,Patricia Allen,Eric Smith,Rainy,Fresh,18178
747,2017,2017-04-30,4,6,7,6,Bat,6,5,0,186,181,Hayden Yang,Judith Perry,Ryan Smith,Rainy,Worn,22530
748,2019,2019-05-12,10,5,2,10,Field,5,0,0,163,163,Sara Baker,Ryan Rich,Lauren Bradley,Humid,Fresh,45434
749,2019,2019-05-03,10,8,6,8,Field,8,0,3,194,173,Lisa Sharp,Patrick Flores,Andrea Perry,Clear,Dusty,67387
750,2009,2009-05-31,1,4,19,1,Field,1,0,4,217,177,Edward Bell,Kristy Woods,Brian Hill,Cloudy,Worn,20354
751,2011,2011-04-12,6,9,20,6,Bat,9,0,0,179,179,Shaun Todd,Scott Reilly,Julia Wiley,Rainy,Dusty,10542
752,2021,2021-04-26,7,6,14,6,Bat,6,26,0,178,152,Ryan Burke,Barbara Jones,Wyatt Evans,Rainy,Fresh,43545
753,2021,2021-05-15,4,6,5,6,Field,6,0,7,247,163,Matthew Osborne,James Lee,James Gallagher,Cloudy,Worn,17345
754,2020,2020-05-04,8,3,13,8,Bat,3,0,0,162,162,John Griffin,Christine Gonzales,Melissa Marquez,Rainy,Dusty,11290
755,2022,2022-04-06,4,1,2,1,Field,4,0,0,145,145,Susan Thomas,Jonathan Meyer,Jessica Mendez,Humid,Used,12202
756,2015,2015-05-01,2,6,19,6,Bat,2,0,0,202,202,Timothy Juarez,Raymond Williams,Brianna Juarez,Clear,Used,15351
757,2020,2020-05-25,6,5,17,6,Bat,5,0,0,170,170,James Johnson,Charlotte Adams,Robin Stephens,Rainy,Fresh,25949
758,2017,2017-04-03,3,5,15,5,Bat,3,0,0,125,125,Deborah Martinez,Mr. Patrick Phillips,Evelyn Figueroa,Clear,Worn,35935
759,2014,2014-04-14,6,8,5,6,Field,6,0,8,224,136,Joshua Berry,Theresa Cole,Diana Vincent,Cloudy,Dusty,21604
760,2020,2020-05-30,6,5,17,6,Field,5,0,0,121,121,Robin Robinson,Suzanne Burgess,Scott Ortega,Cloudy,Used,24974
761,2017,2017-05-02,9,4,19,9,Bat,9,75,0,197,122,Jennifer Patton,Jessica Simon,Jennifer Johnson,Clear,Worn,20393
762,2023,2023-04-24,6,10,10,6,Field,10,0,0,187,187,Sheila Hayes,Leslie Charles,Robert Martinez,Cloudy,Dusty,59713
763,2022,2022-04-02,10,5,2,10,Bat,10,91,0,132,41,Brent Martin,Kristina Adams,Morgan Green,Humid,Fresh,29361
764,2016,2016-05-25,4,8,11,4,Bat,8,0,0,209,209,Kimberly Alvarez PhD,Terry Douglas,Tyrone Coleman,Rainy,Fresh,12515
765,2010,2010-04-30,6,7,12,6,Bat,6,96,0,126,30,Lisa Barton,Heather Lane,Alexandra Nicholson,Cloudy,Fresh,14863
766,2014,2014-05-30,3,1,1,1,Bat,3,0,0,174,174,Michele Moore,Wayne Turner,Dean Paul,Rainy,Fresh,43403
767,2017,2017-04-01,6,1,10,1,Bat,1,71,0,122,51,Lindsey Lucas,Katrina Martinez,Damon Jackson,Clear,Used,56506
768,2022,2022-05-08,9,3,2,3,Bat,9,0,0,143,143,Brandon Michael,Katherine Gardner,Crystal Davidson,Rainy,Fresh,26843
769,2008,2008-05-04,4,8,8,4,Field,8,0,0,130,130,Kelsey Mitchell,Alexandra Cook,Jasmine Guerra,Humid,Dusty,65242
770,2009,2009-04-01,8,10,10,10,Bat,10,50,0,131,81,James Perez,James Crosby,Jeffrey Fisher,Clear,Worn,52092
771,2017,2017-05-20,6,4,13,4,Field,4,0,7,246,176,Timothy Wright,Robert Martinez,Michael Wallace,Humid,Worn,31787
772,2011,2011-05-09,8,7,19,7,Bat,7,28,0,159,131,Jennifer Williams,Danielle Ayers,David Montgomery,Humid,Fresh,10254
773,2020,2020-05-28,8,3,11,3,Field,3,0,6,225,189,Richard Parker,Jason Garcia,Linda Morgan,Rainy,Dusty,26783
774,2019,2019-04-28,7,8,10,7,Bat,7,48,0,132,84,Luke Keith,Terry Ruiz,Timothy Ayers,Cloudy,Used,35003
775,2009,2009-05-06,2,6,17,6,Field,2,0,0,125,125,Christopher Moon,Lauren Spears,Jeremy Wright,Cloudy,Fresh,48143
776,2015,2015-05-27,1,4,5,4,Bat,4,83,0,216,133,Michael James,Mercedes Arroyo,Jessica Rogers,Clear,Used,21191
777,2011,2011-04-23,6,10,9,10,Bat,10,30,0,195,165,Beverly Bryant,Sarah Hunter,Daniel Stark,Clear,Dusty,20916
778,2017,2017-05-19,9,3,13,9,Bat,3,0,0,188,188,Jesse Jones,Troy Contreras,Jose Mitchell,Cloudy,Dusty,69018
779,2009,2009-05-11,4,10,12,4,Bat,4,1,0,139,138,Bobby Day,Joshua Foster,Kayla Martin,Clear,Fresh,29365
780,2009,2009-05-01,8,6,5,6,Field,6,0,5,213,153,Jacqueline Freeman,Linda Kramer MD,Joseph Cobb,Humid,Dusty,14817
781,2017,2017-05-22,9,7,15,7,Bat,7,68,0,205,137,Brad Turner,Nicholas Jackson,Jordan Andersen,Clear,Worn,37245
782,2010,2010-05-08,8,2,4,8,Bat,8,28,0,180,152,Christine Smith,Jeff Garcia,Stacey Ingram,Clear,Fresh,27880
783,2013,2013-04-30,6,7,16,6,Field,6,0,7,262,192,Barry Stevens,Mark Huynh,Alex Burns,Clear,Dusty,20741
784,2011,2011-04-12,8,6,1,6,Field,6,0,4,238,214,Scott Campbell,Sean Grant,Laura Jackson,Cloudy,Worn,36171
785,2009,2009-05-20,6,5,8,5,Field,5,0,5,183,123,Charles Brown,David Bryant,Michael Henderson,Cloudy,Used,44872
786,2014,2014-04-28,10,1,13,10,Field,10,0,1,202,192,Gary Thompson,Billy Hamilton,Debra Harris,Rainy,Used,71492
787,2011,2011-05-15,7,8,7,7,Bat,7,72,0,160,88,Linda Ortiz,Robert Gillespie,Jonathan Thompson,Humid,Dusty,13283
788,2022,2022-04-07,9,7,11,7,Field,7,0,4,219,179,Tara Thomas,Lisa Williams,Sandy West,Humid,Dusty,44102
789,2011,2011-04-24,5,3,19,3,Bat,5,0,0,139,139,Travis Sanchez,Shannon Lee,Misty Diaz,Rainy,Fresh,21157
790,2011,2011-05-10,4,5,13,5,Bat,5,52,0,189,137,Brittney French,Marie Torres,Timothy Fowler,Rainy,Fresh,42656
791,2011,2011-04-14,5,3,12,3,Field,3,0,6,203,131,Andrew Jones,Julia Farmer,Morgan Terrell,Humid,Used,28463
792,2017,2017-04-20,6,2,16,6,Bat,2,0,0,132,132,David Shah,Tammy Brown,Amanda Brewer,Rainy,Fresh,17388
793,2011,2011-04-20,2,1,15,1,Field,1,0,6,212,146,John Conrad,John Davis,Sean Harper,Clear,Fresh,11963
794,2019,2019-04-24,6,1,3,6,Field,6,0,9,266,167,Jeffrey Dalton,Matthew Douglas,Madeline Stevens,Humid,Used,32899
795,2022,2022-05-01,8,9,1,9,Bat,9,32,0,132,100,Mark Turner,Kristin Smith,Lauren Jones,Clear,Worn,43668
796,2019,2019-04-27,5,9,3,5,Field,9,0,0,176,176,Michael Duarte,Mitchell Barker,Steven Vargas,Cloudy,Used,25320
797,2015,2015-04-10,10,9,10,9,Bat,9,38,0,214,176,Joseph Little,Tammy Perry,Veronica Bond,Humid,Worn,60606
798,2014,2014-05-18,10,1,2,10,Field,10,0,8,185,137,Michael Hubbard,Jerry Soto,Teresa Rios,Cloudy,Fresh,29690
799,2019,2019-04-05,4,2,3,2,Field,4,0,0,122,122,Ronald Gomez,Theresa Benson,Timothy Soto,Clear,Fresh,36254
800,2012,2012-05-16,9,6,1,6,Field,6,0,5,183,143,Scott Martin,Barbara Decker,Christine Alexander,Cloudy,Dusty,11694
